"gene_ID"	"gene_qvalue"	"minimal_tx_qvalue"	"number_tx"	"number_significant_tx"	"max(Basal_UK_72hpi_child_Infected-Basal_UK_72hpi_adult_Infected)"	"pct_gene_expr"	"max_pct_tx_expr"
"ENSG00000142327"	"ENSG00000142327"	2.3914326541213e-05	0	2	2	-0.783049703246725	1	0.833333333333333
"ENSG00000130024"	"ENSG00000130024"	0.00014952161070735	0	2	2	0.681634475660183	1	1
"ENSG00000168876"	"ENSG00000168876"	0.0233900857818126	0	2	2	-0.680749077524129	1	0.666666666666667
"ENSG00000224616"	"ENSG00000224616"	0.000387026736158869	0	2	2	-0.666553980880702	1	0.833333333333333
"ENSG00000174021"	"ENSG00000174021"	3.10098956560201e-217	0	2	2	-0.654758743553338	1	1
"ENSG00000198483"	"ENSG00000198483"	0.000428230693975815	0	2	2	-0.653252540298019	1	1
"ENSG00000108468"	"ENSG00000108468"	5.7564823001952e-09	0	2	2	0.627561548538974	1	1
"ENSG00000131203"	"ENSG00000131203"	7.23842048186037e-21	0	2	2	-0.577117069106449	1	1
"ENSG00000119922"	"ENSG00000119922"	3.54308612993973e-34	0	2	2	-0.571708367981389	1	1
"ENSG00000143164"	"ENSG00000143164"	0.0418309859147963	0	2	2	-0.525892608046193	0.833333333333333	0.833333333333333
"ENSG00000055211"	"ENSG00000055211"	1.21728518919172e-06	0	2	2	0.471167242409222	1	1
"ENSG00000083535"	"ENSG00000083535"	6.3267467832538e-07	0	2	2	0.454953200754103	1	1
"ENSG00000001497"	"ENSG00000001497"	0.0292808029828946	0	2	2	0.440415072989487	1	0.833333333333333
"ENSG00000197746"	"ENSG00000197746"	0.000170873337882537	0	2	2	0.414611507310398	1	1
"ENSG00000102554"	"ENSG00000102554"	0.000112316462539132	0	2	2	0.407708988262558	1	1
"ENSG00000181458"	"ENSG00000181458"	0.01120102152657	0	2	2	-0.391495961648725	1	1
"ENSG00000168077"	"ENSG00000168077"	0.0228636938365426	0	2	2	0.365282905936805	1	1
"ENSG00000156508"	"ENSG00000156508"	3.42090899414917e-294	0	2	2	-0.350671767838435	1	1
"ENSG00000143294"	"ENSG00000143294"	0.00269185443175719	0	2	2	-0.346441212675056	1	1
"ENSG00000178741"	"ENSG00000178741"	6.07542582488002e-37	0	2	2	0.339850033132434	1	1
"ENSG00000013275"	"ENSG00000013275"	3.96840921941647e-11	0	2	2	0.300880423587789	1	1
"ENSG00000110841"	"ENSG00000110841"	0.00905607321129757	0	2	2	0.294933231899027	1	1
"ENSG00000130592"	"ENSG00000130592"	0.0292364962515793	0	2	2	0.273980430745392	1	1
"ENSG00000141232"	"ENSG00000141232"	3.45321453688133e-07	0	2	2	0.272317309520621	1	1
"ENSG00000198843"	"ENSG00000198843"	0.0178474628961131	0	2	2	0.254647214036636	1	1
"ENSG00000126602"	"ENSG00000126602"	0.000801674599592766	0	2	2	-0.245505635238608	1	1
"ENSG00000126254"	"ENSG00000126254"	0.0345006576753194	0	2	2	0.245085245460411	1	1
"ENSG00000085117"	"ENSG00000085117"	1.34991203209002e-08	0	2	2	-0.244170953114133	1	1
"ENSG00000165775"	"ENSG00000165775"	0.00535606122926574	0	2	2	0.240327278123981	1	1
"ENSG00000155959"	"ENSG00000155959"	0.00192883907740986	0	2	2	0.230054040479457	1	1
"ENSG00000132341"	"ENSG00000132341"	1.41972301899558e-26	0	2	2	0.219755614310453	1	1
"ENSG00000184924"	"ENSG00000184924"	5.7564823001952e-09	0	2	2	-0.207208614768967	1	1
"ENSG00000153485"	"ENSG00000153485"	0.00931598181560742	0	2	2	-0.206885761197306	1	1
"ENSG00000183520"	"ENSG00000183520"	0.033313520416327	0	2	2	0.197095689898612	1	1
"ENSG00000160201"	"ENSG00000160201"	0.011162590210362	0	2	2	0.185737790412736	1	1
"ENSG00000173113"	"ENSG00000173113"	4.92953381665186e-09	0	2	2	-0.181141677695178	1	1
"ENSG00000117984"	"ENSG00000117984"	4.09995468575154e-12	0	2	2	-0.169273958422279	1	1
"ENSG00000242372"	"ENSG00000242372"	6.04668866528138e-05	0	2	2	-0.160117966217638	1	1
"ENSG00000131871"	"ENSG00000131871"	0.000988359693594658	0	2	2	-0.158081522168817	1	1
"ENSG00000163902"	"ENSG00000163902"	0.0142224488324297	0	2	2	-0.156789506177591	1	1
"ENSG00000174780"	"ENSG00000174780"	0.0204362352813238	0	2	2	0.150834831129287	1	1
"ENSG00000171421"	"ENSG00000171421"	0.0486075005799078	0	2	2	-0.138664847076233	1	1
"ENSG00000132002"	"ENSG00000132002"	7.19076885228645e-07	0	2	2	-0.136306090823901	1	1
"ENSG00000198668"	"ENSG00000198668"	0.0434923992955479	0	2	2	0.13141040123557	1	1
"ENSG00000174564"	"ENSG00000174564"	0.00699413736143309	0	2	2	0.129714180303557	1	1
"ENSG00000173992"	"ENSG00000173992"	0.00814799906896263	0	2	2	0.125478684310912	1	1
"ENSG00000120725"	"ENSG00000120725"	0.0335417158010763	0	2	2	-0.12510737350554	1	1
"ENSG00000167644"	"ENSG00000167644"	1.84216634974323e-06	0	2	2	-0.103210509920605	1	1
"ENSG00000091640"	"ENSG00000091640"	0.0189188581259954	0	2	2	0.10199111396406	1	1
"ENSG00000118418"	"ENSG00000118418"	0.000418301831062062	0	2	2	0.0999752415848864	1	1
"ENSG00000155957"	"ENSG00000155957"	0.0442023476714187	0	2	2	0.0935118916106073	1	1
"ENSG00000144713"	"ENSG00000144713"	8.73714638161434e-49	0	2	2	0.0913292675957894	1	1
"ENSG00000205323"	"ENSG00000205323"	0.0158211318351543	0	2	2	-0.086354753297383	1	1
"ENSG00000185627"	"ENSG00000185627"	0.0059812819393175	0	2	2	-0.0814707802390201	1	1
"ENSG00000206075"	"ENSG00000206075"	0.00019273789966269	0	2	2	-0.0743611814126939	1	1
"ENSG00000140319"	"ENSG00000140319"	0.000215605230213187	0	2	2	-0.0738838612082677	1	1
"ENSG00000100220"	"ENSG00000100220"	0.0394926573952465	0	2	2	-0.0724100530332893	1	1
"ENSG00000159199"	"ENSG00000159199"	0.0112282220035349	0	2	2	-0.0530565528311072	1	1
"ENSG00000219200"	"ENSG00000219200"	0.0251066241244845	0	2	2	0.0525048979316518	1	1
"ENSG00000165272"	"ENSG00000165272"	1.41604896694203e-12	0	2	2	0.0492115141345096	1	1
"ENSG00000178952"	"ENSG00000178952"	1.14211416938582e-05	0	2	2	0.0455614959837443	1	1
"ENSG00000118181"	"ENSG00000118181"	0.0166207032377303	0	2	2	-0.0444390409426239	1	1
"ENSG00000186081"	"ENSG00000186081"	0.028102240094094	0	2	2	0.0428907043103029	1	1
"ENSG00000089157"	"ENSG00000089157"	5.47776246453264e-07	0	2	2	-0.0338614794455552	1	1
"ENSG00000116251"	"ENSG00000116251"	0.00484314425494793	0	2	2	-0.0331536421982458	1	1
"ENSG00000111640"	"ENSG00000111640"	0.00141017698664543	0	2	2	0.0274324924093012	1	1
"ENSG00000131981"	"ENSG00000131981"	1.89795561064816e-06	0	2	2	0.0271797157555447	1	1
"ENSG00000265681"	"ENSG00000265681"	1.98594568500979e-10	0	2	2	0.0263407741229981	1	1
"ENSG00000142676"	"ENSG00000142676"	1.47448996897653e-05	0	2	2	0.0253297667510409	1	1
"ENSG00000171345"	"ENSG00000171345"	1.05883507273923e-10	0	2	2	-0.0201496202427755	1	1
"ENSG00000196754"	"ENSG00000196754"	3.42090899414917e-294	4.15226843842022e-220	4	1	0.801848202304497	1	1
"ENSG00000089356"	"ENSG00000089356"	5.4642797204643e-179	2.29500948883969e-167	3	2	-0.514136045293067	1	1
"ENSG00000167996"	"ENSG00000167996"	4.07137111513018e-156	1.43922876157572e-159	4	2	0.377543134672642	1	1
"ENSG00000122026"	"ENSG00000122026"	3.42090899414917e-294	8.90276031209308e-139	3	1	0.387603232715937	1	1
"ENSG00000165949"	"ENSG00000165949"	2.60105820821746e-110	4.09938390321793e-98	3	2	-0.229384729136717	1	1
"ENSG00000130429"	"ENSG00000130429"	2.24438828659261e-127	9.2436553368784e-97	4	1	0.427961574959907	1	1
"ENSG00000241468"	"ENSG00000241468"	8.18614387852668e-150	1.1363657632641e-85	3	1	0.495260679807946	1	1
"ENSG00000149273"	"ENSG00000149273"	3.42090899414917e-294	1.42246794079026e-81	6	1	-0.988279148092981	1	1
"ENSG00000114942"	"ENSG00000114942"	3.45105023587868e-142	6.3421671927043e-78	3	1	-0.209168476612013	1	1
"ENSG00000165637"	"ENSG00000165637"	1.31043375755182e-106	7.74812483683564e-69	3	1	-0.537487612606097	1	1
"ENSG00000173812"	"ENSG00000173812"	1.37670667834645e-77	1.59356812199412e-66	4	1	-0.289917227521886	1	1
"ENSG00000204387"	"ENSG00000204387"	3.42149623982441e-84	5.34314571295688e-59	4	1	0.702382600455844	1	1
"ENSG00000168003"	"ENSG00000168003"	2.0160569651418e-80	4.06398155838924e-56	4	1	0.648866481693533	1	1
"ENSG00000174748"	"ENSG00000174748"	3.42090899414917e-294	4.17758869427811e-50	5	1	-0.818343184454808	1	1
"ENSG00000197728"	"ENSG00000197728"	3.81734361192031e-43	2.06994418247242e-45	3	2	-0.890887435666809	1	1
"ENSG00000163931"	"ENSG00000163931"	1.62871115723807e-55	1.17380985253528e-44	3	2	-0.355259925271342	1	1
"ENSG00000143198"	"ENSG00000143198"	4.19594934425521e-104	5.65249878303248e-43	4	1	-0.457945871889609	1	1
"ENSG00000067225"	"ENSG00000067225"	3.03612819813308e-115	1.15584264701743e-41	4	1	0.350386717334443	1	1
"ENSG00000120256"	"ENSG00000120256"	1.29213594577586e-41	9.97652760163267e-38	3	1	-0.762413469970149	1	1
"ENSG00000157601"	"ENSG00000157601"	3.64567115692288e-113	6.04978435196722e-37	7	1	0.442183183666375	1	1
"ENSG00000129235"	"ENSG00000129235"	2.24523529012446e-55	1.57882802161821e-34	4	1	-0.813880487468567	1	1
"ENSG00000150753"	"ENSG00000150753"	6.58079640083968e-63	2.18350033701938e-34	3	1	0.498646014165546	1	1
"ENSG00000158373"	"ENSG00000158373"	3.08338904608437e-50	8.41182867896485e-34	5	1	0.897217995622218	1	0.833333333333333
"ENSG00000189403"	"ENSG00000189403"	4.92701461886523e-125	1.15662431151855e-32	6	1	0.506616235183755	1	1
"ENSG00000101608"	"ENSG00000101608"	1.05656007437835e-109	2.50089001097888e-31	6	2	-0.656759970744705	1	1
"ENSG00000122644"	"ENSG00000122644"	1.50496646070469e-26	1.34396264097927e-27	5	3	-0.551290923423833	1	1
"ENSG00000164733"	"ENSG00000164733"	5.00497672331908e-75	5.58370345647598e-26	5	1	-0.589811622399735	1	1
"ENSG00000109861"	"ENSG00000109861"	1.9430165949711e-45	2.91733489354648e-25	3	1	0.287854459779072	1	1
"ENSG00000108848"	"ENSG00000108848"	5.49952781752383e-24	3.75941329110477e-25	3	1	-0.660431139994075	1	1
"ENSG00000093010"	"ENSG00000093010"	6.84840218053391e-47	1.22261805874971e-22	5	1	0.819587290854494	1	1
"ENSG00000150779"	"ENSG00000150779"	1.55627160042805e-18	3.53977993346577e-21	4	4	-0.549089190608678	1	1
"ENSG00000160180"	"ENSG00000160180"	3.09528857101482e-46	7.22319543344419e-21	3	1	0.447014761900139	1	1
"ENSG00000070756"	"ENSG00000070756"	5.31304093107993e-101	2.6697912014455e-19	4	1	-0.550256982207058	1	1
"ENSG00000079462"	"ENSG00000079462"	4.07631997387303e-53	3.40002201586228e-19	4	1	-0.624942407897496	1	1
"ENSG00000110958"	"ENSG00000110958"	1.21009893399939e-42	6.62283297175863e-19	5	1	-0.406281027973352	1	1
"ENSG00000089127"	"ENSG00000089127"	6.43888648148534e-22	1.19322907827132e-18	6	2	-0.418714357052309	1	1
"ENSG00000170477"	"ENSG00000170477"	2.65348183902915e-36	2.05449571769874e-18	5	1	0.199373384074748	1	1
"ENSG00000078668"	"ENSG00000078668"	9.70408776134863e-35	3.21619140840657e-18	3	1	-0.442645497281417	1	1
"ENSG00000185825"	"ENSG00000185825"	9.48077825385483e-41	6.67515699361275e-18	4	1	-0.437434736538008	1	1
"ENSG00000185650"	"ENSG00000185650"	1.62804316145521e-31	9.44295472462451e-18	4	1	0.685391083456091	1	1
"ENSG00000142192"	"ENSG00000142192"	1.76395616475452e-36	1.86454568950255e-17	8	1	0.371269891354864	1	1
"ENSG00000230937"	"ENSG00000230937"	1.41099044017556e-61	3.53347917114235e-17	8	1	-0.236720836840044	1	1
"ENSG00000100129"	"ENSG00000100129"	6.12539061295585e-31	5.58113071582722e-16	5	2	-0.33084953478022	1	1
"ENSG00000166803"	"ENSG00000166803"	2.07959426252647e-19	9.77818948665892e-16	5	1	0.670443479720384	1	1
"ENSG00000173272"	"ENSG00000173272"	1.99507443989439e-39	1.07090647011673e-15	3	1	-0.31855367233956	1	1
"ENSG00000159377"	"ENSG00000159377"	1.38439261398257e-36	2.68645628458783e-15	3	1	0.488096192831126	1	1
"ENSG00000111639"	"ENSG00000111639"	3.54606197385337e-233	4.85428257457943e-15	4	1	0.885927162076417	1	1
"ENSG00000243955"	"ENSG00000243955"	1.6006578510066e-44	5.23507553245919e-14	3	1	-0.317703189713385	1	1
"ENSG00000168259"	"ENSG00000168259"	2.50830904396238e-12	7.9888077208873e-14	3	2	-0.552594516225259	1	1
"ENSG00000173848"	"ENSG00000173848"	1.04892733386008e-23	1.05961858033219e-13	3	1	0.668684118666001	1	1
"ENSG00000167136"	"ENSG00000167136"	3.73727145722394e-18	1.52264322449297e-13	3	1	0.432859990478895	1	1
"ENSG00000113648"	"ENSG00000113648"	1.16908255100793e-12	1.58183858928969e-13	6	1	0.192521061809207	1	1
"ENSG00000260916"	"ENSG00000260916"	4.3316039551138e-12	2.33122094117435e-13	3	2	0.579382171331298	1	1
"ENSG00000163634"	"ENSG00000163634"	2.45675044563368e-23	2.49626906709429e-13	4	1	-0.580310754443152	1	1
"ENSG00000138777"	"ENSG00000138777"	6.02583812584459e-18	3.7398173475359e-13	4	1	-0.638297415190322	1	1
"ENSG00000197446"	"ENSG00000197446"	4.02930924081554e-31	6.54748350213863e-13	12	1	-0.227183568741057	1	1
"ENSG00000258289"	"ENSG00000258289"	3.68255709252882e-11	1.35735457841517e-12	4	3	-0.572848982941543	1	1
"ENSG00000141741"	"ENSG00000141741"	4.08919334803193e-11	1.76207072749028e-11	3	2	-0.223811212119439	1	1
"ENSG00000169567"	"ENSG00000169567"	1.52964617533372e-37	2.65266248869229e-11	5	1	0.610256410285797	1	1
"ENSG00000146072"	"ENSG00000146072"	3.16818481565977e-17	2.98930091838372e-11	3	1	0.648610389325354	1	1
"ENSG00000136827"	"ENSG00000136827"	1.04505150436551e-10	3.18988700461592e-11	4	1	0.682077474933549	1	1
"ENSG00000050405"	"ENSG00000050405"	4.04625848990109e-21	3.32360937960492e-11	5	1	-0.509204982164705	1	1
"ENSG00000198736"	"ENSG00000198736"	2.19118000560691e-14	4.61222471561846e-11	3	1	-0.53429947961589	1	1
"ENSG00000177989"	"ENSG00000177989"	5.06056895850519e-15	6.41594489674291e-11	6	2	0.322615627587322	1	1
"ENSG00000134851"	"ENSG00000134851"	8.90509087145059e-10	6.48659813336322e-11	3	2	-0.268017647615995	1	1
"ENSG00000067082"	"ENSG00000067082"	3.45195273166019e-14	6.93732791019939e-11	4	2	-0.635552874202146	1	1
"ENSG00000173039"	"ENSG00000173039"	1.45200047914856e-12	9.72775166058035e-11	3	1	0.755797218883356	1	1
"ENSG00000135968"	"ENSG00000135968"	1.51733144187532e-19	1.00446792548904e-10	7	1	0.447692743893547	1	1
"ENSG00000120992"	"ENSG00000120992"	2.00877180615598e-43	1.12536531184634e-10	5	1	-0.43778423608302	1	1
"ENSG00000184983"	"ENSG00000184983"	6.04781563677539e-10	1.23026367021151e-10	3	2	-0.302475411280876	1	1
"ENSG00000171314"	"ENSG00000171314"	7.0740748130041e-55	2.12734856205063e-10	4	1	-0.207101741986697	1	1
"ENSG00000127022"	"ENSG00000127022"	1.24584153809803e-18	2.37602803124144e-10	5	1	-0.50783993005969	1	1
"ENSG00000042753"	"ENSG00000042753"	8.55135868782344e-10	2.62099140164726e-10	3	1	-0.208710549483495	1	1
"ENSG00000089693"	"ENSG00000089693"	5.97166300608625e-13	2.77965716262299e-10	3	1	-0.949990693160398	1	0.833333333333333
"ENSG00000172037"	"ENSG00000172037"	6.19814726357401e-26	4.78373421468677e-10	4	1	0.585987807501496	1	0.833333333333333
"ENSG00000135766"	"ENSG00000135766"	6.1092103842965e-11	4.92016681144276e-10	4	1	-0.830692151185303	1	0.666666666666667
"ENSG00000143633"	"ENSG00000143633"	5.58102702886178e-13	6.96002595401178e-10	4	1	-0.573875778835646	1	1
"ENSG00000104687"	"ENSG00000104687"	6.25245171945503e-11	9.74410275957033e-10	4	1	0.730266355075338	1	1
"ENSG00000198830"	"ENSG00000198830"	1.51772207827159e-57	1.08333398979706e-09	6	4	-0.806788130399692	1	1
"ENSG00000070010"	"ENSG00000070010"	2.05618026981066e-08	1.760397633261e-09	3	2	0.336233711465322	1	1
"ENSG00000186591"	"ENSG00000186591"	2.79404166609486e-11	2.5204649645921e-09	3	1	0.695836148434173	1	1
"ENSG00000167757"	"ENSG00000167757"	3.47536848268447e-15	2.65165715987416e-09	6	2	0.237317648367607	1	1
"ENSG00000137274"	"ENSG00000137274"	1.40848066186091e-12	3.03855894520962e-09	5	1	-0.737591801540829	1	0.833333333333333
"ENSG00000067064"	"ENSG00000067064"	2.30411843763558e-14	3.08352240139568e-09	4	1	-0.383234181516984	1	1
"ENSG00000068796"	"ENSG00000068796"	5.90984139394111e-13	3.11610245456484e-09	6	1	-0.71963256907051	1	0.833333333333333
"ENSG00000120438"	"ENSG00000120438"	1.36719327786398e-25	3.17199985480185e-09	4	1	0.447252010984028	1	1
"ENSG00000134825"	"ENSG00000134825"	1.53640273568841e-11	4.6124064056258e-09	4	1	-0.932281502313611	1	0.833333333333333
"ENSG00000101361"	"ENSG00000101361"	1.52080676228178e-07	7.18063441287524e-09	3	2	0.44303787679396	1	1
"ENSG00000115310"	"ENSG00000115310"	2.70683734442501e-37	1.40109248741717e-08	4	1	-0.265946969393423	1	1
"ENSG00000152642"	"ENSG00000152642"	1.83619751145105e-09	1.55639804020862e-08	3	1	0.800797398747604	1	1
"ENSG00000159202"	"ENSG00000159202"	1.85446299689561e-15	1.97207750088715e-08	4	1	0.667906976043226	1	1
"ENSG00000173171"	"ENSG00000173171"	2.63190271400633e-10	2.26515518802799e-08	4	2	0.506440472549574	1	1
"ENSG00000112110"	"ENSG00000112110"	8.18793442027505e-19	2.32775886980552e-08	3	1	0.291874252693528	1	1
"ENSG00000179262"	"ENSG00000179262"	3.98430302550417e-11	2.47672495971413e-08	3	1	0.185712904453332	1	1
"ENSG00000167165"	"ENSG00000167165"	4.98608802477243e-08	2.64465758594375e-08	3	1	-0.782875438915585	1	1
"ENSG00000155438"	"ENSG00000155438"	8.54146969982261e-14	2.86434211902533e-08	4	1	-0.48345103012246	1	1
"ENSG00000041357"	"ENSG00000041357"	3.9629439883518e-21	3.48523329147543e-08	4	1	-0.667245989389026	1	1
"ENSG00000115963"	"ENSG00000115963"	1.95509171153029e-06	3.6764952258253e-08	5	1	-0.248090058302481	1	1
"ENSG00000055044"	"ENSG00000055044"	3.00133955582386e-18	3.69901095880795e-08	4	1	0.460055445686115	1	1
"ENSG00000104660"	"ENSG00000104660"	6.29893519289531e-13	5.05993164508995e-08	3	1	0.935117033179411	1	0.833333333333333
"ENSG00000023572"	"ENSG00000023572"	5.18456454480211e-08	7.64137802370807e-08	3	1	0.427869059826606	1	1
"ENSG00000051620"	"ENSG00000051620"	7.56547016122346e-07	7.76135237543053e-08	3	1	-0.196459906311185	1	1
"ENSG00000146540"	"ENSG00000146540"	3.15917902754479e-17	7.9337215488052e-08	3	1	-0.371479270568886	1	1
"ENSG00000243989"	"ENSG00000243989"	4.63325368859495e-08	8.00887248131956e-08	3	1	-0.683952577538612	1	1
"ENSG00000084090"	"ENSG00000084090"	8.61686897512585e-15	1.28361238564291e-07	3	1	-0.666275827013201	1	1
"ENSG00000124570"	"ENSG00000124570"	5.06384958838777e-08	1.31950929496608e-07	7	1	0.2939724017319	1	1
"ENSG00000107372"	"ENSG00000107372"	5.14987323827541e-12	1.32472011171425e-07	4	1	-0.393142534941606	1	1
"ENSG00000129625"	"ENSG00000129625"	4.02173790506759e-29	1.57392623256234e-07	3	1	-0.286199540590295	1	1
"ENSG00000132424"	"ENSG00000132424"	9.63988923639271e-58	1.71798659155391e-07	10	1	0.635801243566066	1	1
"ENSG00000154080"	"ENSG00000154080"	5.87844720842214e-07	1.83021269233468e-07	3	2	-0.413699701624657	1	1
"ENSG00000127554"	"ENSG00000127554"	4.02932059257188e-07	2.67540651952169e-07	3	1	-0.759997439347152	1	1
"ENSG00000105281"	"ENSG00000105281"	2.53688767928588e-10	2.7315376934068e-07	5	1	-0.390850215110117	1	1
"ENSG00000109180"	"ENSG00000109180"	2.77459700589437e-07	2.89413844027613e-07	3	1	-0.195687936597222	1	1
"ENSG00000146731"	"ENSG00000146731"	2.44407042582156e-19	2.94197741637562e-07	3	1	-0.392069622053966	1	1
"ENSG00000087077"	"ENSG00000087077"	3.20160147019086e-16	3.2127993499979e-07	5	1	0.201450890948341	1	1
"ENSG00000135387"	"ENSG00000135387"	2.7658673069472e-06	3.93701081658074e-07	3	2	-0.402668302560952	1	1
"ENSG00000182220"	"ENSG00000182220"	2.9793399163679e-06	5.04931212089193e-07	6	1	-0.238922052268501	1	1
"ENSG00000132507"	"ENSG00000132507"	1.94430229005572e-19	5.4132658627015e-07	3	1	-0.236696895058936	1	1
"ENSG00000131238"	"ENSG00000131238"	1.41673772819857e-08	5.44455730724609e-07	5	1	0.730156882370803	1	0.666666666666667
"ENSG00000136770"	"ENSG00000136770"	1.24079900432887e-13	6.19450487423378e-07	4	1	0.521751750971733	1	1
"ENSG00000167920"	"ENSG00000167920"	5.89267831180666e-12	1.04344106944933e-06	4	3	0.51845909371815	1	1
"ENSG00000124795"	"ENSG00000124795"	6.94375577549179e-10	1.0564356704836e-06	5	1	-0.535858167590436	1	1
"ENSG00000146457"	"ENSG00000146457"	5.5196713523639e-07	1.17997483038664e-06	6	1	-0.304072830353789	1	1
"ENSG00000136436"	"ENSG00000136436"	2.33895781875796e-07	1.21476102263535e-06	5	1	-0.404555683852269	1	1
"ENSG00000172831"	"ENSG00000172831"	2.28200552407888e-13	1.51884105221332e-06	4	1	-0.603710250526643	1	1
"ENSG00000169228"	"ENSG00000169228"	1.77091928688948e-16	1.57926221559452e-06	5	1	-0.48534474009771	1	1
"ENSG00000067836"	"ENSG00000067836"	4.99291599943113e-18	1.61753856202039e-06	5	1	0.492403788158578	1	1
"ENSG00000175354"	"ENSG00000175354"	9.01574019268092e-17	1.92843422152949e-06	7	1	0.418278847873132	1	1
"ENSG00000128923"	"ENSG00000128923"	1.04446442533424e-08	2.02577852306461e-06	3	1	-0.62499999507153	1	1
"ENSG00000112096"	"ENSG00000112096"	1.09745626039028e-22	2.04701031105847e-06	5	1	0.396899664469177	1	1
"ENSG00000138744"	"ENSG00000138744"	1.34009718343297e-10	2.18206378117541e-06	4	1	-0.696516365237819	1	0.833333333333333
"ENSG00000173085"	"ENSG00000173085"	6.7502943195998e-07	2.58706292448447e-06	3	1	0.463182525808954	1	1
"ENSG00000138069"	"ENSG00000138069"	5.17250683543327e-06	2.80756355998455e-06	4	2	0.261641861270907	1	1
"ENSG00000126581"	"ENSG00000126581"	1.65615370858117e-15	2.84150026162181e-06	5	2	-0.420096129201653	1	1
"ENSG00000119979"	"ENSG00000119979"	3.52452699910562e-06	2.9176256884338e-06	4	2	0.522635024594577	1	1
"ENSG00000019582"	"ENSG00000019582"	1.89117072200382e-06	3.04416499034168e-06	4	1	0.642192185796246	1	1
"ENSG00000160789"	"ENSG00000160789"	1.70291637644775e-20	3.22098815067972e-06	4	1	-0.25095951571331	1	1
"ENSG00000213246"	"ENSG00000213246"	8.71212178371059e-09	3.36531096525418e-06	4	1	0.263595303124756	1	1
"ENSG00000163565"	"ENSG00000163565"	1.95056380199601e-27	4.13342000603095e-06	11	1	0.235892041601935	1	1
"ENSG00000160767"	"ENSG00000160767"	2.82904370747105e-08	4.21154683628444e-06	6	1	0.665780753689456	1	0.833333333333333
"ENSG00000176014"	"ENSG00000176014"	1.98526578184257e-06	4.37283149408499e-06	3	1	-0.278969207060132	1	1
"ENSG00000140416"	"ENSG00000140416"	8.93787849076574e-24	4.38161901155189e-06	5	1	0.443335183493515	1	1
"ENSG00000116212"	"ENSG00000116212"	5.93689440972658e-11	4.94722910959602e-06	7	1	0.312257562827881	1	1
"ENSG00000213145"	"ENSG00000213145"	5.30946964789004e-05	5.18251355547887e-06	4	2	0.240259318023016	1	1
"ENSG00000140395"	"ENSG00000140395"	1.73639118183438e-06	6.02854746400819e-06	3	2	0.259633043849932	1	1
"ENSG00000177030"	"ENSG00000177030"	1.50557057370031e-12	6.62102475195536e-06	7	1	-0.563714868355485	1	1
"ENSG00000160113"	"ENSG00000160113"	9.67941627607809e-68	7.00329436670707e-06	4	1	0.759957145308674	1	0.833333333333333
"ENSG00000107581"	"ENSG00000107581"	1.1163705450166e-08	7.3174709347711e-06	6	1	0.453242705708545	1	1
"ENSG00000167900"	"ENSG00000167900"	8.54067254592917e-08	8.97141463345181e-06	4	1	-0.561184194624493	1	1
"ENSG00000171206"	"ENSG00000171206"	6.10543050345921e-11	9.40629348089448e-06	3	2	-0.916904762749195	1	0.833333333333333
"ENSG00000126653"	"ENSG00000126653"	9.29264272057127e-05	9.50922634258141e-06	5	1	0.403461516304794	1	1
"ENSG00000172785"	"ENSG00000172785"	4.11842514239698e-25	1.01416686871919e-05	8	1	0.372092771027856	1	1
"ENSG00000179094"	"ENSG00000179094"	1.80866302349105e-36	1.06045960226201e-05	9	2	-0.369230769230714	1	1
"ENSG00000130826"	"ENSG00000130826"	4.4145714674092e-10	1.15983474280944e-05	3	1	0.444778109260119	1	1
"ENSG00000039068"	"ENSG00000039068"	4.84378867868492e-10	1.33243840274489e-05	4	1	0.676093383878311	1	1
"ENSG00000108244"	"ENSG00000108244"	1.27653473126087e-17	1.368572157616e-05	4	1	-0.22123251709715	1	1
"ENSG00000070476"	"ENSG00000070476"	7.23573458567161e-05	1.46645403820564e-05	3	2	0.650809253191914	1	1
"ENSG00000130312"	"ENSG00000130312"	0.000121921701264632	1.58089006431448e-05	3	2	-0.217990828095693	1	1
"ENSG00000114638"	"ENSG00000114638"	1.38599543746787e-06	1.62906031891444e-05	3	1	-0.284395847883515	1	1
"ENSG00000186395"	"ENSG00000186395"	2.94209609552415e-12	2.00337963178909e-05	5	1	0.264742203232616	1	1
"ENSG00000131089"	"ENSG00000131089"	8.20982488704309e-08	2.10345663009151e-05	3	1	0.885215514102062	1	0.666666666666667
"ENSG00000131844"	"ENSG00000131844"	4.86634648687429e-10	2.13763715672576e-05	5	1	0.704655097126473	1	1
"ENSG00000079974"	"ENSG00000079974"	1.55627160042805e-18	2.19136215685841e-05	6	1	-0.468999067833448	1	1
"ENSG00000086598"	"ENSG00000086598"	1.33881875043509e-05	2.2264308542013e-05	3	1	0.879642317114024	1	0.833333333333333
"ENSG00000113712"	"ENSG00000113712"	2.11250811916393e-83	2.51615942069461e-05	12	1	0.388163527490265	1	1
"ENSG00000163166"	"ENSG00000163166"	8.63364349942516e-05	2.56072447644792e-05	3	1	-0.287033308968331	1	1
"ENSG00000100219"	"ENSG00000100219"	1.1843066393174e-16	2.64642819648363e-05	4	1	-0.186501729984575	1	1
"ENSG00000139726"	"ENSG00000139726"	2.66299634236715e-06	2.67546473983777e-05	4	1	0.425661122903097	1	1
"ENSG00000170017"	"ENSG00000170017"	1.09384766900992e-10	2.74505558058034e-05	5	1	0.640012678524743	1	1
"ENSG00000092820"	"ENSG00000092820"	1.03984463392105e-15	2.7971433895947e-05	4	2	0.684580729674622	1	1
"ENSG00000068079"	"ENSG00000068079"	0.000238931197162114	2.81581029885641e-05	3	2	-0.222082116454454	1	1
"ENSG00000121067"	"ENSG00000121067"	4.23976863485478e-31	2.9223736684074e-05	11	1	0.585279199543678	1	1
"ENSG00000001630"	"ENSG00000001630"	2.96970238776753e-10	2.97718629535727e-05	4	1	-0.665006494349818	1	0.833333333333333
"ENSG00000155329"	"ENSG00000155329"	2.02397143437937e-06	3.04236562048738e-05	6	1	0.47054526963182	1	1
"ENSG00000068137"	"ENSG00000068137"	2.14320685671016e-06	3.16206658939842e-05	10	1	-0.528305401927772	1	1
"ENSG00000109339"	"ENSG00000109339"	3.3936297057045e-07	3.28257838730062e-05	6	1	0.341060716801864	1	1
"ENSG00000070731"	"ENSG00000070731"	1.89095973474755e-18	3.65421877006129e-05	6	1	-0.433086762451933	1	1
"ENSG00000063854"	"ENSG00000063854"	7.2472608049942e-23	3.95299228344069e-05	4	1	-0.483377113418288	1	1
"ENSG00000074696"	"ENSG00000074696"	1.00841998425315e-06	4.02300681937752e-05	3	1	0.382072979711491	1	1
"ENSG00000125877"	"ENSG00000125877"	4.60809853517524e-17	4.22099841172548e-05	4	1	-0.388843497684317	1	1
"ENSG00000162889"	"ENSG00000162889"	1.85291265971524e-06	4.42484338813471e-05	3	1	-0.854150826784103	1	0.666666666666667
"ENSG00000049449"	"ENSG00000049449"	1.49453051894691e-14	5.17952074477371e-05	3	2	-0.73364317753287	1	1
"ENSG00000227036"	"ENSG00000227036"	7.23573458567161e-05	5.65479773986818e-05	9	1	0.213698333147437	1	1
"ENSG00000183172"	"ENSG00000183172"	6.82725872429522e-12	6.04094203112279e-05	4	2	-0.787206760551367	1	1
"ENSG00000182541"	"ENSG00000182541"	5.18403983174771e-06	6.33235976820885e-05	6	1	0.493380865864507	1	1
"ENSG00000104765"	"ENSG00000104765"	2.5162288471967e-08	7.0160163198397e-05	4	1	-0.434277176232707	1	1
"ENSG00000102024"	"ENSG00000102024"	1.42381231670164e-07	7.44748092099943e-05	3	1	0.437902466904129	1	1
"ENSG00000149084"	"ENSG00000149084"	1.12392866365538e-22	8.35307091658565e-05	4	1	0.449070414358894	1	1
"ENSG00000184432"	"ENSG00000184432"	1.2464398854576e-16	9.57885058503336e-05	5	1	-0.580624005543467	1	1
"ENSG00000176454"	"ENSG00000176454"	4.93176842335427e-09	9.74517735583184e-05	4	1	0.548989153394229	1	1
"ENSG00000155287"	"ENSG00000155287"	5.21589404298253e-12	9.74925563428666e-05	6	1	0.295172922740251	1	1
"ENSG00000180104"	"ENSG00000180104"	2.35782376524683e-09	0.000111434219703717	4	1	-0.852382878170021	1	0.666666666666667
"ENSG00000162772"	"ENSG00000162772"	0.000514538882291367	0.000134589238510637	3	2	0.25969856183222	1	1
"ENSG00000117394"	"ENSG00000117394"	2.50830904396238e-12	0.000138101249256785	3	2	0.632974798408459	1	1
"ENSG00000161243"	"ENSG00000161243"	0.000252629834910106	0.000146932414782631	3	2	0.74952567714897	1	0.833333333333333
"ENSG00000203666"	"ENSG00000203666"	0.000596154887970927	0.000151503023982048	7	1	0.497862920644753	1	1
"ENSG00000136261"	"ENSG00000136261"	6.26390967220756e-19	0.000154171146751846	7	1	0.376472765158	1	1
"ENSG00000203667"	"ENSG00000203667"	1.39244322601284e-07	0.000174895052185403	4	1	-0.562834848692319	1	1
"ENSG00000188243"	"ENSG00000188243"	4.95431276816229e-07	0.000184228723719357	5	1	-0.51709714512266	1	1
"ENSG00000121057"	"ENSG00000121057"	0.00036995529262672	0.000211472448483757	3	1	0.706316638018831	1	1
"ENSG00000198015"	"ENSG00000198015"	0.000118896355298084	0.000221785367126194	3	1	-0.254972003077035	1	1
"ENSG00000127952"	"ENSG00000127952"	7.74953062447518e-11	0.000222734972527245	6	1	-0.483895775061598	1	0.833333333333333
"ENSG00000151239"	"ENSG00000151239"	1.12467415348286e-12	0.000232561638193536	6	1	-0.347319352321996	1	1
"ENSG00000115457"	"ENSG00000115457"	7.22980302512792e-36	0.000234452059281475	8	1	0.212796791055228	1	1
"ENSG00000168310"	"ENSG00000168310"	0.000272951819534112	0.000247793645239834	3	2	-0.33993515888619	1	1
"ENSG00000198355"	"ENSG00000198355"	6.02904005986688e-12	0.000261874487324441	5	1	0.172759054171307	1	1
"ENSG00000111328"	"ENSG00000111328"	6.97845549203813e-23	0.0002865903949845	7	1	-0.341270202925285	1	1
"ENSG00000125844"	"ENSG00000125844"	8.63213184890332e-14	0.000296813514217952	6	1	-0.411029941347272	1	1
"ENSG00000205609"	"ENSG00000205609"	2.91484042421811e-09	0.000316466612776499	3	2	-0.879208413547369	1	1
"ENSG00000159346"	"ENSG00000159346"	9.43431560084105e-09	0.000317103928839242	3	1	0.301692501533274	1	1
"ENSG00000134779"	"ENSG00000134779"	2.47478561999055e-10	0.000333796961036419	9	1	-0.220393458350379	1	1
"ENSG00000196576"	"ENSG00000196576"	8.51390950283032e-17	0.000391596766612201	6	1	-0.569599679721172	1	0.666666666666667
"ENSG00000152763"	"ENSG00000152763"	5.73479000902167e-07	0.000400415089774034	6	1	0.403869931819931	1	1
"ENSG00000115806"	"ENSG00000115806"	2.00330814665796e-07	0.000420917324700039	4	1	-0.532712952160398	1	1
"ENSG00000172239"	"ENSG00000172239"	1.12824268129931e-09	0.000434596660161255	5	1	0.235668010401181	1	1
"ENSG00000180098"	"ENSG00000180098"	1.45194629572525e-05	0.000452300465636361	5	2	-0.314909831160801	1	1
"ENSG00000103145"	"ENSG00000103145"	1.10846255227195e-12	0.000454598260967123	7	1	0.247985033820787	1	1
"ENSG00000150093"	"ENSG00000150093"	4.70972040540583e-22	0.00046334500485332	4	1	0.479846900203258	1	1
"ENSG00000163882"	"ENSG00000163882"	5.81729325489044e-09	0.000496929376142521	6	1	0.34560286014332	1	1
"ENSG00000120925"	"ENSG00000120925"	0.000114881806713686	0.000500431931244556	4	2	0.553797768764238	1	1
"ENSG00000072110"	"ENSG00000072110"	5.34460623241269e-16	0.00051477979279094	4	1	-0.426414910059498	1	1
"ENSG00000147889"	"ENSG00000147889"	8.01863958109285e-14	0.000591513175291275	8	1	-0.174775460100493	1	1
"ENSG00000135951"	"ENSG00000135951"	2.96002332488835e-06	0.000613242310140918	5	1	0.465224981501713	1	1
"ENSG00000101782"	"ENSG00000101782"	6.94941611427832e-28	0.00063880907025493	5	1	0.578645947647693	1	1
"ENSG00000154380"	"ENSG00000154380"	0.0026258620655295	0.000728840893184922	4	1	0.444300439665097	1	1
"ENSG00000107968"	"ENSG00000107968"	2.21313450208699e-12	0.000746864566737688	10	1	0.421440598408569	1	1
"ENSG00000173786"	"ENSG00000173786"	3.46418543450969e-06	0.000766535066689951	5	1	-0.382357896854239	1	1
"ENSG00000173614"	"ENSG00000173614"	0.000833565300735616	0.000770740500183315	3	1	0.4577796289178	1	1
"ENSG00000165102"	"ENSG00000165102"	0.000448013842496185	0.000804250358465338	4	1	0.512422058972188	1	1
"ENSG00000172687"	"ENSG00000172687"	0.00429776364952925	0.00080473556509148	3	2	0.587386578263897	1	1
"ENSG00000121579"	"ENSG00000121579"	1.70327838481085e-08	0.000836003540326854	3	1	-0.615864251140342	1	1
"ENSG00000103197"	"ENSG00000103197"	0.00174460650099846	0.00085421770943834	3	1	0.616499404798713	1	1
"ENSG00000164163"	"ENSG00000164163"	0.00513870596636607	0.000868629199586051	3	2	-0.29852661791208	1	1
"ENSG00000143771"	"ENSG00000143771"	0.00367668486581825	0.000885386904966901	4	1	-0.177541325403241	1	1
"ENSG00000017797"	"ENSG00000017797"	4.82523880779615e-24	0.000912341434416242	4	1	-0.932104314976358	1	0.833333333333333
"ENSG00000068745"	"ENSG00000068745"	1.65522252026797e-12	0.000925226857187088	6	1	-0.203298426294482	1	1
"ENSG00000116521"	"ENSG00000116521"	0.00108251229540943	0.000941945868556868	4	1	-0.755696603367574	1	1
"ENSG00000129071"	"ENSG00000129071"	5.0318014028166e-19	0.000946036801143132	6	1	0.548385158947931	1	0.833333333333333
"ENSG00000167397"	"ENSG00000167397"	0.00829573093156524	0.000948884154738488	5	1	-0.24004348966541	1	1
"ENSG00000120709"	"ENSG00000120709"	0.000973749168194713	0.000965497139573137	3	1	-0.623623978567315	1	0.833333333333333
"ENSG00000073803"	"ENSG00000073803"	0.00359378639550621	0.000969392826992013	3	2	-0.327184747802182	1	1
"ENSG00000160993"	"ENSG00000160993"	9.49921789088917e-06	0.000979441811631436	4	1	0.573515849392847	1	1
"ENSG00000067113"	"ENSG00000067113"	0.00102255770231209	0.000983337106170717	4	1	-0.579627505761636	1	1
"ENSG00000171428"	"ENSG00000171428"	0.000487497520175893	0.00111321054250376	5	1	0.534615198045701	1	0.833333333333333
"ENSG00000106052"	"ENSG00000106052"	7.84289882818848e-23	0.0011234830114931	7	1	0.336130225931934	1	1
"ENSG00000111276"	"ENSG00000111276"	0.000122534546342357	0.00118055247911344	3	1	-0.301917048044157	1	1
"ENSG00000130813"	"ENSG00000130813"	2.98264676471408e-07	0.00118391656749496	5	1	-0.335917514053606	1	1
"ENSG00000115816"	"ENSG00000115816"	2.25984021375659e-11	0.00119466422461906	4	1	0.731591195962613	1	1
"ENSG00000184887"	"ENSG00000184887"	7.85569285132786e-07	0.00132178294024509	4	1	0.838660437172629	1	0.666666666666667
"ENSG00000165671"	"ENSG00000165671"	4.63452319047298e-05	0.0013391456826457	9	1	0.487961054962616	1	1
"ENSG00000167986"	"ENSG00000167986"	1.74367696702768e-09	0.00133989809051102	5	1	-0.308494735949456	1	1
"ENSG00000114850"	"ENSG00000114850"	5.82463547768688e-07	0.00140752892568083	5	2	0.731343279580284	1	1
"ENSG00000244038"	"ENSG00000244038"	0.00761950891432715	0.0014183500646121	3	2	0.196952061323271	1	1
"ENSG00000128951"	"ENSG00000128951"	5.73479000902167e-07	0.00143322232627285	5	1	0.267306300383116	1	1
"ENSG00000213563"	"ENSG00000213563"	9.63014725546028e-06	0.00148361130861486	3	1	0.299999785512637	1	1
"ENSG00000133142"	"ENSG00000133142"	2.75053869003833e-11	0.00150738974094133	5	1	-0.199382437014868	1	1
"ENSG00000161249"	"ENSG00000161249"	0.000218494014011056	0.00150917324812391	7	1	-0.262214247005147	1	1
"ENSG00000166145"	"ENSG00000166145"	2.93627485989879e-20	0.00153131359661836	9	1	-0.276716216980596	1	1
"ENSG00000101294"	"ENSG00000101294"	0.000194426606491338	0.0015323861081082	4	1	-0.179664007903507	1	1
"ENSG00000174628"	"ENSG00000174628"	1.01470421853701e-10	0.00153613691794795	9	1	0.3358584399357	1	1
"ENSG00000102317"	"ENSG00000102317"	0.0027682160093339	0.00156722483339142	4	1	0.238527902700464	1	1
"ENSG00000010244"	"ENSG00000010244"	4.49200621565673e-14	0.0015910048253046	7	1	0.362543489643694	1	1
"ENSG00000100413"	"ENSG00000100413"	7.35145111769864e-05	0.00159969688900832	4	1	0.571234878023994	1	1
"ENSG00000177685"	"ENSG00000177685"	0.0113373384390228	0.00161699772584408	11	1	0.295321641967995	1	1
"ENSG00000167699"	"ENSG00000167699"	0.00585908687048295	0.00163071076579105	3	1	0.297280651364567	1	1
"ENSG00000189376"	"ENSG00000189376"	6.05997057094605e-05	0.0016423615257677	4	1	-0.196975658121438	1	1
"ENSG00000104695"	"ENSG00000104695"	7.8376205510443e-36	0.0016548200393148	4	1	-0.526258048927286	1	1
"ENSG00000119844"	"ENSG00000119844"	0.00124011569888256	0.00168067591204635	5	2	0.480820809244864	1	0.833333333333333
"ENSG00000180398"	"ENSG00000180398"	0.00235209946060879	0.00172484111831716	10	1	-0.312961262491718	1	1
"ENSG00000117335"	"ENSG00000117335"	1.65488492933849e-14	0.00176915937218105	5	1	-0.50414773370642	1	1
"ENSG00000053770"	"ENSG00000053770"	4.71419452950646e-05	0.00179964710004178	4	1	-0.420198539177902	1	1
"ENSG00000132470"	"ENSG00000132470"	1.44001083640085e-27	0.00180705514549256	8	1	0.363401688040793	1	1
"ENSG00000166441"	"ENSG00000166441"	0.00469128255768745	0.00191658068116333	4	2	-0.295184422080695	1	1
"ENSG00000158315"	"ENSG00000158315"	1.3161538460382e-15	0.00191960112099834	4	1	0.413462103736177	1	1
"ENSG00000197641"	"ENSG00000197641"	0.00012549929434103	0.00205603085937951	7	1	-0.334613879601935	1	1
"ENSG00000185551"	"ENSG00000185551"	1.46402327592735e-12	0.00205996233046597	8	1	-0.335887460831692	1	0.833333333333333
"ENSG00000160226"	"ENSG00000160226"	0.00943478478812206	0.00206407552889785	3	2	-0.341926033062542	1	1
"ENSG00000139644"	"ENSG00000139644"	0.00907395991469877	0.0021469138545641	3	2	-0.259747320976118	1	1
"ENSG00000189001"	"ENSG00000189001"	0.0115328003454244	0.00218181071886267	3	2	0.3767291309499	1	0.833333333333333
"ENSG00000120694"	"ENSG00000120694"	5.40334665445589e-19	0.00220556190631219	9	1	-0.412230522534173	1	1
"ENSG00000168522"	"ENSG00000168522"	1.44509335142782e-08	0.00220891617437437	4	1	-0.169560160625809	1	1
"ENSG00000145191"	"ENSG00000145191"	1.00244557347566e-07	0.0022127471930819	8	1	-0.356018683953088	1	1
"ENSG00000102030"	"ENSG00000102030"	0.000145380008914669	0.00222196517062697	4	1	-0.739154363917236	0.833333333333333	0.833333333333333
"ENSG00000100083"	"ENSG00000100083"	2.04246586393717e-11	0.00226663463260173	5	1	-0.380357480428554	1	1
"ENSG00000166479"	"ENSG00000166479"	0.000263564158985803	0.00227466180397155	4	1	0.382978188704966	1	1
"ENSG00000143553"	"ENSG00000143553"	3.85378726585044e-05	0.00228667204523522	4	1	0.227083314629345	1	1
"ENSG00000187609"	"ENSG00000187609"	0.0112675905693856	0.00231794107802706	3	1	0.399019408571739	1	1
"ENSG00000006118"	"ENSG00000006118"	1.52080676228178e-07	0.00232063735570821	4	1	-0.333937199851793	1	1
"ENSG00000198466"	"ENSG00000198466"	0.006057204316787	0.00249913621154824	3	2	0.587811806986001	1	1
"ENSG00000103429"	"ENSG00000103429"	8.67362251884313e-06	0.00251786799406159	5	1	-0.364952740506661	1	1
"ENSG00000146282"	"ENSG00000146282"	2.33281829972727e-08	0.00251931982902754	6	1	0.397254416821237	1	1
"ENSG00000198563"	"ENSG00000198563"	1.55069249030701e-16	0.00255267107319276	5	1	-0.207656636683435	1	1
"ENSG00000100106"	"ENSG00000100106"	0.00358642760741208	0.00266815989220509	3	1	-0.212256965489493	1	1
"ENSG00000196961"	"ENSG00000196961"	0.000142351435254583	0.00267263640510245	3	1	0.331360854142202	1	1
"ENSG00000041988"	"ENSG00000041988"	5.19050713805169e-06	0.00271012373284087	4	1	0.674086023972938	1	0.833333333333333
"ENSG00000064601"	"ENSG00000064601"	0.0146796795224955	0.00287019194537638	4	2	-0.255558289585428	1	1
"ENSG00000206140"	"ENSG00000206140"	2.93323906963623e-06	0.00290097026137835	5	1	0.392125215194206	1	1
"ENSG00000154582"	"ENSG00000154582"	6.98846601191874e-07	0.00294509146325194	7	1	-0.203725645022186	1	1
"ENSG00000137500"	"ENSG00000137500"	7.06734644664158e-21	0.00313926293754456	8	1	0.59809618641211	1	1
"ENSG00000100162"	"ENSG00000100162"	3.45550631669119e-06	0.0033512796704257	3	1	-0.304116583516771	1	1
"ENSG00000132286"	"ENSG00000132286"	0.0251066241244845	0.00338395945082439	4	2	-0.313686434002017	1	1
"ENSG00000123240"	"ENSG00000123240"	1.15498502169703e-76	0.00348910915592961	8	1	-0.63516802001572	1	1
"ENSG00000140403"	"ENSG00000140403"	0.00536110346081244	0.00351464652332186	4	1	0.394247003720043	1	1
"ENSG00000105856"	"ENSG00000105856"	1.53625587228142e-10	0.00354892295498961	4	1	0.284614657776392	1	1
"ENSG00000168256"	"ENSG00000168256"	0.00361678183964171	0.00354912708628016	5	1	-0.619894339254568	1	0.833333333333333
"ENSG00000198176"	"ENSG00000198176"	3.28569981353672e-06	0.00360091024826561	5	1	0.464342880059542	1	1
"ENSG00000196141"	"ENSG00000196141"	1.25020588409103e-22	0.00361752571379145	10	1	0.264705796925399	1	1
"ENSG00000073350"	"ENSG00000073350"	4.21909350528878e-05	0.00368926019219497	6	1	-0.394235006604222	1	1
"ENSG00000141002"	"ENSG00000141002"	0.023540882500648	0.00384798085794484	6	1	-0.177229648564527	1	1
"ENSG00000011295"	"ENSG00000011295"	0.0191983819992949	0.00395721703612659	3	2	0.325463850011161	1	1
"ENSG00000126698"	"ENSG00000126698"	0.00539771907558438	0.0041563179256244	4	2	0.207645646439306	1	1
"ENSG00000161036"	"ENSG00000161036"	0.00384261271692183	0.00417934896338102	4	1	0.286026674953934	1	1
"ENSG00000140274"	"ENSG00000140274"	0.0201244879308576	0.0045055634903569	3	2	0.26632653319317	1	1
"ENSG00000154518"	"ENSG00000154518"	0.0321936334694648	0.00458384203268364	4	1	-0.219710434211541	1	1
"ENSG00000156171"	"ENSG00000156171"	7.623729115867e-12	0.00478888271322322	5	1	-0.618162816555042	1	1
"ENSG00000100918"	"ENSG00000100918"	0.0013947856231701	0.00487879911402111	5	1	0.275746872816771	1	1
"ENSG00000124164"	"ENSG00000124164"	0.00105374647598142	0.00502704260447105	5	1	-0.429849363587026	1	1
"ENSG00000168961"	"ENSG00000168961"	6.29303196568491e-11	0.00513326346653063	4	1	0.280898570725861	1	1
"ENSG00000179387"	"ENSG00000179387"	0.00211297729754789	0.00514856920366642	3	1	-0.58492284029079	1	1
"ENSG00000169727"	"ENSG00000169727"	0.0378263969231438	0.00515584658471263	5	1	0.444442550080549	1	1
"ENSG00000052126"	"ENSG00000052126"	0.0017231355551613	0.00526381416683787	3	1	-0.52279814658052	1	1
"ENSG00000276234"	"ENSG00000276234"	9.8845467406302e-05	0.00531801176221758	3	1	-0.819182327649981	1	0.833333333333333
"ENSG00000129151"	"ENSG00000129151"	0.01956051693874	0.00539748162898693	4	1	0.575208290208275	1	1
"ENSG00000100225"	"ENSG00000100225"	0.00487580138221702	0.00549032282394682	7	1	0.238514173727932	1	1
"ENSG00000170632"	"ENSG00000170632"	1.32225024347018e-14	0.00552933669696564	7	1	-0.372971393085291	1	1
"ENSG00000075975"	"ENSG00000075975"	5.57967248711632e-05	0.00553934339383451	3	1	0.347156652441053	1	1
"ENSG00000134574"	"ENSG00000134574"	4.78397540691706e-21	0.00559222840997358	8	1	-0.584415451623671	1	1
"ENSG00000128626"	"ENSG00000128626"	4.06276221949601e-07	0.00565270246759345	4	1	0.542374026789318	1	1
"ENSG00000071994"	"ENSG00000071994"	4.11092060399077e-09	0.00571121624573653	9	1	0.429064854128992	1	1
"ENSG00000101940"	"ENSG00000101940"	3.82262309511937e-10	0.00584239133958716	7	2	-0.297779243306444	1	1
"ENSG00000155660"	"ENSG00000155660"	5.94208621104428e-09	0.00584826078416848	5	1	0.646876259697183	1	1
"ENSG00000236287"	"ENSG00000236287"	0.0274432685289176	0.00633050299380527	3	1	-0.360540842071603	1	1
"ENSG00000160058"	"ENSG00000160058"	0.000264721958493289	0.00652228895245046	5	1	-0.483464744949046	1	0.833333333333333
"ENSG00000151665"	"ENSG00000151665"	5.78713876960462e-52	0.00671036129565767	5	1	0.798383694518306	1	1
"ENSG00000134326"	"ENSG00000134326"	0.000132695932090606	0.00688432926342918	4	1	0.283412429573677	1	1
"ENSG00000197536"	"ENSG00000197536"	8.78506011937326e-08	0.00692725184792217	4	1	0.713368221487113	1	0.833333333333333
"ENSG00000106615"	"ENSG00000106615"	6.1009416548362e-08	0.00731515500678364	3	1	-0.571356569881999	1	1
"ENSG00000204852"	"ENSG00000204852"	1.64107105152137e-12	0.0075262339197456	8	1	-0.45255541141971	1	1
"ENSG00000170606"	"ENSG00000170606"	0.00060623310054566	0.00752671018284769	4	1	-0.16857063607836	1	1
"ENSG00000174243"	"ENSG00000174243"	1.81534034622687e-13	0.00758823925545349	6	1	0.42503604964886	1	1
"ENSG00000240344"	"ENSG00000240344"	0.000986106352389636	0.00778371173089749	9	1	0.394572681184105	1	1
"ENSG00000183742"	"ENSG00000183742"	2.19236073022639e-06	0.00779128306117776	7	1	-0.49114210141378	1	0.833333333333333
"ENSG00000151023"	"ENSG00000151023"	0.0110719984725578	0.00781827847018468	4	1	0.212517929307429	1	1
"ENSG00000164105"	"ENSG00000164105"	0.0025600202530761	0.00795485805850033	3	1	0.368247326044097	1	1
"ENSG00000136518"	"ENSG00000136518"	2.76985598028494e-05	0.00796430508971331	3	1	0.251971870145605	1	1
"ENSG00000204514"	"ENSG00000204514"	0.0127324266430026	0.00799374657094803	5	1	-0.376290931122875	1	1
"ENSG00000119431"	"ENSG00000119431"	1.96015246295707e-17	0.00822051789573814	4	1	0.580814508541268	1	1
"ENSG00000160838"	"ENSG00000160838"	0.0137318977644614	0.00822882969488616	4	1	0.25475928079334	1	1
"ENSG00000177628"	"ENSG00000177628"	0.0127324266430026	0.00848804816789142	3	1	0.641003394245701	1	1
"ENSG00000126070"	"ENSG00000126070"	9.60421181092134e-05	0.00850785703820585	3	1	-0.787241121600639	1	0.833333333333333
"ENSG00000136021"	"ENSG00000136021"	6.92455250045648e-07	0.00857758192451385	4	1	0.483149754123863	1	0.833333333333333
"ENSG00000204711"	"ENSG00000204711"	0.00343408103687803	0.00886459921051088	7	1	0.218676325360078	1	1
"ENSG00000106399"	"ENSG00000106399"	3.80362354841907e-07	0.00906397770259026	3	1	-0.961394571591968	0.833333333333333	0.666666666666667
"ENSG00000138119"	"ENSG00000138119"	6.21151656298759e-28	0.00921897153907161	5	1	0.400810051337381	1	1
"ENSG00000163527"	"ENSG00000163527"	1.01545547727441e-05	0.00936800973983779	4	1	0.578727892047424	1	1
"ENSG00000136830"	"ENSG00000136830"	2.85437298847489e-08	0.00953016925630824	7	1	0.514418288011069	1	1
"ENSG00000173575"	"ENSG00000173575"	3.65523479774039e-10	0.0096025171133613	7	2	-0.33044262641856	1	1
"ENSG00000213024"	"ENSG00000213024"	5.11571213370481e-06	0.00974334891056679	7	1	-0.502991703996904	1	0.833333333333333
"ENSG00000117362"	"ENSG00000117362"	7.44110528716278e-07	0.00986745032313394	5	1	0.161034240760972	1	1
"ENSG00000092621"	"ENSG00000092621"	0.038843659502288	0.00995927674786623	3	2	0.25579004329514	1	1
"ENSG00000165175"	"ENSG00000165175"	0.0351362592747944	0.00997176864968559	3	1	0.268524962531653	1	1
"ENSG00000166669"	"ENSG00000166669"	0.0125735049934426	0.0100446494210427	3	1	0.331387359481717	1	1
"ENSG00000122970"	"ENSG00000122970"	0.00359967181196949	0.0102423913190124	3	1	-0.543271341911098	1	1
"ENSG00000130560"	"ENSG00000130560"	5.46448123440452e-22	0.0102907428307322	4	1	-0.442952715293127	1	1
"ENSG00000188659"	"ENSG00000188659"	0.00369715292501021	0.0107486461650995	3	1	-0.916220308253004	0.833333333333333	0.666666666666667
"ENSG00000187492"	"ENSG00000187492"	9.46016686827649e-05	0.0108990552349613	3	1	0.271840669222028	1	1
"ENSG00000109466"	"ENSG00000109466"	0.0218465414236362	0.0109576270355919	3	1	-0.348948325613227	1	1
"ENSG00000116747"	"ENSG00000116747"	8.15924301958865e-06	0.0110776851517065	8	1	-0.343434258009144	1	1
"ENSG00000100124"	"ENSG00000100124"	0.000583283400931559	0.0118434268519293	3	1	0.365234886623391	1	1
"ENSG00000157954"	"ENSG00000157954"	1.71018756796328e-39	0.0118708491679473	10	1	0.339361951623616	1	1
"ENSG00000143398"	"ENSG00000143398"	4.8249994524849e-14	0.0119226272755464	5	1	0.575648352327991	1	1
"ENSG00000186522"	"ENSG00000186522"	0.000682801596529998	0.0122506141837438	6	1	0.318979383028305	1	1
"ENSG00000135218"	"ENSG00000135218"	0.0454264748099547	0.0125298177698182	3	1	-0.592681999017094	1	1
"ENSG00000177731"	"ENSG00000177731"	0.0370834142484205	0.0131193041693931	4	1	-0.297340556245539	1	1
"ENSG00000095383"	"ENSG00000095383"	0.00186901746758124	0.0132671497589714	4	1	-0.363358871051345	1	1
"ENSG00000112655"	"ENSG00000112655"	0.0142903369835905	0.0134304232986941	4	2	0.480035958902188	1	1
"ENSG00000158435"	"ENSG00000158435"	0.000513607835960372	0.0135351521199469	3	1	-0.430592337309403	1	1
"ENSG00000162231"	"ENSG00000162231"	0.00255105771703731	0.0137409348837067	3	1	0.327586205819505	1	1
"ENSG00000165698"	"ENSG00000165698"	3.30677239129567e-05	0.0139067885261622	4	1	0.275110924235619	1	1
"ENSG00000144048"	"ENSG00000144048"	2.11040848570736e-06	0.0140410248331883	3	1	-0.290586326673887	1	1
"ENSG00000113916"	"ENSG00000113916"	1.38486159643699e-10	0.014180349095673	4	1	0.775910821173624	1	1
"ENSG00000170619"	"ENSG00000170619"	0.00348648910315955	0.0144405081708892	3	1	-0.277542045089164	1	1
"ENSG00000133115"	"ENSG00000133115"	0.000648209327793866	0.0148174677233381	3	1	-0.451611704084563	1	1
"ENSG00000026025"	"ENSG00000026025"	3.16996212812693e-05	0.0148515120179866	3	1	-0.294079789093807	1	1
"ENSG00000164889"	"ENSG00000164889"	1.25107015018881e-06	0.0156794048188202	6	1	0.423077211591316	1	1
"ENSG00000008130"	"ENSG00000008130"	1.26963155611665e-07	0.0160871125427694	7	1	0.500000031771193	1	1
"ENSG00000180822"	"ENSG00000180822"	3.11749284526413e-05	0.0174813658254817	4	1	0.266121609337731	1	1
"ENSG00000151327"	"ENSG00000151327"	0.0200260202568959	0.017703273207733	4	1	0.249185103179684	1	1
"ENSG00000124207"	"ENSG00000124207"	0.00384192501918065	0.0177332296528804	3	1	-0.54545454323828	1	1
"ENSG00000187118"	"ENSG00000187118"	4.5817205960958e-39	0.0189990663023225	5	1	-0.632827253109595	1	1
"ENSG00000136682"	"ENSG00000136682"	1.93572595082576e-14	0.0190412493550869	7	1	-0.298169162131111	1	1
"ENSG00000051009"	"ENSG00000051009"	1.8528074857709e-07	0.0192081707166538	5	1	-0.769225902786649	1	0.666666666666667
"ENSG00000177082"	"ENSG00000177082"	1.09845331123094e-13	0.0197151366189441	4	1	0.665977501918712	1	1
"ENSG00000159445"	"ENSG00000159445"	0.00982503984629825	0.0199034561360397	5	1	-0.537806121441934	1	1
"ENSG00000096063"	"ENSG00000096063"	0.00412430296495281	0.0204006427372098	3	1	-0.623071223584043	0.833333333333333	0.833333333333333
"ENSG00000013374"	"ENSG00000013374"	1.53903665897682e-10	0.0204570803861883	4	1	0.585446254963003	1	1
"ENSG00000142046"	"ENSG00000142046"	5.59956333499739e-05	0.0210500314998641	12	1	0.405842612184228	1	0.833333333333333
"ENSG00000196562"	"ENSG00000196562"	1.49258761736372e-10	0.0214250139968154	7	1	-0.343083629505862	1	0.833333333333333
"ENSG00000231566"	"ENSG00000231566"	1.84823263931873e-15	0.0215765210259537	4	1	-0.882700563369502	1	0.833333333333333
"ENSG00000121749"	"ENSG00000121749"	0.004041319049199	0.0221140988666763	4	1	0.393938940828909	1	1
"ENSG00000065054"	"ENSG00000065054"	5.06183596421071e-06	0.0224712921158948	8	1	0.219096307467674	1	1
"ENSG00000130702"	"ENSG00000130702"	1.2411842439218e-26	0.0225767268387121	9	1	-0.404023537680616	1	1
"ENSG00000130816"	"ENSG00000130816"	7.6323314129095e-18	0.0226380567379281	7	1	0.393873213476976	1	1
"ENSG00000204220"	"ENSG00000204220"	8.84045987835615e-06	0.0229832752237239	5	1	-0.224747769114751	1	1
"ENSG00000100796"	"ENSG00000100796"	1.9970762614698e-09	0.0234342107476185	7	1	-0.367526851563886	1	1
"ENSG00000160404"	"ENSG00000160404"	0.0298865402241081	0.023618198014036	3	1	-0.329342981188867	1	1
"ENSG00000186001"	"ENSG00000186001"	0.0189188581259954	0.024236866265058	4	1	-0.68288602061169	0.833333333333333	0.666666666666667
"ENSG00000114019"	"ENSG00000114019"	1.12423723403533e-05	0.0250064887391916	4	1	-0.584411207327922	1	1
"ENSG00000005486"	"ENSG00000005486"	0.000228553190719341	0.0251739189704752	7	1	-0.307848976624956	1	1
"ENSG00000138642"	"ENSG00000138642"	3.55977342327536e-11	0.0261120039881122	7	1	-0.269185247946825	1	1
"ENSG00000128383"	"ENSG00000128383"	0.00382953601737616	0.0265325139927608	5	1	0.396199143951714	1	1
"ENSG00000140905"	"ENSG00000140905"	3.44570981753159e-47	0.0275087737450859	4	1	0.646225232427346	1	1
"ENSG00000142621"	"ENSG00000142621"	0.000458475429586221	0.0277357891151942	4	1	0.464541869619388	1	0.833333333333333
"ENSG00000105700"	"ENSG00000105700"	0.000845251562278837	0.0282692878749483	3	1	-0.230982067443233	1	1
"ENSG00000135919"	"ENSG00000135919"	0.0207272469187517	0.0286421563504072	3	1	-0.358541255997947	1	1
"ENSG00000168883"	"ENSG00000168883"	0.0064640900012114	0.0288502259602502	4	1	0.479983467621069	1	0.833333333333333
"ENSG00000104131"	"ENSG00000104131"	7.97758139698195e-10	0.0295315681179201	4	1	0.443337963671391	1	1
"ENSG00000177917"	"ENSG00000177917"	0.000271214985985454	0.0297560973736619	5	1	-0.308879643769455	1	1
"ENSG00000173559"	"ENSG00000173559"	0.0360003636154591	0.0310517368639289	3	1	-0.521862608944106	1	0.833333333333333
"ENSG00000177963"	"ENSG00000177963"	3.765677664759e-15	0.0311734366440199	6	1	-0.631486084844459	1	1
"ENSG00000072518"	"ENSG00000072518"	0.00238162959886034	0.0316630577642646	5	1	-0.371212060205222	1	1
"ENSG00000170291"	"ENSG00000170291"	1.19928198029816e-06	0.031945853529057	10	1	0.181836675757684	1	1
"ENSG00000070190"	"ENSG00000070190"	0.00149163565427215	0.0341969560176678	3	1	0.368708436762739	1	1
"ENSG00000166946"	"ENSG00000166946"	0.019959297156364	0.0348382191236228	4	1	-0.140754862663721	1	1
"ENSG00000132680"	"ENSG00000132680"	9.45718967761563e-05	0.0349872016557455	3	1	0.43755216458474	1	1
"ENSG00000155868"	"ENSG00000155868"	0.006242921461059	0.0351673657948965	3	1	-0.255274338660609	1	1
"ENSG00000257621"	"ENSG00000257621"	1.1138004515537e-16	0.0352255458266174	6	1	0.32381473592613	1	1
"ENSG00000134108"	"ENSG00000134108"	0.0441456433795353	0.0353949865523093	3	2	-0.307623266891356	1	1
"ENSG00000132463"	"ENSG00000132463"	0.000147295695879103	0.0356592257488028	9	1	-0.344004843133046	1	0.833333333333333
"ENSG00000196507"	"ENSG00000196507"	0.00613817816647844	0.0357376964302542	3	1	0.253294354810639	1	1
"ENSG00000264230"	"ENSG00000264230"	6.79163556006452e-05	0.0361957556915366	4	1	-0.221849262731815	1	1
"ENSG00000014216"	"ENSG00000014216"	1.5401811469687e-06	0.0372745154629888	5	1	0.180736363873735	1	1
"ENSG00000196275"	"ENSG00000196275"	0.036107417631718	0.0372761766310747	3	1	0.525701156878582	0.833333333333333	0.833333333333333
"ENSG00000116977"	"ENSG00000116977"	0.000650228966335783	0.0374201116208901	4	1	0.437499568112109	1	1
"ENSG00000088970"	"ENSG00000088970"	0.00703744600699338	0.0383024619582927	3	1	-0.380746630992695	1	1
"ENSG00000054282"	"ENSG00000054282"	0.0345329543302904	0.0390534009984339	3	1	0.511070086651481	0.833333333333333	0.666666666666667
"ENSG00000122877"	"ENSG00000122877"	1.5497862277783e-05	0.0391842052000283	4	1	0.625787554031028	1	0.833333333333333
"ENSG00000158483"	"ENSG00000158483"	0.000678842891237929	0.0391912029413446	5	1	0.384615384615384	1	1
"ENSG00000169718"	"ENSG00000169718"	1.36235101233839e-23	0.0399930991959238	4	1	-0.866707586676034	1	0.666666666666667
"ENSG00000137494"	"ENSG00000137494"	1.30860661789977e-05	0.0405597688675685	3	1	-0.793479483153198	1	0.833333333333333
"ENSG00000270647"	"ENSG00000270647"	4.24555087832974e-20	0.0410914185967094	6	1	-0.333328624489532	1	1
"ENSG00000069509"	"ENSG00000069509"	0.0231952422243446	0.0419942244431437	3	1	-0.207441231604806	1	1
"ENSG00000163597"	"ENSG00000163597"	0.00097766921251983	0.0427981693802594	5	1	-0.16753240297253	1	1
"ENSG00000164040"	"ENSG00000164040"	0.00622733618712043	0.0428274818159313	3	1	0.360363892590105	1	1
"ENSG00000157637"	"ENSG00000157637"	1.05622793042488e-09	0.0443037989923706	7	1	0.520803771530016	1	1
"ENSG00000068120"	"ENSG00000068120"	0.00374398356746016	0.0447416328658364	4	1	0.233310202144246	1	1
"ENSG00000099956"	"ENSG00000099956"	0.00235494984265875	0.0454617874317663	3	1	0.478417772114948	1	1
"ENSG00000139218"	"ENSG00000139218"	8.00488496649721e-08	0.0461282881230655	8	1	-0.22814283344217	1	1
"ENSG00000197321"	"ENSG00000197321"	1.65990676065259e-07	0.0467454570216036	5	1	-0.387191415910646	1	0.833333333333333
"ENSG00000174891"	"ENSG00000174891"	0.00190281563920873	0.0468690219662665	5	1	-0.222647956101805	1	1
"ENSG00000067057"	"ENSG00000067057"	9.64677835731605e-06	0.0485854030634101	4	1	-0.262632049951083	1	1
"ENSG00000103591"	"ENSG00000103591"	0.0430599502487638	0.0492672149889306	3	1	0.330131191185347	1	1
