"gene_ID","gene_qvalue","minimal_tx_qvalue","number_tx","number_significant_tx","max(Suprabasal_VIC01_72hpi_child_Infected-Suprabasal_uninfected_child_Uninfected)","pct_gene_expr","max_pct_tx_expr"
"ENSG00000198830",1.61905295593247e-27,1.37634185030768e-06,5,1,-0.975261510573148,1,0.666666666666667
"ENSG00000152082",1.17564759972478e-54,1,3,0,-0.972548017718997,1,0.666666666666667
"ENSG00000183844",1.77554310110657e-12,0.00248967424897953,5,1,-0.920667552478776,1,0.666666666666667
"ENSG00000171490",1.03281540238368e-07,1,3,0,-0.907933888203035,1,0.666666666666667
"ENSG00000067167",7.93627837646483e-08,0.000401566507062158,3,1,0.905958463362967,1,1
"ENSG00000172037",4.69283044621196e-06,1,3,0,0.897338817871398,1,0.5
"ENSG00000170296",1.74546453713222e-09,5.16648448406031e-09,3,1,-0.891679381734425,1,0.833333333333333
"ENSG00000150753",2.27565637380015e-41,1,5,0,-0.886182924213885,1,0.666666666666667
"ENSG00000152894",4.25692314526471e-05,1,4,0,-0.884994681247506,1,0.5
"ENSG00000141562",1.20518522620325e-07,1,4,0,-0.881830272975255,1,0.5
"ENSG00000167272",9.71635177111277e-05,1,4,0,0.879130430623676,1,0.5
"ENSG00000144028",9.87649274560809e-08,0.795175224389841,3,0,0.879052001081221,1,0.833333333333333
"ENSG00000136986",0.000130869790406416,0.0787777083414961,4,0,0.877378174988446,1,0.666666666666667
"ENSG00000141279",1.42476626562642e-05,1,5,0,-0.874225320760054,1,0.5
"ENSG00000142627",1.64332005709718e-11,1,3,0,0.87151036609013,1,0.833333333333333
"ENSG00000104979",0.00139894228585323,0.00319493760989569,3,1,0.870368076779366,1,1
"ENSG00000159658",0.0262511057615575,0.059911598876562,3,0,0.865080840510179,0.833333333333333,0.5
"ENSG00000137692",6.60909351283728e-11,1,5,0,-0.863501932115039,1,0.666666666666667
"ENSG00000040341",0.00372019295096937,1,4,0,-0.851621804616502,0.833333333333333,0.5
"ENSG00000102054",1.20357099934268e-13,0.00179779020752946,5,1,0.845051550870024,1,1
"ENSG00000174748",1.84246379515141e-178,2.1354744376506e-52,4,2,-0.840121435747088,1,1
"ENSG00000164919",1.18546063206409e-45,2.27540665773006e-47,3,2,0.840111891793255,1,1
"ENSG00000167699",1.45415367936787e-07,0.119186215343292,5,0,0.833711269143472,1,0.666666666666667
"ENSG00000101109",0.00277638478348469,0.0616426581479147,3,0,-0.828148539136511,1,0.666666666666667
"ENSG00000180398",0.000320434867903102,1,5,0,0.825877935896789,0.833333333333333,0.5
"ENSG00000166508",1.57209752608548e-05,1,3,0,0.823234749562085,0.833333333333333,0.833333333333333
"ENSG00000196754",7.86430021041195e-92,6.17110473334711e-66,4,1,0.820493148071014,1,1
"ENSG00000120256",4.44261111717825e-17,0.0729628796646985,3,0,0.818547364633521,1,1
"ENSG00000183751",0.00571284898912961,1,3,0,0.817596581990196,0.833333333333333,0.5
"ENSG00000197063",0.00311046155102542,0.893369808499212,3,0,-0.815571767520923,0.833333333333333,0.666666666666667
"ENSG00000183513",1.26175856218749e-07,1,4,0,0.811936315158262,0.833333333333333,0.666666666666667
"ENSG00000146416",0.0106294897261476,1,3,0,0.810253974760204,0.833333333333333,0.666666666666667
"ENSG00000143416",1.06742949610602e-26,9.14457541203126e-18,4,1,-0.80269113069088,1,0.833333333333333
"ENSG00000142208",0.000514581255382828,1,4,0,0.796377732429226,1,0.666666666666667
"ENSG00000109944",1.46660561174619e-05,1,4,0,0.791660976863534,1,0.666666666666667
"ENSG00000185104",1.93349819602169e-06,1.6621461593212e-06,4,1,-0.791416535152924,1,0.833333333333333
"ENSG00000108963",0.00584807910784223,0.00409041721423574,4,1,0.787897017016471,1,0.666666666666667
"ENSG00000130560",1.77554310110657e-12,1,4,0,0.784592939415261,1,0.833333333333333
"ENSG00000285437",0.000181169212757931,1,7,0,-0.775098743206558,1,0.833333333333333
"ENSG00000170571",0.0144940653876251,0.00689655031628484,3,1,-0.75959530461889,1,0.666666666666667
"ENSG00000078369",0.00133643316279139,1,6,0,0.759582574012033,1,0.5
"ENSG00000070785",0.0277049532931618,0.0770241543713982,3,0,0.756752629212128,1,1
"ENSG00000120690",5.18667808913035e-06,1,3,0,0.755831380905757,0.833333333333333,0.833333333333333
"ENSG00000187118",3.48095669155878e-10,1,5,0,-0.749996993170336,1,1
"ENSG00000256061",1.32745521568723e-06,1,4,0,-0.749166768022249,1,0.833333333333333
"ENSG00000111371",5.39524579767644e-05,1,3,0,-0.748863028256617,1,1
"ENSG00000175575",9.54818897865151e-07,1,4,0,0.748446292946205,1,0.833333333333333
"ENSG00000085733",0.000289475678637912,1,6,0,-0.746189181698902,1,0.666666666666667
"ENSG00000104133",0.0295732480763277,1,4,0,-0.744665336306457,1,0.5
"ENSG00000213246",1.4436846554789e-08,1.81155157679689e-05,3,1,0.743362831853882,1,1
"ENSG00000183255",8.77075937395143e-10,0.228730478853272,4,0,0.742752180337109,1,1
"ENSG00000172890",0.0123785106908034,1,3,0,-0.741737959355263,0.833333333333333,0.666666666666667
"ENSG00000101361",2.84837343499777e-06,5.30671529756227e-07,3,2,0.736712381692606,1,0.833333333333333
"ENSG00000137274",3.88258535500915e-05,0.205714975771257,4,0,0.733835197558366,1,0.833333333333333
"ENSG00000146072",0.0012623395207416,0.000388537354750974,3,1,-0.732800911249363,0.833333333333333,0.833333333333333
"ENSG00000148700",0.00258212393317701,0.000420614106761983,3,1,-0.728887983890659,0.833333333333333,0.833333333333333
"ENSG00000143622",0.00383785409116782,1,5,0,-0.726912883119487,1,0.833333333333333
"ENSG00000070831",2.60909895102514e-51,1,3,0,0.726751027715691,1,1
"ENSG00000131941",6.31397768228893e-05,1,3,0,-0.725910455638389,1,0.833333333333333
"ENSG00000156413",3.62664826960606e-07,1,5,0,-0.724046125812683,1,0.666666666666667
"ENSG00000152642",0.0145818255114891,0.022874073483935,3,1,-0.706129301306792,0.833333333333333,0.5
"ENSG00000160298",1.68351895607072e-07,1,7,0,0.705178417898782,1,0.5
"ENSG00000113387",6.13572731159534e-18,1.25000510804084e-11,4,1,-0.701753905247174,1,1
"ENSG00000021355",4.05155089812995e-15,1.18918109152977e-11,5,1,0.700366762098107,1,0.833333333333333
"ENSG00000130702",9.7209423454043e-06,1,5,0,-0.69954364699316,0.833333333333333,0.666666666666667
"ENSG00000112977",7.55489640171219e-06,0.000220759512937663,3,1,0.698051673590696,1,1
"ENSG00000154813",0.000107079969800634,0.0600885931843851,4,0,-0.695913332960131,1,0.666666666666667
"ENSG00000172809",0.0284876442747115,0.0818872157116445,3,0,0.695866371221288,0.833333333333333,0.833333333333333
"ENSG00000226067",0.00843478106574718,0.431891791635624,4,0,-0.695579021355492,1,0.666666666666667
"ENSG00000266412",7.82565923540947e-22,1,8,0,0.693268291278547,1,0.666666666666667
"ENSG00000115677",1.18651395266289e-06,1,4,0,-0.692671118956381,1,0.833333333333333
"ENSG00000076554",3.53171122982492e-23,1,7,0,0.692039290451722,1,0.666666666666667
"ENSG00000198960",0.00111828049081502,0.00243274270598368,3,1,0.690330252312578,1,0.666666666666667
"ENSG00000204618",0.00255753376865675,0.00590922351191362,4,1,0.689538178463842,1,0.666666666666667
"ENSG00000143153",1.64938926305361e-21,1,4,0,0.686310428690468,1,1
"ENSG00000155508",0.0143274393773695,1,3,0,-0.685129179518132,1,0.833333333333333
"ENSG00000189403",4.2244105569903e-101,1,6,0,0.682147598582422,1,1
"ENSG00000166869",2.61632326298103e-09,1,3,0,0.681025413520243,1,0.833333333333333
"ENSG00000156453",0.00224686327255416,0.000605456342633981,3,1,-0.680164990525651,1,0.833333333333333
"ENSG00000115806",0.0012726789738619,0.000754289857109754,3,1,0.676594543141368,1,0.833333333333333
"ENSG00000164904",5.03904323713417e-09,0.462441269822427,6,0,0.676469968436723,1,0.833333333333333
"ENSG00000259426",0.0450854584717114,0.0500854065432428,3,0,0.676135024144748,1,0.666666666666667
"ENSG00000099810",0.00091020728122352,1,4,0,-0.67419467663223,1,0.666666666666667
"ENSG00000075151",0.000187924529327136,1,3,0,0.673059912030828,1,0.833333333333333
"ENSG00000196961",0.00365517495031949,1,3,0,0.670463630271019,1,0.833333333333333
"ENSG00000168268",0.0207008430755504,0.0370149663269019,3,1,0.666979025293432,1,0.833333333333333
"ENSG00000164062",0.0209881533195766,1,3,0,-0.666666666666667,1,0.666666666666667
"ENSG00000135374",0.0319504167414208,1,3,0,-0.666666666666666,1,0.666666666666667
"ENSG00000152558",3.38068160031445e-09,1,3,0,-0.66632964252325,1,0.833333333333333
"ENSG00000100359",1.91948646298911e-14,3.95592372748063e-07,7,1,0.666007282458372,1,1
"ENSG00000117751",0.000226025445580715,1,4,0,-0.664934712313164,0.833333333333333,0.666666666666667
"ENSG00000260916",1.74546453713222e-09,1,5,0,-0.66477065402236,1,0.833333333333333
"ENSG00000100979",4.26334030587996e-05,0.00568565557946907,4,1,-0.664138830548092,1,0.833333333333333
"ENSG00000214046",1.19874974833386e-08,0.453346150076487,7,0,-0.662296057797003,1,0.666666666666667
"ENSG00000099958",0.0374680794370022,1,4,0,-0.661895333871916,1,0.5
"ENSG00000125505",0.00274539234062968,0.000374172614243666,4,1,0.661653899891297,1,0.833333333333333
"ENSG00000253710",0.0096468995562872,1,6,0,-0.660088383862342,1,0.833333333333333
"ENSG00000160679",0.00976585312235264,1,5,0,0.659088718556708,0.833333333333333,0.666666666666667
"ENSG00000163882",3.29749089865192e-06,0.000188725610032234,3,1,-0.654492380384346,1,0.833333333333333
"ENSG00000120533",3.59672723272179e-21,1,5,0,-0.654364990134889,1,1
"ENSG00000142599",0.000900381376697546,1,4,0,-0.651591725291243,0.833333333333333,0.833333333333333
"ENSG00000166181",0.00327279641344377,1,5,0,-0.65102832847477,1,0.666666666666667
"ENSG00000143224",0.0103921977735136,0.00272847732481365,5,1,-0.648531664492525,1,0.666666666666667
"ENSG00000100722",0.00242502232287657,1,4,0,-0.648120567313565,0.833333333333333,0.666666666666667
"ENSG00000196510",0.0010159570915853,1,4,0,0.644231477642543,1,0.666666666666667
"ENSG00000100918",0.0282917369611474,0.0616657866504384,3,0,0.638428148767384,0.833333333333333,0.833333333333333
"ENSG00000145495",0.0291413540898421,1,3,0,-0.638040767191391,1,0.5
"ENSG00000164930",1.14773204373265e-05,1,7,0,-0.636740220392516,1,0.666666666666667
"ENSG00000137500",0.0022120112556377,1,6,0,0.635700073734408,1,0.666666666666667
"ENSG00000115540",0.00133961160787956,1,4,0,-0.635189878712086,0.833333333333333,0.833333333333333
"ENSG00000146733",0.0257100317816997,1,3,0,0.63056339931148,0.833333333333333,0.666666666666667
"ENSG00000092108",6.21063992800042e-08,1,6,0,0.627890697415508,1,0.833333333333333
"ENSG00000147654",0.000894993671211677,1,5,0,-0.625399987027504,1,0.666666666666667
"ENSG00000169228",0.000483908703616684,0.710868739920337,5,0,0.623068055477955,1,1
"ENSG00000257727",1.61922203407115e-09,4.32306280251667e-05,4,1,-0.622877102528018,1,1
"ENSG00000178307",0.000253768226686966,0.15524634099347,4,0,-0.620470382579094,0.833333333333333,0.666666666666667
"ENSG00000168958",0.0484285675611054,0.696933867564505,4,0,0.619891235160253,1,1
"ENSG00000130414",7.28981660998055e-19,1.70959939144032e-17,3,1,0.617283845824437,1,1
"ENSG00000090263",2.99848153595375e-15,1,5,0,0.613791081723134,1,0.833333333333333
"ENSG00000115486",0.0476402637217514,1,3,0,-0.611219626700047,1,0.666666666666667
"ENSG00000133818",7.32924614157338e-06,0.0349599340668921,5,1,-0.611165822109116,1,0.833333333333333
"ENSG00000077312",0.000645393194311062,0.890343908482108,3,0,0.609613938640561,1,1
"ENSG00000152904",0.00063814658324492,0.0107723536971813,5,1,0.609098387707718,1,0.833333333333333
"ENSG00000092820",1.05369051980494e-05,0.000116269773840649,5,1,0.606550053309756,1,1
"ENSG00000117228",1.54164660614468e-06,0.0306909756831588,5,1,-0.6022120401451,1,0.666666666666667
"ENSG00000044115",0.00277557968808767,0.0278445238338723,4,1,0.600375792617502,1,1
"ENSG00000133275",0.0302623340024175,0,2,2,-0.60002715105599,1,1
"ENSG00000185650",8.1930754265643e-15,0.738249916909118,5,0,-0.599996835823463,1,1
"ENSG00000283103",0.00365210278605301,1,4,0,-0.596989386013297,0.833333333333333,0.666666666666667
"ENSG00000167978",3.74970082168344e-05,1,9,0,0.596119274758169,1,0.5
"ENSG00000118181",1.46831358053643e-185,1,3,0,-0.59542708560331,1,1
"ENSG00000135205",0.00141579910376526,0.722856050523288,4,0,-0.592471465812693,1,0.666666666666667
"ENSG00000143398",0.00818327795750862,0.968743540113972,3,0,-0.590551336003745,0.833333333333333,0.666666666666667
"ENSG00000152492",0.0288027570174173,0.700792960900338,3,0,-0.589881903269929,1,0.666666666666667
"ENSG00000184227",0.0394234857741792,0,2,2,-0.587946742361676,0.833333333333333,0.833333333333333
"ENSG00000065154",1.33396769184923e-05,2.98249650475264e-06,3,2,0.586747715907326,1,0.833333333333333
"ENSG00000197451",0.0016859029686171,0.000561331564198141,5,1,0.58602366386904,1,1
"ENSG00000146574",0.016232289328044,1,3,0,-0.585119478589668,0.833333333333333,0.833333333333333
"ENSG00000177830",0.000598069091267669,0.0229798587255497,3,1,-0.581929958067316,1,1
"ENSG00000196576",1.44201860074311e-05,1,6,0,0.581348727265485,1,0.833333333333333
"ENSG00000122970",0.0235528306219944,0.0116422054350327,3,1,0.577178035578434,0.833333333333333,0.833333333333333
"ENSG00000163634",4.75789214267367e-06,0.00222810061341293,4,1,-0.575308269834521,1,1
"ENSG00000198363",7.93180894795594e-05,1,7,0,-0.571430701350345,1,0.666666666666667
"ENSG00000187049",0.0153433445712849,0.147749959911334,4,0,-0.571427594901154,0.833333333333333,0.833333333333333
"ENSG00000121073",1.99284598735108e-05,0.0383579472932431,7,1,-0.568149897205567,0.833333333333333,0.666666666666667
"ENSG00000166971",0.00392592605524203,0.18855417423729,5,0,0.567017158498716,1,0.666666666666667
"ENSG00000108592",0.0117749589114716,1,3,0,-0.565566033237477,0.833333333333333,0.833333333333333
"ENSG00000278311",0.000327622255548072,1,5,0,0.56521662271422,1,1
"ENSG00000138777",0.00933690110373,0.0155702989791467,4,1,0.564757272263009,1,1
"ENSG00000172785",0.000621744249835924,1,6,0,0.56210873089645,1,0.666666666666667
"ENSG00000230124",1.76301390864711e-16,1,5,0,0.561028126675814,1,1
"ENSG00000114125",4.22864371140665e-09,1.0282296270606e-05,4,1,0.559368508037297,1,1
"ENSG00000175274",0.0161022668946948,1,4,0,0.558767954943481,1,0.833333333333333
"ENSG00000107164",0.00277557968808767,1,4,0,-0.556987241983287,0.833333333333333,0.833333333333333
"ENSG00000102738",4.30215093203088e-21,1,5,0,-0.556934234520663,1,1
"ENSG00000138381",6.08393091578825e-05,1,4,0,-0.556107085872883,1,1
"ENSG00000108946",0.000219730614250896,1,9,0,-0.554864563300321,1,0.5
"ENSG00000178585",2.09171052053735e-06,9.19463393832485e-06,6,1,-0.55245160530683,0.833333333333333,0.833333333333333
"ENSG00000111834",0.00817352553657223,0.00700846673853066,3,1,0.55202817748493,1,0.833333333333333
"ENSG00000163399",1.25149870854134e-31,0.000113072960029705,6,1,-0.552001640980584,1,1
"ENSG00000187522",0.00574761267967443,0.287726820921981,3,0,-0.55107149025503,1,0.833333333333333
"ENSG00000095383",0.000794950676543738,1,4,0,0.550661464939811,1,0.833333333333333
"ENSG00000184007",1.07519224284698e-06,0.000373806680687081,3,1,0.548385920664332,1,1
"ENSG00000173486",3.34202260117432e-21,1.76376988109218e-10,4,1,-0.547119531067818,1,1
"ENSG00000135926",5.65262922245866e-05,0.00122761962843369,4,1,-0.541920119894621,1,1
"ENSG00000149547",1.55673399949966e-09,4.21140040757371e-06,3,1,-0.540892817172744,1,1
"ENSG00000184709",5.52433351973989e-05,0.642797783078974,3,0,0.540683175950364,1,1
"ENSG00000176155",0.00953525467272013,1,4,0,-0.539450552331415,1,0.833333333333333
"ENSG00000163714",0.00073824690299949,1,5,0,0.539360757620165,1,0.5
"ENSG00000158234",8.74696651474724e-13,0.0216590127178646,7,1,0.5348838000798,1,0.666666666666667
"ENSG00000108669",0.00187343726042978,1,4,0,0.529272903739922,0.833333333333333,0.666666666666667
"ENSG00000110321",1.03113857154396e-13,5.92251820652826e-09,8,1,0.526142580982319,1,1
"ENSG00000083535",0.0209059050930878,0,2,2,-0.524748754394006,1,1
"ENSG00000155749",7.43847564433851e-05,0.448189390087906,4,0,0.524512914998961,1,0.833333333333333
"ENSG00000115561",1.65014631494065e-10,0.0908627166126482,4,0,0.522554691428277,1,1
"ENSG00000149273",7.42663659839512e-212,0,2,2,0.521772474159757,1,1
"ENSG00000157778",0.00295275922652337,1,6,0,0.519999840749905,1,1
"ENSG00000051620",6.08110167025091e-20,3.42097809643158e-08,4,1,0.518393973523636,1,1
"ENSG00000109390",0.000900015777130868,0.000238189627063836,3,2,-0.513641064271613,1,0.833333333333333
"ENSG00000182087",0.0154078826967916,0.293569951279919,8,0,-0.513544409529296,1,1
"ENSG00000167900",0.0428887933506182,1,3,0,-0.513373394018962,0.833333333333333,0.666666666666667
"ENSG00000120438",1.57874838695798e-12,5.09741840416267e-06,6,1,-0.511740040181999,1,1
"ENSG00000095596",0.00827165364306042,0.205270445317531,3,0,-0.510353805539916,1,0.833333333333333
"ENSG00000104529",1.60952151780869e-15,2.99260057807848e-14,3,2,0.508097350147846,1,1
"ENSG00000122783",0.038916946110715,0.657701071454896,3,0,0.503415708518752,1,0.833333333333333
"ENSG00000141424",0.00417229796170829,0.0698467428341725,4,0,0.50305876440461,0.833333333333333,0.666666666666667
"ENSG00000166949",0.0196235965929616,1,4,0,-0.501720671009656,0.833333333333333,0.666666666666667
"ENSG00000151881",0.035753297057904,1,4,0,-0.5,1,0.833333333333333
"ENSG00000177570",0.0162044897254569,1,4,0,-0.5,1,0.833333333333333
"ENSG00000280071",0.0030470844173806,0.100591829891998,3,0,-0.5,1,0.833333333333333
"ENSG00000155324",0.0263542390798915,1,5,0,-0.499999999999998,1,0.666666666666667
"ENSG00000173511",0.029187349422147,1,5,0,-0.49999750651446,0.833333333333333,0.833333333333333
"ENSG00000085224",0.00478889476340505,1,6,0,-0.498260316356549,1,0.833333333333333
"ENSG00000128923",0.0216250408551749,0.0656488334644882,3,0,0.497854291042428,1,1
"ENSG00000165175",9.86512088184289e-05,0.0105930221664769,4,1,0.495629642176755,1,1
"ENSG00000173171",5.37874751234267e-06,0.00100972099035075,5,1,-0.495382520764365,1,1
"ENSG00000185515",0.0329901571851412,1,4,0,-0.49529074588569,1,0.833333333333333
"ENSG00000107949",6.66623709197061e-05,0.00665964535339648,4,1,-0.495048081863245,1,1
"ENSG00000100225",0.00130581963810933,0.0107159255262476,5,1,0.494075086217481,1,0.833333333333333
"ENSG00000177425",0.00437192468719975,1,7,0,-0.493162309712888,1,0.833333333333333
"ENSG00000127914",0.000158256127408403,1,5,0,0.492089304609795,1,0.666666666666667
"ENSG00000086475",0.0223790066068141,1,4,0,-0.49184021787983,0.833333333333333,0.833333333333333
"ENSG00000090487",0.00014268414933429,0.0822579327106118,6,0,0.488324491865933,1,1
"ENSG00000168310",1.12138104089779e-05,0.00180151984028541,5,1,0.487500004062415,1,1
"ENSG00000175756",1.05369051980494e-05,5.08592715577013e-07,4,2,0.487383419148142,1,1
"ENSG00000172831",0.00041759039775574,0.188063328334734,4,0,0.485305655246279,0.833333333333333,0.833333333333333
"ENSG00000135052",0.00135475603133799,0.00166292973170658,3,1,-0.485189535897586,1,1
"ENSG00000067836",0.00481897269469515,0.0101086580175932,6,1,-0.484315780858416,1,1
"ENSG00000186395",6.39270173829482e-05,0.0157927648628752,4,1,-0.479130982038081,1,0.833333333333333
"ENSG00000128699",0.00217521941815016,0.146621365366035,5,0,0.477374222318107,0.833333333333333,0.833333333333333
"ENSG00000149182",0.00114204954204024,0.392333482529173,5,0,0.476815800369442,1,0.666666666666667
"ENSG00000074201",0.018865296703025,0,2,2,-0.476305911488096,1,0.833333333333333
"ENSG00000108587",7.44334632955592e-06,1,4,0,-0.473980171509285,1,0.833333333333333
"ENSG00000103351",0.00893442255964071,0.00205088074071725,3,2,-0.473889998981292,1,1
"ENSG00000111907",0.0154280628830675,0.00378937189755491,4,2,0.472864072369554,1,1
"ENSG00000111142",0.0011300393241717,1,3,0,-0.472001972809487,1,1
"ENSG00000116661",3.29749089865192e-06,1,3,0,-0.471448042316791,1,1
"ENSG00000185055",0.000315704971608658,0.00235892938699748,6,1,0.471187422848902,1,0.833333333333333
"ENSG00000154380",0.0124664440763712,0.00670364556914463,3,2,0.470657182197429,1,0.833333333333333
"ENSG00000103876",0.0277154399679863,1,4,0,0.468411092196599,0.833333333333333,0.666666666666667
"ENSG00000138668",0.0129958646863292,0.954632365224359,4,0,0.466242090129398,1,0.833333333333333
"ENSG00000263001",0.0266768965469649,0.762885211385448,4,0,-0.465943048973769,1,0.833333333333333
"ENSG00000153292",0.000395836888675436,1,7,0,-0.46522585270236,1,1
"ENSG00000198692",0.0195765583845355,0,2,2,-0.464423747512113,1,1
"ENSG00000148248",0.0200191381639997,0.310058741094119,4,0,-0.463725803613187,1,0.666666666666667
"ENSG00000156313",0.00823263811343223,0.226041791642521,6,0,-0.463320472023151,1,1
"ENSG00000138772",1.24720367942811e-18,1,4,0,0.463145455131186,1,1
"ENSG00000103415",5.07434738623828e-06,0.115457708906232,5,0,0.462686562056013,1,1
"ENSG00000156256",0.0408341846753419,1,5,0,0.461536326002872,0.833333333333333,0.666666666666667
"ENSG00000141524",0.00338980353076359,0.587775776289917,4,0,0.460942829660397,1,0.666666666666667
"ENSG00000175324",2.31592749847505e-10,1,5,0,-0.451612166564611,1,1
"ENSG00000029363",0.00410043486854364,1,6,0,-0.449377661618009,1,1
"ENSG00000147894",0.0131845798543089,0.38626127935358,4,0,0.448049975288569,1,0.833333333333333
"ENSG00000047457",8.0700048892411e-05,1,7,0,-0.447831794006123,1,0.833333333333333
"ENSG00000138796",0.00182231161288166,0.00570494434007226,4,1,0.447744830319143,1,1
"ENSG00000173588",0.00132616576279065,1,6,0,-0.445992280087371,1,0.833333333333333
"ENSG00000143947",2.29811882678881e-67,0,2,2,0.444968406888762,1,1
"ENSG00000258752",5.43952917206161e-07,0.027595242176293,3,1,-0.441264229944719,1,1
"ENSG00000150773",3.62757882870633e-07,1,5,0,-0.437496744736369,1,0.833333333333333
"ENSG00000129534",0.0137899627029259,1,5,0,-0.435941358825153,1,0.666666666666667
"ENSG00000160113",1.70858652589471e-10,2.25991449391706e-07,4,2,-0.43544590274311,1,1
"ENSG00000141504",4.86141759216785e-05,0.303003605968803,4,0,-0.432742402142374,1,1
"ENSG00000196344",3.60617785585089e-09,0.19386420693853,5,0,-0.43234619251338,1,0.833333333333333
"ENSG00000068001",0.0184099761997614,1,4,0,0.431077241968657,1,1
"ENSG00000070756",4.25257115693237e-29,3.01888529697511e-10,5,1,0.43100348980784,1,1
"ENSG00000239467",0.0401296850650152,1,5,0,-0.430710587368817,1,0.666666666666667
"ENSG00000063854",1.91948646298911e-14,0.000760891454977331,4,1,-0.429629399794348,1,1
"ENSG00000162073",0.0453269662214898,1,3,0,0.428852605792781,1,0.833333333333333
"ENSG00000119950",0.00383590340664285,1,6,0,-0.428570475898371,1,1
"ENSG00000067182",0.00115364275848306,0.00155449351908895,3,2,0.428426108257728,1,1
"ENSG00000206199",0.0087579984050345,0.00976001816685137,4,1,-0.428262400985141,1,1
"ENSG00000184584",0.0176169417228169,0.00596926612103201,4,1,-0.427791704824323,1,1
"ENSG00000178104",0.0484285675611054,0,2,2,-0.427009238583243,1,1
"ENSG00000102897",0.0431677364718023,1,6,0,-0.426216296404548,1,0.666666666666667
"ENSG00000225470",3.11778168966149e-09,1,7,0,0.425774802004149,1,0.833333333333333
"ENSG00000150779",0.00224124977963037,1,3,0,0.424234695424529,1,0.833333333333333
"ENSG00000133318",2.65716594555885e-05,0.000455402292821443,4,1,-0.423704366975698,1,1
"ENSG00000139644",4.52821176851864e-11,6.10583933752805e-06,5,1,0.422529305140595,1,1
"ENSG00000183291",6.42935803747112e-05,0.036241751129794,4,1,-0.421052966602042,1,1
"ENSG00000072110",9.4012712045156e-07,1,5,0,-0.421052631575516,1,1
"ENSG00000123240",4.31361222484162e-08,0.396833718439395,9,0,-0.42096364014551,1,0.666666666666667
"ENSG00000198492",5.54954309164582e-09,1,6,0,-0.420479885333123,1,0.833333333333333
"ENSG00000187492",2.63968483854448e-05,1,4,0,-0.420296511804984,1,1
"ENSG00000177459",0.000201608986437012,0.00309721791561285,3,1,0.418855450726541,1,0.833333333333333
"ENSG00000158423",0.00181557448776111,1,7,0,-0.416667115066472,1,1
"ENSG00000136235",0.0147690389246347,0.668569357653623,6,0,0.416666580032148,1,0.833333333333333
"ENSG00000114354",1.60990062445447e-05,0.00134284847816541,5,1,-0.416142988636098,1,1
"ENSG00000011009",0.00615433400883347,0.25242886865061,3,0,-0.41406588306663,1,1
"ENSG00000011198",0.00809659864867611,0.223692272704678,4,0,-0.414025029529681,1,1
"ENSG00000168259",1.83969320623184e-05,0.0178115641386098,4,1,-0.413974610891108,1,1
"ENSG00000113712",6.65787536104891e-23,0.0291203581151239,13,1,-0.409862267791347,1,0.666666666666667
"ENSG00000136279",0.000107304405552983,0.0381082144020637,6,1,0.409421483214275,1,1
"ENSG00000145779",2.28164304519392e-06,0.989796729927015,5,0,-0.409090457398732,1,1
"ENSG00000234465",0.00829066703377705,1,4,0,0.408762289627391,1,1
"ENSG00000125944",8.51621720554131e-17,1,8,0,0.408737885830909,1,1
"ENSG00000100129",4.23761536747396e-15,1,6,0,0.40853671947764,1,1
"ENSG00000185825",2.33848200150694e-07,0.000103741395481229,4,1,-0.408015446484077,1,1
"ENSG00000064490",6.85002639254667e-06,1,5,0,0.407996611305888,1,0.833333333333333
"ENSG00000120860",0.0144642582193341,0.0713933968879303,4,0,0.407655824673492,1,1
"ENSG00000025708",4.46303058162133e-19,4.7355809106325e-07,5,1,0.407465025813949,1,1
"ENSG00000204580",4.12921250603197e-06,1,8,0,0.40742417227991,1,0.833333333333333
"ENSG00000089356",1.18743532881376e-42,6.22133728109346e-43,3,2,0.406975853275933,1,1
"ENSG00000245694",1.05340816563955e-15,0.00010358025988294,9,1,-0.406750415226231,1,1
"ENSG00000160752",1.24429799367208e-18,0.686872557911772,8,0,-0.405306561522866,1,1
"ENSG00000146963",0.00157706702067416,1,5,0,-0.401821605436561,1,1
"ENSG00000151327",0.000227999117386195,1,6,0,-0.400063466475204,1,1
"ENSG00000172845",0.016863045072901,0.806607946371788,6,0,-0.400000000000016,1,0.5
"ENSG00000100592",0.00313886624165233,1,4,0,0.396788265539772,1,1
"ENSG00000073584",0.00584279564462062,1,7,0,-0.395835961027929,1,0.833333333333333
"ENSG00000107372",0.000253768226686966,0.00710416427677245,4,1,0.394597826243649,1,1
"ENSG00000198736",0.000139056379510708,0.0319928262242841,4,1,-0.393443077022658,1,1
"ENSG00000132581",1.67923923374266e-06,0.33583984179286,4,0,-0.39108314807788,1,1
"ENSG00000137098",0.00469931472245729,0.00173259293890274,5,1,-0.390025121358596,1,1
"ENSG00000105176",0.00202930633172595,0.991083531182575,5,0,-0.388752677570885,1,0.833333333333333
"ENSG00000049656",0.0290793887489144,0.875461184149779,3,0,-0.38669717433377,1,1
"ENSG00000162772",5.2655492105809e-07,0.0760829838885766,4,0,-0.38607100977865,0.833333333333333,0.666666666666667
"ENSG00000133606",2.4175673074882e-06,1,9,0,-0.384614608635457,1,0.833333333333333
"ENSG00000174243",0.0101578093280258,1,4,0,-0.382824915341583,1,0.833333333333333
"ENSG00000135363",0.0311566128649844,1,6,0,0.379450688541334,1,1
"ENSG00000206053",3.96460375382065e-06,0.427333497897814,4,0,-0.379017313761505,1,1
"ENSG00000124074",0.0144205190135916,0.136427133216124,3,0,0.378270019007529,1,1
"ENSG00000104450",0.0123415363248256,1,6,0,-0.375429628019784,1,0.833333333333333
"ENSG00000122482",0.0128705464261593,1,6,0,0.374999690708781,1,0.833333333333333
"ENSG00000138119",1.61922203407115e-09,1,5,0,0.37264062631503,1,1
"ENSG00000168036",1.39571671441375e-05,1,7,0,-0.372590386255238,1,0.833333333333333
"ENSG00000184012",0.0394234857741792,1,5,0,-0.372562810363636,1,0.666666666666667
"ENSG00000117620",1.59933207175719e-06,1,10,0,0.369468690965779,1,0.666666666666667
"ENSG00000007174",8.0700048892411e-05,1,5,0,-0.367006733828911,1,1
"ENSG00000115685",0.0128955099514012,0.00120018461538023,5,1,0.364642149926431,1,1
"ENSG00000169926",0.0164437397462103,1,4,0,-0.364610924999765,1,1
"ENSG00000197748",0.0115543451588611,0.422331886902285,4,0,-0.364519219630487,1,1
"ENSG00000082153",7.89417782674053e-09,0.0408749064093133,4,1,0.363978893078904,1,1
"ENSG00000197119",0.00479632228554099,0.491298564903222,6,0,-0.36363594865708,1,0.833333333333333
"ENSG00000221978",0.0306670622667227,1,8,0,-0.363634576526538,0.833333333333333,0.833333333333333
"ENSG00000169398",0.00187343726042978,1,7,0,0.363557457513421,1,0.666666666666667
"ENSG00000110958",6.25408213549576e-13,0.00421419041403445,4,1,0.362250756139056,1,1
"ENSG00000104695",0.00206783084313065,0.00490518016746142,3,1,0.360279174146799,1,1
"ENSG00000183742",0.00229125234661812,1,7,0,-0.35460317833122,1,0.666666666666667
"ENSG00000032389",0.00481291299924437,1,6,0,-0.354382810361299,1,1
"ENSG00000139218",0.0129379180753603,1,6,0,-0.354316739394975,1,0.833333333333333
"ENSG00000080823",0.0476402637217514,0.09355168376672,6,0,-0.353722003542321,0.833333333333333,0.833333333333333
"ENSG00000178741",2.09905392143019e-20,4.05288449448296e-08,3,1,0.353061989556286,1,1
"ENSG00000103495",0.00371164033621551,1,6,0,-0.352940589704905,1,0.833333333333333
"ENSG00000176393",0.00446366917330331,1,4,0,-0.351758455654114,1,1
"ENSG00000179387",0.0354386248643154,0.191738810481987,3,0,0.351059760467312,1,1
"ENSG00000188603",0.0144643252285857,1,5,0,0.350667439891774,1,1
"ENSG00000160753",4.63152052950753e-08,1,10,0,-0.349999910777004,1,0.833333333333333
"ENSG00000104611",0.0490568698033911,0.819797476459932,6,0,0.342104934733649,1,0.833333333333333
"ENSG00000147140",0.0374547390879605,0.28207607464796,7,0,-0.341910839725581,1,1
"ENSG00000105655",0.0197459505603203,1,5,0,0.340308153758634,1,1
"ENSG00000147677",0.0268962999022956,0.378549701146366,3,0,0.340208454440512,1,1
"ENSG00000149573",0.00817352553657223,0.00472650059004009,4,1,0.338919753370426,1,1
"ENSG00000197930",0.0258722620771971,0.218703792710568,4,0,-0.338230701084463,1,1
"ENSG00000167920",0.0204452692294221,1,5,0,0.338047356810345,1,1
"ENSG00000154582",2.97701388818288e-14,1,9,0,0.337349215955595,1,1
"ENSG00000189376",3.06479130185743e-08,1,6,0,0.336104795184374,1,1
"ENSG00000112096",3.75423493554181e-09,1,7,0,-0.336093570805641,1,1
"ENSG00000067334",0.00443886510141867,1,4,0,-0.334076424065279,1,0.833333333333333
"ENSG00000162076",8.0700048892411e-05,0.0591610718851773,3,0,-0.333952537933068,1,1
"ENSG00000119333",0.000222882450796653,1,4,0,0.333789230055831,1,1
"ENSG00000158864",3.9707437319664e-05,2.59642863934473e-06,3,2,0.332796878154538,1,1
"ENSG00000135932",0.000403358818615391,0.256371303320727,3,0,-0.332730860342672,1,1
"ENSG00000144566",0.00435607363901727,0.84885848058325,4,0,0.329962086663853,1,1
"ENSG00000080824",3.89002598738049e-07,0.000128850433355782,3,1,-0.328957571048897,1,1
"ENSG00000002586",0.010592006711396,0.0246452081829138,3,1,0.32641085729126,1,1
"ENSG00000160201",0.0329901571851412,0,2,2,-0.325793869286108,1,1
"ENSG00000173812",1.2328725162497e-18,9.2879013167915e-21,3,1,-0.3245178934474,1,1
"ENSG00000166145",1.12413835041508e-08,0.00531831135198289,8,1,0.323804167395365,1,1
"ENSG00000204054",0.00462655819703249,1,7,0,-0.320737518203098,1,1
"ENSG00000108588",0.000265261679954264,1,3,0,-0.319597380158523,1,1
"ENSG00000176532",4.40948808183494e-05,1,5,0,-0.318232579868665,1,1
"ENSG00000090060",4.31682130003668e-06,1,7,0,-0.315799683263506,1,1
"ENSG00000001084",4.71154187000485e-06,1,6,0,-0.315158911876885,1,1
"ENSG00000148187",0.048317837878198,1,6,0,-0.312568121761832,1,0.5
"ENSG00000115457",1.58381271963385e-16,1.06843590754183e-14,4,2,-0.312117578540684,1,1
"ENSG00000188529",0.0401296850650152,1,7,0,-0.312108322493747,1,1
"ENSG00000106305",0.00225162357467106,1,3,0,-0.310882267382312,1,1
"ENSG00000148341",1.72936995144022e-05,1,6,0,0.309522952795785,1,1
"ENSG00000163932",0.0144419798666621,1,5,0,-0.309376309921022,1,0.833333333333333
"ENSG00000156508",3.79120293044667e-88,0,2,2,0.30933990603005,1,1
"ENSG00000102854",4.39300704611567e-07,0.0172024241582761,10,1,0.309324860712967,1,1
"ENSG00000161921",7.67097949676019e-05,1,6,0,0.309286837796209,1,1
"ENSG00000175334",8.54942120123821e-11,1,5,0,0.308868211277334,1,1
"ENSG00000111011",0.0103518009454547,1,8,0,-0.30879205184616,1,1
"ENSG00000141905",0.0476402637217514,0.497437889159277,6,0,-0.308333205726641,1,0.833333333333333
"ENSG00000175482",0.00274539234062968,1,6,0,-0.307727894066116,1,1
"ENSG00000164751",0.0141848503382227,0.0155855603019175,4,1,0.307413936685694,1,1
"ENSG00000136240",0.000506370524708739,0.000268850925832298,3,1,-0.30633585524149,1,1
"ENSG00000068438",0.00138803277639279,1,6,0,0.304075930534532,1,1
"ENSG00000144034",0.0109661056056185,1,4,0,-0.301158355099398,1,1
"ENSG00000134152",0.00276260308617988,0.454499191215375,5,0,0.299999743381916,0.833333333333333,0.833333333333333
"ENSG00000164054",0.0154654615140605,1,5,0,-0.299640213165461,1,1
"ENSG00000149089",0.0204452692294221,0.116424345189904,3,0,-0.299164845395281,1,1
"ENSG00000111912",0.0358460959759097,0.062865579471064,5,0,0.298022408631194,1,1
"ENSG00000133265",0.0231946620878917,1,5,0,-0.297450252985327,1,1
"ENSG00000171314",1.38620501504871e-16,1,3,0,-0.297425187978452,1,1
"ENSG00000131051",1.29655237813999e-11,1,11,0,-0.296296550960659,1,1
"ENSG00000114503",0.004224471917135,1,6,0,-0.29618368530971,1,0.833333333333333
"ENSG00000107672",0.0159016142796091,0.0497608051933064,4,1,-0.295131791278023,1,1
"ENSG00000197982",0.00263739151917278,0.00376007104978916,3,1,-0.291801784197852,1,1
"ENSG00000178951",2.23176108826523e-05,1,6,0,-0.291731191118472,1,1
"ENSG00000189171",0.00630807533941588,1,5,0,0.291666666615833,1,1
"ENSG00000126698",0.021672663776143,1,4,0,-0.290492042687378,1,1
"ENSG00000116754",1.91948646298911e-14,1,10,0,-0.286634016365667,1,1
"ENSG00000180964",0.000137434539438223,1,4,0,-0.285714176127729,1,1
"ENSG00000204387",0.0295732480763277,0.0143951345798379,3,1,-0.285033213734689,1,1
"ENSG00000163382",7.62003522362817e-05,0.863391434409648,3,0,0.283052227734242,1,1
"ENSG00000164924",0.000898120278661049,0.112237873627031,8,0,-0.28278357086928,1,1
"ENSG00000101940",6.47685502685097e-07,1,8,0,-0.280549607394873,1,1
"ENSG00000102119",0.0306670622667227,0.312181051474978,4,0,-0.279087851995472,1,1
"ENSG00000117395",0.00479632228554099,0.536634297695967,6,0,0.277461315749622,1,1
"ENSG00000113282",0.0208782350626151,0.253454772686144,6,0,0.277460205423768,1,1
"ENSG00000086544",0.0117825163478536,1,3,0,0.276342437199467,1,1
"ENSG00000143499",0.00410043486854364,1,4,0,0.275939827154603,1,1
"ENSG00000178057",1.67649514812652e-06,1,6,0,0.274303111626396,1,1
"ENSG00000081154",0.042959202169337,0.8683336095894,5,0,0.273596432854715,1,1
"ENSG00000115884",7.58638830272872e-05,1,5,0,-0.27315276519368,0.833333333333333,0.833333333333333
"ENSG00000128309",1.07965689560055e-09,1,5,0,0.272532003193219,1,1
"ENSG00000169223",9.54818897865151e-07,0.435775999194316,3,0,0.272039413506506,1,1
"ENSG00000186081",1.19986304530373e-40,1,3,0,-0.271434521013674,1,1
"ENSG00000118705",1.14773204373265e-05,0.0218940235458675,3,1,0.270101930352956,1,1
"ENSG00000172113",0.00255753376865675,1,8,0,0.270069328361948,1,0.666666666666667
"ENSG00000123159",3.53407137160279e-17,0.889917035382036,9,0,-0.267273519274395,1,1
"ENSG00000144848",0.00277638478348469,0.0631978286342584,4,0,0.266852976307727,1,1
"ENSG00000157601",1.16129593798264e-05,1,7,0,-0.266405836470672,1,1
"ENSG00000115310",0.000528883618052568,0.00501716518253457,4,1,-0.265826695335307,1,1
"ENSG00000149196",0.0133219304763759,0.263367751924176,3,0,0.260576388626518,1,1
"ENSG00000182670",0.000891594209781573,1,7,0,0.260117299278503,1,1
"ENSG00000137575",1.27799036369205e-06,0.358693087219556,4,0,-0.258064516129032,1,1
"ENSG00000100983",0.0102870362947063,1,3,0,-0.257353097899976,1,1
"ENSG00000152763",0.0488020680121336,1,5,0,0.256898869748496,0.833333333333333,0.833333333333333
"ENSG00000071127",0.0329401272313077,1,4,0,-0.256102421262832,1,0.833333333333333
"ENSG00000198242",6.5360019467967e-15,1,3,0,-0.255098576977659,1,1
"ENSG00000187954",1.48929581863079e-05,1,8,0,-0.252562933839115,1,1
"ENSG00000135185",0.00543821723188061,1,4,0,-0.252560524357037,1,1
"ENSG00000185803",0.0197459505603203,0.981767509810161,6,0,-0.251322381421666,1,1
"ENSG00000163565",0.000202840128625104,1,13,0,-0.25,1,0.833333333333333
"ENSG00000197956",1.48532731967902e-212,1,3,0,0.248547347718227,1,1
"ENSG00000141232",0.0367441210722466,0,2,2,-0.246716799812345,1,1
"ENSG00000176945",0.00195396748568688,0.238192408997438,6,0,-0.242973906239151,1,1
"ENSG00000099849",0.00417229796170829,1,6,0,0.241401044204179,1,1
"ENSG00000136810",3.68022682918038e-60,1,4,0,-0.240947676083465,1,1
"ENSG00000185187",0.0444484242551028,1,5,0,0.240437990816734,1,1
"ENSG00000272398",9.71635177111277e-05,0.000246885372086131,4,1,-0.240292303953386,1,1
"ENSG00000152700",0.02129898343674,1,3,0,0.239884071895531,1,1
"ENSG00000127125",3.42571743473032e-05,0.863556109920617,5,0,-0.239305178368436,1,1
"ENSG00000157992",1.97758496440104e-05,0.371731475171628,7,0,0.238526807208336,1,1
"ENSG00000112237",0.00572309025390234,1,5,0,0.238252065701123,1,1
"ENSG00000140416",0.00432249284290786,1,4,0,-0.23767114269157,1,1
"ENSG00000100360",0.00818327795750862,0.624525469366191,4,0,0.234772108570951,1,1
"ENSG00000167671",0.0466304205146449,0.972392809930665,4,0,0.234640713796971,1,0.833333333333333
"ENSG00000147676",0.0177515006541862,0,2,2,-0.234092745431162,1,1
"ENSG00000165119",9.54818897865151e-07,0.10283331002345,7,0,-0.233885501348517,1,1
"ENSG00000126581",0.00324322655436933,0.328649530759192,7,0,-0.232786409685767,1,1
"ENSG00000003402",0.00037679396967884,1,10,0,-0.232311521500173,1,1
"ENSG00000163466",1.48261675214328e-06,1.38446139063677e-06,3,1,-0.232015822120254,1,1
"ENSG00000204397",0.0197459505603203,1,5,0,0.231675636103663,1,0.833333333333333
"ENSG00000090054",0.049711933946286,1,4,0,0.231339839850218,1,1
"ENSG00000108479",0.0431639331457332,1,3,0,-0.231231230344634,1,1
"ENSG00000112110",0.00195037806143486,1,4,0,-0.230976771997332,1,1
"ENSG00000116857",0.016342515878495,1,3,0,-0.229610017456713,1,1
"ENSG00000093144",3.19425270771157e-05,1,8,0,0.229508196075782,1,1
"ENSG00000138085",2.87281156704635e-07,1,5,0,0.226053541257379,1,1
"ENSG00000204711",0.0141848503382227,0.0488745426921975,7,1,0.225907479094832,1,1
"ENSG00000147403",3.41414109605144e-14,7.62940487587092e-09,8,1,0.224880367341208,1,1
"ENSG00000173113",0.000577482088877396,0.0430606963904051,4,1,0.224572548524988,1,1
"ENSG00000006625",0.00326923138371749,0.808590301612605,4,0,0.222980067580067,1,1
"ENSG00000135535",4.16127928189691e-07,1,8,0,-0.222193113737963,1,1
"ENSG00000120992",0.000506370524708739,0.558428281451398,4,0,0.221820137130411,1,1
"ENSG00000167136",1.4989658147524e-07,0.0078056860723661,3,1,0.220639627020805,1,1
"ENSG00000173272",0.000153535048443057,1,4,0,-0.219316103657687,1,1
"ENSG00000115963",0.0207008430755504,0.031837580011116,6,1,-0.219024985869965,1,1
"ENSG00000198356",0.0428157286472901,0.0615788171866353,3,0,0.218728350703218,1,1
"ENSG00000164405",0.0136496547263816,0,2,2,0.218658075365355,1,1
"ENSG00000105698",0.0237109550495729,1,4,0,0.218500124403203,1,1
"ENSG00000159720",0.000157433897923778,0.0264529879932264,3,1,-0.218451113835069,1,1
"ENSG00000106605",0.04705386028142,0,2,2,0.21694390023918,1,1
"ENSG00000004838",1.7027248062693e-10,1,5,0,0.214634597690119,1,1
"ENSG00000228723",0.000233975622799174,1,5,0,-0.21370503425868,1,1
"ENSG00000023191",0.0182147426404662,0.00626789876349533,5,1,0.212755934363885,1,1
"ENSG00000104852",2.95809675914788e-06,0.195849026626051,5,0,-0.212487361211336,1,1
"ENSG00000137776",0.000137480454433593,1,8,0,0.210812373979435,1,1
"ENSG00000138674",0.000848567190354907,1,7,0,0.21070326510935,1,0.833333333333333
"ENSG00000135373",4.3741324089127e-07,0.000105771401100149,6,1,-0.209835315114189,1,1
"ENSG00000123395",0.00415243165787703,0.0284858784018111,4,1,0.209485399936246,1,1
"ENSG00000100138",2.06551454559624e-05,1,5,0,-0.208215553629003,1,1
"ENSG00000131236",9.43941628362878e-05,1,8,0,-0.207300093032768,1,1
"ENSG00000204385",0.000106928118167259,1,5,0,-0.206694900198306,1,1
"ENSG00000189067",0.0359986759596641,1,7,0,0.206365725240909,1,1
"ENSG00000114209",5.16444897334847e-05,1,7,0,-0.203787785795608,1,1
"ENSG00000109016",0.0186624298713362,0.926067364407785,4,0,0.203464530618246,1,1
"ENSG00000265190",0.0235528306219944,1,3,0,-0.203205535337303,1,1
"ENSG00000163040",0.0443427197132304,0,2,2,-0.202925084321726,1,1
"ENSG00000166164",0.0307422039380374,1,4,0,-0.200185195628757,1,0.833333333333333
"ENSG00000130511",4.39300704611567e-07,1,10,0,-0.198243300312462,1,1
"ENSG00000172239",0.000170854303588118,1,6,0,-0.197798368044729,1,1
"ENSG00000077942",0.0483482143147763,0.307598612944999,3,0,0.195825271478778,1,1
"ENSG00000185499",2.82452162630479e-07,1,8,0,0.19526344772982,1,1
"ENSG00000078674",7.43272805956156e-07,0.837363315346623,11,0,0.195042506531655,1,1
"ENSG00000158092",0.000619934407011115,1,6,0,-0.194943306919811,1,1
"ENSG00000100519",0.04705386028142,0.0243389959305042,3,1,-0.193954312081699,1,1
"ENSG00000105289",0.00258212393317701,1,7,0,-0.19354825067472,1,1
"ENSG00000166333",0.0362211965758872,1,4,0,0.192824272164321,1,1
"ENSG00000070526",5.88242288940011e-05,1,6,0,-0.191204244228032,1,1
"ENSG00000176788",2.91802715197523e-06,1,3,0,-0.190686201341632,1,1
"ENSG00000057149",5.62832939006463e-48,1.02585019373115e-34,4,1,0.190307911535426,1,1
"ENSG00000162496",7.93875684719523e-09,1,7,0,0.188981774091355,1,1
"ENSG00000120805",0.0180733526113277,1,3,0,-0.188394258104006,1,1
"ENSG00000171604",0.021352002999644,0.753634128759044,6,0,0.188269946270354,1,1
"ENSG00000197446",0.00170701568574189,0.163700284014056,10,0,-0.187786358408288,1,1
"ENSG00000103275",0.0428887933506182,1,8,0,-0.187498971648011,1,0.833333333333333
"ENSG00000014216",0.0128705464261593,1,8,0,-0.187384772323973,1,1
"ENSG00000131037",8.05522381816118e-06,1,6,0,-0.186728935850406,1,1
"ENSG00000104763",0.00455206308298722,0.454643379761706,4,0,0.186301096869132,1,1
"ENSG00000167460",0.0106281804292552,0.272584274621495,6,0,-0.186029926086547,1,1
"ENSG00000166946",0.0103921977735136,0.0544111332657751,4,0,0.185261975151294,1,1
"ENSG00000129657",0.0180733526113277,1,6,0,-0.185185098336402,1,1
"ENSG00000115484",2.10492366256131e-06,1,4,0,-0.184914633567812,1,1
"ENSG00000143222",3.56715120715039e-20,1,4,0,-0.182590566447854,1,1
"ENSG00000215187",0.0325989595118563,1,13,0,0.182364906274752,1,1
"ENSG00000096093",0.0487841865682597,1,8,0,-0.181818638430178,1,1
"ENSG00000173467",2.44652746032055e-07,0.00323183141768228,4,1,0.180684511522607,1,1
"ENSG00000087842",0.0235226955330093,1,4,0,0.180205487316779,1,1
"ENSG00000117525",6.71802576667614e-11,1,4,0,0.176470504870481,1,1
"ENSG00000184110",0.00170158322206324,1,7,0,0.17627601619782,1,1
"ENSG00000042753",0.011200869112245,0.0274374497682059,4,1,-0.176091529675287,1,1
"ENSG00000172725",3.91567490583479e-06,1,3,0,0.17492530692966,1,1
"ENSG00000138326",2.45430068405825e-31,1,4,0,-0.174851322965636,1,1
"ENSG00000165272",5.7306288735722e-31,1,3,0,0.173149650785874,1,1
"ENSG00000068697",3.8397905255626e-16,1,4,0,-0.172268661962725,1,1
"ENSG00000162909",0.000383338776254973,0,2,2,-0.171832310401455,1,1
"ENSG00000175183",0.0237109550495729,1,4,0,-0.171488688415698,1,1
"ENSG00000128016",4.00925067452738e-08,1,3,0,-0.171401445850575,1,1
"ENSG00000166598",6.39270173829482e-05,1,4,0,-0.171382631383025,1,1
"ENSG00000084234",0.000427530047978777,1,8,0,-0.171270817786304,1,1
"ENSG00000153774",0.000156210783449813,1,8,0,-0.169756248225483,1,1
"ENSG00000125611",0.00129490852990522,1,3,0,-0.169211290758918,1,1
"ENSG00000123416",1.05022610517919e-11,1,3,0,0.167765887451013,1,1
"ENSG00000175203",0.0387583414206161,1,4,0,0.166220003183041,1,1
"ENSG00000073737",9.71635177111277e-05,1,5,0,-0.166133267549505,1,1
"ENSG00000143420",0.000146299922654757,1,5,0,-0.166020689356046,1,1
"ENSG00000170035",0.00033715750563409,1,7,0,0.165549744868747,1,1
"ENSG00000174950",0.0267285039273794,1,4,0,-0.165522090361188,1,1
"ENSG00000160813",0.0412049245722995,1,6,0,-0.164639565164936,1,1
"ENSG00000128274",0.00572309025390234,1,7,0,-0.163709692975572,1,1
"ENSG00000174547",0.0125217329098149,0.936173940164299,3,0,0.163395907221721,1,1
"ENSG00000089063",0.0218963508032426,1,5,0,-0.160886749461218,1,1
"ENSG00000166710",1.9950587075684e-06,1,6,0,-0.15977529954972,1,1
"ENSG00000111639",0.000587591812101339,1,4,0,-0.158613055602029,1,1
"ENSG00000042493",0.0022120112556377,1,6,0,0.157971215943754,1,1
"ENSG00000099783",3.2538505149197e-08,0.613279227526458,6,0,-0.152467706216076,1,1
"ENSG00000168522",0.00182231161288166,1,5,0,-0.151093430290207,1,1
"ENSG00000122359",0.0325989595118563,1,6,0,-0.150649850076283,1,1
"ENSG00000164105",0.0142578586985655,1,3,0,-0.149821533226413,1,1
"ENSG00000169908",0.00081827846577981,1,3,0,-0.147711916176,1,1
"ENSG00000126524",0.000443797376226052,1,5,0,-0.146127401329415,1,1
"ENSG00000105854",4.14695824587481e-07,1,7,0,-0.145833330691304,1,1
"ENSG00000213585",0.0249585907227632,1,3,0,-0.145347760791345,1,1
"ENSG00000099622",0.0218963508032426,1,4,0,-0.142402961740288,1,1
"ENSG00000125458",0.0154206090365653,1,3,0,0.140475295664421,1,1
"ENSG00000168066",0.0155659175050783,1,7,0,-0.136626939302643,1,1
"ENSG00000213145",0.0041123647342416,1,6,0,-0.136034365598836,1,1
"ENSG00000168610",0.0310775460094715,1,6,0,-0.134444694281573,1,1
"ENSG00000072210",0.0164423865457673,1,7,0,0.134020509197594,1,1
"ENSG00000087460",2.46643085719443e-16,1,11,0,-0.133332291316075,1,1
"ENSG00000108654",9.5722396939763e-07,1,6,0,0.132029215504424,1,1
"ENSG00000130429",1.46389566571816e-08,1,3,0,-0.131098404461411,1,1
"ENSG00000163931",1.86061876841406e-06,0.660179550986948,3,0,-0.130876771933388,1,1
"ENSG00000118680",5.39524579767644e-05,0,2,2,-0.12986425218508,1,1
"ENSG00000100650",0.000342815609038427,1,5,0,-0.127784726171649,1,1
"ENSG00000176209",0.000140582215760249,1,8,0,0.127243168131205,1,1
"ENSG00000100219",5.18475840804653e-09,1,6,0,0.126661459344932,1,1
"ENSG00000128463",0.0197459505603203,0.288528472124192,3,0,0.126499862194874,1,1
"ENSG00000002330",0.0148892087039347,1,3,0,-0.126353916717726,1,1
"ENSG00000164032",4.79887227149561e-05,0,2,2,0.126097760178646,1,1
"ENSG00000168374",0.0288772661566104,1,3,0,0.126082833370107,1,1
"ENSG00000065054",3.31931130581891e-07,1,5,0,-0.123274376977396,1,1
"ENSG00000178952",0.000541544291011527,0,2,2,-0.123188269087423,1,1
"ENSG00000053371",2.65716594555885e-05,1,3,0,-0.122607714050083,1,1
"ENSG00000067225",0.00384499116579645,1,3,0,0.121292175535349,1,1
"ENSG00000109180",0.00180557119666637,1,5,0,0.120894116316539,1,1
"ENSG00000162949",0.00134917434838834,1,6,0,-0.120886329478749,1,1
"ENSG00000115875",2.67540449151256e-06,1,5,0,-0.120763882089181,1,1
"ENSG00000160799",0.0475719113052922,1,6,0,0.120503860412068,1,1
"ENSG00000169813",0.0234950343174103,1,9,0,-0.120090402562179,1,1
"ENSG00000069849",0.000646208098545363,1,3,0,-0.118782546685217,1,1
"ENSG00000147123",0.000153535048443057,1,5,0,-0.118497314951229,1,1
"ENSG00000116478",0.0109661056056185,0.610371887114689,3,0,0.117126153652601,1,1
"ENSG00000130255",5.34840587523041e-05,1,5,0,-0.116328339916977,1,1
"ENSG00000177426",0.00724410805737452,1,9,0,-0.115529393669571,1,1
"ENSG00000159335",0.0125217329098149,1,3,0,0.112555067111617,1,1
"ENSG00000159588",0.00277557968808767,1,14,0,-0.111197824304153,1,1
"ENSG00000090621",0.0305959654784959,1,7,0,-0.107754585389298,1,1
"ENSG00000160180",0.0338099867875255,1,3,0,0.105825346231958,1,1
"ENSG00000166165",6.19330698385426e-06,1,3,0,0.103749565919433,1,1
"ENSG00000140284",0.0243538300561335,1,3,0,-0.101802467510151,1,1
"ENSG00000112514",0.0157066584197064,0.126462164336877,7,0,-0.101468804292097,1,1
"ENSG00000163435",1.67923923374266e-06,1,5,0,0.100652423949815,1,1
"ENSG00000205420",3.81463441766215e-25,1,3,0,-0.097231475939209,1,1
"ENSG00000172500",0.00063814658324492,1,4,0,-0.0961546249203933,1,1
"ENSG00000102316",1.66072157320959e-05,1,6,0,0.0954780499438296,1,1
"ENSG00000108602",0.0124664440763712,0,2,2,-0.0947091339420294,1,1
"ENSG00000198074",0.0154206090365653,1,3,0,0.0947028668534029,1,1
"ENSG00000005001",0.002567418374066,1,5,0,0.0929413629143319,1,1
"ENSG00000185624",0.00262146481166152,1,6,0,-0.0910003440932535,1,1
"ENSG00000075415",2.87643283842056e-11,1,3,0,0.0907571028972978,1,1
"ENSG00000185043",0.015238466853336,0,2,2,-0.089760259077604,1,1
"ENSG00000182220",0.00866513343720038,1,5,0,-0.0896823603374414,1,1
"ENSG00000265681",1.66068542163555e-15,1,3,0,-0.0887317094191921,1,1
"ENSG00000060138",0.0140916209963098,1,5,0,-0.0885915819126292,1,1
"ENSG00000140319",0.0394234857741792,0,2,2,-0.0830662878965172,1,1
"ENSG00000142765",3.48230075887858e-06,1,6,0,0.0809757240761456,1,1
"ENSG00000027697",0.0198430927238633,1,4,0,-0.0804961407452676,1,1
"ENSG00000169738",0.00338730153500104,1,4,0,-0.0795106086413143,1,1
"ENSG00000109971",0.00299644384133669,1,3,0,-0.0761927561217683,1,1
"ENSG00000085063",5.34033969481095e-07,1,8,0,0.0760271981029395,1,1
"ENSG00000100902",0.0353018356784623,1,3,0,0.0722844364902864,1,1
"ENSG00000198563",0.0349785958828102,1,5,0,0.0695819766753323,1,1
"ENSG00000130066",3.54109746543667e-11,1,5,0,0.0685702257817547,1,1
"ENSG00000106211",9.44056386050834e-19,1,3,0,0.0681891834333094,1,1
"ENSG00000170421",0.0325989595118563,1,3,0,0.0665107479891439,1,1
"ENSG00000181019",0.00391613022036912,1,5,0,-0.0659330243580566,1,1
"ENSG00000196139",0.0235528306219944,0,2,2,0.0591485122389495,1,1
"ENSG00000163739",0.000443797376226052,1,3,0,0.0570063826204691,1,1
"ENSG00000187514",0.00277557968808767,0,2,2,0.0549922256364939,1,1
"ENSG00000184009",0.000181260456391643,0,2,2,0.0509091831978299,1,1
"ENSG00000089009",0.0105035098544375,0,2,2,-0.0490594071913939,1,1
"ENSG00000118816",0.0131586289151725,0,2,2,0.0474140893393573,1,1
"ENSG00000174444",0.0306052857013568,0,2,2,0.0395835028218727,1,1
