"gene_ID"	"gene_qvalue"	"minimal_tx_qvalue"	"number_tx"	"number_significant_tx"	"max(Ciliated_UK_72hpi_child_Infected-Ciliated_UK_72hpi_adult_Infected)"	"pct_gene_expr"	"max_pct_tx_expr"
"ENSG00000112592"	"ENSG00000112592"	0.00321896149564198	0	2	2	0.721372496539368	1	0.833333333333333
"ENSG00000168077"	"ENSG00000168077"	2.14683309969684e-07	0	2	2	-0.679946634286812	1	1
"ENSG00000179832"	"ENSG00000179832"	0.0117075560327743	0	2	2	0.666982870694369	1	0.666666666666667
"ENSG00000168259"	"ENSG00000168259"	2.20947477490545e-28	0	2	2	0.64808378836679	1	1
"ENSG00000174021"	"ENSG00000174021"	2.2465528532002e-248	0	2	2	-0.643676553705141	1	1
"ENSG00000131203"	"ENSG00000131203"	1.66235825848551e-35	0	2	2	-0.623234464955226	1	1
"ENSG00000108468"	"ENSG00000108468"	1.76738142129116e-08	0	2	2	0.571197070286142	1	1
"ENSG00000119922"	"ENSG00000119922"	3.86703991963661e-28	0	2	2	-0.556072532121988	1	1
"ENSG00000140451"	"ENSG00000140451"	3.02047106117553e-05	0	2	2	-0.551771019398876	1	1
"ENSG00000224616"	"ENSG00000224616"	0.00204647165823484	0	2	2	-0.536508631486173	1	1
"ENSG00000184986"	"ENSG00000184986"	0.0339579731348333	0	2	2	-0.51385543544648	1	0.833333333333333
"ENSG00000197746"	"ENSG00000197746"	2.77757322324104e-06	0	2	2	0.483893027201086	1	1
"ENSG00000055211"	"ENSG00000055211"	5.61394060228341e-06	0	2	2	-0.451898435005889	1	1
"ENSG00000120699"	"ENSG00000120699"	0.00812123286377414	0	2	2	-0.441460088033891	1	1
"ENSG00000102554"	"ENSG00000102554"	4.92659252849186e-05	0	2	2	0.398259168292541	1	1
"ENSG00000135052"	"ENSG00000135052"	0.00213592749088564	0	2	2	-0.354245602599142	1	1
"ENSG00000141232"	"ENSG00000141232"	1.15490124044532e-20	0	2	2	0.351492170828383	1	1
"ENSG00000178741"	"ENSG00000178741"	1.9798546712377e-41	0	2	2	0.347682786947499	1	1
"ENSG00000156508"	"ENSG00000156508"	2.2465528532002e-248	0	2	2	-0.344885284941398	1	1
"ENSG00000001497"	"ENSG00000001497"	0.0184467077197897	0	2	2	-0.334795756621448	1	1
"ENSG00000256683"	"ENSG00000256683"	0.0219674146054933	0	2	2	-0.327676431206366	1	1
"ENSG00000205572"	"ENSG00000205572"	0.00693133896939365	0	2	2	0.327356819904962	1	1
"ENSG00000184924"	"ENSG00000184924"	2.55436840695959e-16	0	2	2	-0.293737432411086	1	1
"ENSG00000170540"	"ENSG00000170540"	1.56606873973585e-10	0	2	2	-0.285558932082059	1	1
"ENSG00000181458"	"ENSG00000181458"	0.0400296652556713	0	2	2	-0.281660791189696	1	1
"ENSG00000013275"	"ENSG00000013275"	2.735688668247e-15	0	2	2	0.270868323536137	1	1
"ENSG00000085117"	"ENSG00000085117"	6.90956117352577e-12	0	2	2	0.270234641915611	1	1
"ENSG00000140395"	"ENSG00000140395"	4.74433355942296e-07	0	2	2	-0.25727624846796	1	1
"ENSG00000143294"	"ENSG00000143294"	0.00831650808111399	0	2	2	0.25623316861367	1	1
"ENSG00000083535"	"ENSG00000083535"	0.0011155215286581	0	2	2	0.251206173063649	1	1
"ENSG00000130592"	"ENSG00000130592"	0.0190543984294444	0	2	2	0.243683573469911	1	1
"ENSG00000086504"	"ENSG00000086504"	0.00424107931680887	0	2	2	-0.238488524424656	1	1
"ENSG00000132341"	"ENSG00000132341"	3.91819404602894e-60	0	2	2	0.224868385977665	1	1
"ENSG00000013364"	"ENSG00000013364"	0.000438312812195989	0	2	2	-0.219358164822461	1	1
"ENSG00000155959"	"ENSG00000155959"	0.00242310227308259	0	2	2	-0.205284605592695	1	1
"ENSG00000164163"	"ENSG00000164163"	0.0434797550497028	0	2	2	0.205084620489923	1	1
"ENSG00000139644"	"ENSG00000139644"	0.000714843690993068	0	2	2	-0.183311421224238	1	1
"ENSG00000123684"	"ENSG00000123684"	0.0463550188357783	0	2	2	-0.180220908223989	1	1
"ENSG00000242372"	"ENSG00000242372"	3.57328365830051e-06	0	2	2	0.168222845826563	1	1
"ENSG00000233927"	"ENSG00000233927"	0.0205392331922951	0	2	2	-0.164291113618747	1	1
"ENSG00000146701"	"ENSG00000146701"	6.71971551326896e-06	0	2	2	0.161738290081864	1	1
"ENSG00000168394"	"ENSG00000168394"	4.67559464762422e-05	0	2	2	-0.15970648553226	1	1
"ENSG00000173992"	"ENSG00000173992"	2.93858110832135e-05	0	2	2	0.157834996500895	1	1
"ENSG00000160201"	"ENSG00000160201"	0.00927907550660058	0	2	2	-0.156686233586377	1	1
"ENSG00000070540"	"ENSG00000070540"	0.0356884779961115	0	2	2	-0.154718124733076	1	1
"ENSG00000173113"	"ENSG00000173113"	1.09220908458279e-08	0	2	2	-0.154308301222449	1	1
"ENSG00000177459"	"ENSG00000177459"	0.00390057555615813	0	2	2	0.141307260053374	1	1
"ENSG00000117984"	"ENSG00000117984"	8.19740955057641e-10	0	2	2	-0.129507142202696	1	1
"ENSG00000173418"	"ENSG00000173418"	0.00145322234256401	0	2	2	0.122606429280395	1	1
"ENSG00000131871"	"ENSG00000131871"	8.81472892203497e-06	0	2	2	-0.121985959307457	1	1
"ENSG00000071462"	"ENSG00000071462"	3.67782962006315e-05	0	2	2	-0.116455192239283	1	1
"ENSG00000109255"	"ENSG00000109255"	0.0173752045219459	0	2	2	-0.108796098957859	1	1
"ENSG00000198668"	"ENSG00000198668"	0.0148083937743	0	2	2	0.107871126202486	1	1
"ENSG00000177156"	"ENSG00000177156"	0.00019844504946612	0	2	2	0.103744374276418	1	1
"ENSG00000164346"	"ENSG00000164346"	0.00988216322700793	0	2	2	0.102205714520529	1	1
"ENSG00000163170"	"ENSG00000163170"	0.0241234229430563	0	2	2	0.102088256005038	1	1
"ENSG00000174917"	"ENSG00000174917"	0.0195137591840736	0	2	2	0.0977033113299873	1	1
"ENSG00000128654"	"ENSG00000128654"	0.0445779822575344	0	2	2	-0.0968074028779793	1	1
"ENSG00000206075"	"ENSG00000206075"	1.50520896531406e-08	0	2	2	-0.0964365193863016	1	1
"ENSG00000159388"	"ENSG00000159388"	0.00145906631471072	0	2	2	-0.0957204660910413	1	1
"ENSG00000155957"	"ENSG00000155957"	0.00296496545794608	0	2	2	0.09175048153963	1	1
"ENSG00000144713"	"ENSG00000144713"	7.21732143815072e-63	0	2	2	0.0916487384581115	1	1
"ENSG00000132002"	"ENSG00000132002"	2.26738539745996e-06	0	2	2	0.0883285457869237	1	1
"ENSG00000273841"	"ENSG00000273841"	0.0200323352843237	0	2	2	-0.0873129178001683	1	1
"ENSG00000126457"	"ENSG00000126457"	0.000699429139240202	0	2	2	-0.0870841637337453	1	1
"ENSG00000063046"	"ENSG00000063046"	0.00979812664128893	0	2	2	-0.0867270623655482	1	1
"ENSG00000108774"	"ENSG00000108774"	0.000885071678754965	0	2	2	0.085856558830444	1	1
"ENSG00000117632"	"ENSG00000117632"	0.0499432578853346	0	2	2	0.0842580835254748	1	1
"ENSG00000140319"	"ENSG00000140319"	6.99619388202103e-08	0	2	2	0.0810685461152163	1	1
"ENSG00000135698"	"ENSG00000135698"	0.0398673605325026	0	2	2	0.0765746728750265	1	1
"ENSG00000167862"	"ENSG00000167862"	0.0307112409316835	0	2	2	0.0679570273329079	1	1
"ENSG00000077549"	"ENSG00000077549"	0.0362450712685916	0	2	2	0.0647259271600968	1	1
"ENSG00000118418"	"ENSG00000118418"	0.0280313765830485	0	2	2	0.0637798823081124	1	1
"ENSG00000204592"	"ENSG00000204592"	0.00848040161952152	0	2	2	0.0587269801104505	1	1
"ENSG00000120129"	"ENSG00000120129"	9.06179438997499e-17	0	2	2	0.0570607220249378	1	1
"ENSG00000186081"	"ENSG00000186081"	0.00812123286377414	0	2	2	0.0548469025001117	1	1
"ENSG00000205323"	"ENSG00000205323"	0.0419856031183919	0	2	2	-0.054361302833836	1	1
"ENSG00000118181"	"ENSG00000118181"	1.36505582491638e-07	0	2	2	-0.0542101061202278	1	1
"ENSG00000204264"	"ENSG00000204264"	0.000772624928520324	0	2	2	-0.0536784758659335	1	1
"ENSG00000241685"	"ENSG00000241685"	6.38898206733881e-05	0	2	2	-0.0526620681774207	1	1
"ENSG00000159199"	"ENSG00000159199"	0.0190543984294444	0	2	2	-0.0501440939355129	1	1
"ENSG00000067829"	"ENSG00000067829"	0.0199069338679539	0	2	2	0.0458443756839201	1	1
"ENSG00000092841"	"ENSG00000092841"	0.0235975062115118	0	2	2	-0.0431112872535862	1	1
"ENSG00000165272"	"ENSG00000165272"	5.43884509206723e-11	0	2	2	-0.0361262479359449	1	1
"ENSG00000089157"	"ENSG00000089157"	4.97835283902291e-07	0	2	2	-0.034846486667495	1	1
"ENSG00000184009"	"ENSG00000184009"	1.45648804775471e-12	0	2	2	-0.034755211549875	1	1
"ENSG00000116251"	"ENSG00000116251"	0.00741269850692795	0	2	2	-0.0334609054285834	1	1
"ENSG00000265681"	"ENSG00000265681"	4.48809444177358e-07	0	2	2	-0.031029400127437	1	1
"ENSG00000111640"	"ENSG00000111640"	0.000357124524999996	0	2	2	0.0305219150091703	1	1
"ENSG00000131981"	"ENSG00000131981"	0.000105885858735051	0	2	2	0.0274460187343093	1	1
"ENSG00000171345"	"ENSG00000171345"	1.05865533830463e-50	0	2	2	-0.0241374365460133	1	1
"ENSG00000188846"	"ENSG00000188846"	0.000211275832583141	0	2	2	-0.0212790407350169	1	1
"ENSG00000241343"	"ENSG00000241343"	0.0304973074969918	0	2	2	0.0200868461063207	1	1
"ENSG00000142676"	"ENSG00000142676"	0.00196384225836063	0	2	2	0.0165071058242996	1	1
"ENSG00000108298"	"ENSG00000108298"	1.90870425087391e-06	0	2	2	-0.0146356976090716	1	1
"ENSG00000196754"	"ENSG00000196754"	2.2465528532002e-248	3.71611775693188e-269	4	1	0.809331084921975	1	1
"ENSG00000122026"	"ENSG00000122026"	2.2465528532002e-248	1.85805887846594e-268	3	1	0.369166466124476	1	1
"ENSG00000089356"	"ENSG00000089356"	5.84026859002936e-225	1.75077246292287e-212	3	2	-0.498488648955834	1	1
"ENSG00000167996"	"ENSG00000167996"	4.30236890140246e-189	4.42845561160863e-193	4	2	0.392319860251671	1	1
"ENSG00000143977"	"ENSG00000143977"	2.85815098539019e-173	1.2334544437983e-135	3	1	0.807924867147863	1	1
"ENSG00000241468"	"ENSG00000241468"	1.49135155450731e-203	3.74486254104228e-131	3	1	0.530887604515761	1	1
"ENSG00000168003"	"ENSG00000168003"	1.2202244677249e-177	7.40325591306986e-121	4	1	0.618884357627606	1	1
"ENSG00000114942"	"ENSG00000114942"	5.93694270291799e-185	4.07424607646154e-101	3	1	-0.196881223388059	1	1
"ENSG00000130429"	"ENSG00000130429"	5.53657323314976e-132	1.10395985132086e-100	4	1	0.411150170753319	1	1
"ENSG00000204387"	"ENSG00000204387"	4.59687941963102e-112	9.31440972733469e-82	3	1	0.742563199853541	1	1
"ENSG00000173812"	"ENSG00000173812"	5.59518640073993e-105	1.302651823416e-78	4	1	-0.272568395166872	1	1
"ENSG00000185567"	"ENSG00000185567"	2.05241931581842e-77	2.03929872348686e-76	4	1	0.91706113640946	1	1
"ENSG00000149273"	"ENSG00000149273"	2.2465528532002e-248	2.8250225140415e-72	6	1	-0.987420849375294	1	1
"ENSG00000157601"	"ENSG00000157601"	4.30003916100946e-188	3.85381074258936e-71	7	1	0.444955174838175	1	1
"ENSG00000174748"	"ENSG00000174748"	2.2465528532002e-248	3.35274844548369e-68	5	1	-0.834152683867866	1	1
"ENSG00000129235"	"ENSG00000129235"	1.20425173260168e-69	3.28534839367275e-54	3	1	-0.827790269492301	1	1
"ENSG00000189403"	"ENSG00000189403"	2.05934011543352e-247	1.01389400941888e-52	6	1	0.455547881305099	1	1
"ENSG00000158373"	"ENSG00000158373"	6.78961966084544e-115	1.02729223084778e-46	4	1	0.971538169032635	1	1
"ENSG00000197728"	"ENSG00000197728"	2.6635811739007e-45	1.13000542840361e-46	3	3	-0.849864702938132	1	1
"ENSG00000067225"	"ENSG00000067225"	5.99366446588201e-152	2.2657760707993e-46	4	1	0.3288167540769	1	1
"ENSG00000108848"	"ENSG00000108848"	4.69552644137152e-40	1.55157133910228e-38	3	1	-0.65882304972953	1	1
"ENSG00000138071"	"ENSG00000138071"	8.63486226631532e-73	2.34700391228423e-36	4	2	-0.905529208824044	1	1
"ENSG00000089127"	"ENSG00000089127"	1.70282302144655e-47	4.24171990736627e-35	6	2	0.467078024970254	1	1
"ENSG00000120256"	"ENSG00000120256"	3.88961497369965e-42	5.37896476370063e-35	3	1	-0.739590357272887	1	1
"ENSG00000122644"	"ENSG00000122644"	1.05343582540897e-34	2.2063547799709e-34	5	2	-0.492699887168659	1	1
"ENSG00000150753"	"ENSG00000150753"	5.1297388473094e-62	2.91059186618262e-34	3	1	0.552552140166724	1	1
"ENSG00000163931"	"ENSG00000163931"	2.26998062339725e-46	4.02381678951968e-34	3	2	-0.312932004505493	1	1
"ENSG00000108244"	"ENSG00000108244"	1.69260901061616e-45	1.11037022446574e-32	4	2	-0.236595404778271	1	1
"ENSG00000165949"	"ENSG00000165949"	6.44294961171784e-31	7.7029386975976e-32	3	1	-0.216796955405894	1	1
"ENSG00000101608"	"ENSG00000101608"	1.16939863686872e-138	1.28360752311576e-31	6	3	-0.653236752281964	1	1
"ENSG00000160180"	"ENSG00000160180"	6.25495615648477e-66	5.67476170127867e-31	3	1	0.450945382464473	1	1
"ENSG00000143198"	"ENSG00000143198"	3.27854352354351e-81	1.54029051843011e-30	4	1	-0.432226831095052	1	1
"ENSG00000079462"	"ENSG00000079462"	1.09773270767344e-57	1.45835831957995e-28	5	1	-0.585860121002431	1	1
"ENSG00000150779"	"ENSG00000150779"	1.19140839116517e-26	5.65262085404934e-28	4	2	-0.562357794504711	1	1
"ENSG00000070756"	"ENSG00000070756"	3.53252346683778e-134	2.24049723070087e-26	4	1	-0.531204082403255	1	1
"ENSG00000041357"	"ENSG00000041357"	6.66787878812202e-47	3.02143459936541e-26	5	1	-0.677703987730182	1	1
"ENSG00000144381"	"ENSG00000144381"	7.31733473320108e-44	9.04787927787653e-26	4	1	-0.412891940708829	1	1
"ENSG00000164733"	"ENSG00000164733"	8.48169448488348e-75	1.94074893894374e-25	5	2	-0.594465106995535	1	1
"ENSG00000167136"	"ENSG00000167136"	5.77328677490094e-28	1.0941231229963e-23	3	2	0.483714456823182	1	1
"ENSG00000159377"	"ENSG00000159377"	2.12184293248755e-61	1.23255677530209e-23	3	1	0.517425758179128	1	1
"ENSG00000109861"	"ENSG00000109861"	4.82381106965823e-47	1.25493541014636e-23	3	1	0.239813843336615	1	1
"ENSG00000185825"	"ENSG00000185825"	1.00440193981366e-38	7.01467006819054e-23	3	1	-0.408851271121231	1	1
"ENSG00000089693"	"ENSG00000089693"	7.09180115782135e-27	1.91264612521597e-22	4	1	-0.902316670437334	1	1
"ENSG00000169567"	"ENSG00000169567"	5.61128055357638e-39	2.24129035655955e-22	5	1	-0.613887931628292	1	1
"ENSG00000093010"	"ENSG00000093010"	1.74842508228038e-59	3.7752212347283e-21	5	2	0.850357330698413	1	1
"ENSG00000260916"	"ENSG00000260916"	2.64609483225649e-21	6.36747945174802e-21	3	2	0.599589814034405	1	1
"ENSG00000110958"	"ENSG00000110958"	4.2647982556665e-46	1.21840299630191e-20	4	1	-0.392479709198579	1	1
"ENSG00000120438"	"ENSG00000120438"	5.03657845233213e-42	5.65730892478181e-20	3	1	0.569859512203418	1	1
"ENSG00000100129"	"ENSG00000100129"	1.16824748624344e-31	3.41118059973582e-19	6	2	-0.374470432825471	1	1
"ENSG00000185650"	"ENSG00000185650"	6.59048055916216e-43	5.02987624288482e-19	4	1	0.610264091630159	1	1
"ENSG00000102054"	"ENSG00000102054"	1.08142786378432e-105	8.57824618498603e-19	6	1	0.634983918094088	1	1
"ENSG00000138744"	"ENSG00000138744"	1.14751076853975e-21	5.64522596869761e-18	5	1	0.72151230717335	1	1
"ENSG00000169228"	"ENSG00000169228"	7.64974589853746e-30	4.11780918916082e-17	6	1	0.583707857307861	1	1
"ENSG00000186591"	"ENSG00000186591"	4.21281766790082e-19	6.35419647869133e-17	3	1	0.751060766057411	1	1
"ENSG00000173848"	"ENSG00000173848"	1.07591608713423e-26	6.49702465321569e-17	3	1	0.70084873734147	1	1
"ENSG00000155438"	"ENSG00000155438"	4.15505297643265e-23	8.76038831145737e-17	4	1	-0.614385911774134	1	1
"ENSG00000104687"	"ENSG00000104687"	2.20800811581778e-18	1.29055260399738e-16	4	1	0.688670479160415	1	1
"ENSG00000067064"	"ENSG00000067064"	2.81229543925656e-23	2.4857163406929e-16	5	1	-0.502016791093604	1	1
"ENSG00000197446"	"ENSG00000197446"	9.05480155273581e-36	5.6379759912061e-16	10	1	-0.216975196135812	1	1
"ENSG00000068796"	"ENSG00000068796"	1.37248900358076e-21	6.50662897571992e-16	6	1	-0.794014734455302	1	0.666666666666667
"ENSG00000198830"	"ENSG00000198830"	6.30336290875456e-63	8.32106688030028e-16	5	3	-0.844351352164881	1	1
"ENSG00000166803"	"ENSG00000166803"	8.24442278491913e-25	1.11592426230966e-15	5	1	-0.711297826595229	1	1
"ENSG00000135968"	"ENSG00000135968"	7.57259584279413e-28	1.71100236243367e-15	7	2	-0.542881760173897	1	1
"ENSG00000227036"	"ENSG00000227036"	8.33073727357026e-14	2.14866256665686e-15	7	1	0.312063448509707	1	1
"ENSG00000143353"	"ENSG00000143353"	3.91712809695206e-50	3.33810569146597e-15	6	1	0.719935629541934	1	1
"ENSG00000127022"	"ENSG00000127022"	5.82889903838074e-40	4.52038582376597e-15	5	1	-0.458223322715514	1	1
"ENSG00000170876"	"ENSG00000170876"	7.34396545045009e-17	7.53862442799821e-15	3	1	-0.843030156453502	1	0.833333333333333
"ENSG00000113648"	"ENSG00000113648"	8.59813394536833e-14	7.62905959030535e-15	5	2	0.220024041757875	1	1
"ENSG00000109180"	"ENSG00000109180"	6.01822333016607e-15	8.40674562525883e-15	3	1	-0.214517903858188	1	1
"ENSG00000042753"	"ENSG00000042753"	2.25992908275173e-13	1.57935501265499e-14	3	1	-0.19309977544923	1	1
"ENSG00000167757"	"ENSG00000167757"	6.54805663103951e-17	6.62266503410791e-14	5	1	0.255325451947071	1	1
"ENSG00000175354"	"ENSG00000175354"	2.78219106805969e-24	6.72786202025542e-14	7	1	0.479083564224351	1	1
"ENSG00000074696"	"ENSG00000074696"	3.5233990506823e-15	8.11307153439698e-14	3	1	-0.464186605300396	1	1
"ENSG00000113712"	"ENSG00000113712"	2.47842613071146e-128	1.17636671192409e-13	10	1	0.374107624343542	1	1
"ENSG00000115963"	"ENSG00000115963"	1.84899096046362e-15	1.87158775619303e-13	6	2	-0.269263946561497	1	1
"ENSG00000154080"	"ENSG00000154080"	2.98192370456767e-12	1.9987992761423e-13	3	3	-0.50069348958496	1	1
"ENSG00000196141"	"ENSG00000196141"	1.94443141503733e-40	2.10142086003096e-13	10	1	0.427603467019145	1	1
"ENSG00000148908"	"ENSG00000148908"	2.83966245981759e-19	3.3957563880096e-13	4	1	-0.514778194252211	1	1
"ENSG00000067082"	"ENSG00000067082"	4.48797624534958e-15	1.73276425118866e-12	4	1	-0.684272482125407	1	1
"ENSG00000173272"	"ENSG00000173272"	9.98843499206792e-32	1.86824929445761e-12	3	1	-0.277605748833622	1	1
"ENSG00000101361"	"ENSG00000101361"	6.35415106767845e-11	3.18534042394605e-12	3	3	0.390236373522906	1	1
"ENSG00000168310"	"ENSG00000168310"	1.96676027764193e-12	5.31457384361294e-12	4	2	-0.401268493107176	1	1
"ENSG00000258289"	"ENSG00000258289"	4.290123244333e-12	6.02528758892303e-12	3	2	-0.497462158478178	1	1
"ENSG00000170275"	"ENSG00000170275"	2.04583504458307e-12	6.69822732405884e-12	3	1	-0.669599657770515	1	1
"ENSG00000183172"	"ENSG00000183172"	5.85972784486676e-14	7.7716005663129e-12	5	1	-0.692782578996648	1	1
"ENSG00000134851"	"ENSG00000134851"	7.99122735704862e-13	2.20862182735301e-11	4	1	0.190364714132057	1	1
"ENSG00000173039"	"ENSG00000173039"	2.17267137697416e-13	2.65107541972949e-11	3	1	0.694061004034837	1	1
"ENSG00000146540"	"ENSG00000146540"	5.59987287329027e-20	2.90808917975081e-11	4	1	0.362014474385595	1	1
"ENSG00000184887"	"ENSG00000184887"	2.69377243119608e-18	3.32178708977649e-11	5	1	-0.727243497319034	1	0.666666666666667
"ENSG00000120992"	"ENSG00000120992"	2.3972779371397e-55	3.95999420216359e-11	6	1	-0.492366015823843	1	1
"ENSG00000243955"	"ENSG00000243955"	5.73053731804226e-41	4.4841401319035e-11	3	1	-0.327905714070373	1	1
"ENSG00000186395"	"ENSG00000186395"	1.62004395329907e-17	5.84046891501341e-11	4	1	0.349123551355634	1	1
"ENSG00000130826"	"ENSG00000130826"	2.06929095350812e-17	8.78762922250106e-11	3	1	0.466700823714447	1	1
"ENSG00000154380"	"ENSG00000154380"	1.17276973385641e-10	9.06534883332012e-11	5	2	0.594958699553559	1	1
"ENSG00000115457"	"ENSG00000115457"	1.36946668294289e-54	1.06416518732862e-10	8	2	0.266986055925351	1	1
"ENSG00000141741"	"ENSG00000141741"	4.40172626253102e-10	3.0543844840492e-10	3	1	0.201210284335173	1	1
"ENSG00000132424"	"ENSG00000132424"	1.0009722710493e-82	3.39717607464822e-10	10	1	0.635313907204753	1	0.833333333333333
"ENSG00000133328"	"ENSG00000133328"	2.17355758289976e-12	3.50450426273552e-10	3	1	0.215538369695304	1	1
"ENSG00000107372"	"ENSG00000107372"	5.94510271658869e-23	5.29576753198808e-10	5	1	0.431691564436309	1	1
"ENSG00000203950"	"ENSG00000203950"	1.01614827210605e-23	6.89450011619239e-10	3	2	0.633705375363586	1	1
"ENSG00000124795"	"ENSG00000124795"	1.95410417679138e-16	8.15177945069229e-10	4	1	-0.576993043113571	1	1
"ENSG00000244038"	"ENSG00000244038"	1.87083188688316e-08	1.11450010895619e-09	3	2	0.228935261359909	1	1
"ENSG00000124570"	"ENSG00000124570"	4.57510514658147e-08	1.27122193779986e-09	5	1	0.274789918199012	1	1
"ENSG00000163634"	"ENSG00000163634"	1.27617872362611e-30	1.40250550654113e-09	5	1	-0.629254586585063	1	1
"ENSG00000055044"	"ENSG00000055044"	4.79554542240863e-17	1.66023491709485e-09	4	1	0.479566133767125	1	1
"ENSG00000160113"	"ENSG00000160113"	1.03431359709351e-87	2.08713213659434e-09	4	1	0.722557863966082	1	1
"ENSG00000179262"	"ENSG00000179262"	1.71147207919924e-12	2.72582128912118e-09	3	1	0.201825806667697	1	1
"ENSG00000067836"	"ENSG00000067836"	1.43955501842877e-28	3.13553232606103e-09	7	1	0.48829077116141	1	1
"ENSG00000149084"	"ENSG00000149084"	1.63980430674946e-27	3.4138428038372e-09	4	1	0.492037889834204	1	1
"ENSG00000105281"	"ENSG00000105281"	5.12728699514607e-16	4.55162781546112e-09	5	1	-0.382533942503681	1	1
"ENSG00000133142"	"ENSG00000133142"	3.23381401377927e-21	4.60976177308363e-09	4	1	-0.252976318545668	1	1
"ENSG00000111328"	"ENSG00000111328"	1.1066647036604e-32	4.67863435950789e-09	7	1	-0.414528478527184	1	1
"ENSG00000087903"	"ENSG00000087903"	2.65586082192723e-08	5.2762796681817e-09	6	1	0.681659275907652	1	0.833333333333333
"ENSG00000171206"	"ENSG00000171206"	2.48846449302186e-12	9.33614198194411e-09	3	1	-0.858308644986777	1	1
"ENSG00000174628"	"ENSG00000174628"	2.3829306414499e-19	9.36386978981501e-09	9	2	0.449358471058798	1	0.833333333333333
"ENSG00000063854"	"ENSG00000063854"	3.15616034511446e-53	9.47814184554258e-09	4	1	-0.499999550790949	1	1
"ENSG00000172831"	"ENSG00000172831"	2.48140536038768e-14	1.00971725176514e-08	3	1	-0.601011502281402	1	1
"ENSG00000159346"	"ENSG00000159346"	5.28759282692822e-11	1.01228103077545e-08	3	1	-0.342219776314202	1	1
"ENSG00000019582"	"ENSG00000019582"	1.70019847361906e-09	1.32478393912845e-08	4	1	0.622046762471116	1	1
"ENSG00000084090"	"ENSG00000084090"	1.65903537207043e-16	1.39500782906735e-08	3	1	-0.721179217721272	1	1
"ENSG00000171490"	"ENSG00000171490"	1.60472188129066e-18	1.55311393342185e-08	3	2	0.843305260691978	1	0.833333333333333
"ENSG00000136261"	"ENSG00000136261"	2.6828072870622e-26	2.33982794165748e-08	4	1	0.426425036029657	1	1
"ENSG00000119979"	"ENSG00000119979"	4.29763793381033e-09	2.42392877942708e-08	3	2	0.516237354392545	1	1
"ENSG00000182541"	"ENSG00000182541"	3.2434769932609e-08	2.90279877351937e-08	6	1	0.482142890184544	1	1
"ENSG00000173171"	"ENSG00000173171"	2.05733227370546e-09	4.20477845820908e-08	4	2	0.503851920316707	1	1
"ENSG00000198736"	"ENSG00000198736"	8.19562689960401e-09	4.20830096782843e-08	5	1	0.434121011930626	1	1
"ENSG00000175756"	"ENSG00000175756"	1.80440924887777e-14	4.41792975724515e-08	5	1	-0.165861102191302	1	1
"ENSG00000139722"	"ENSG00000139722"	4.54141740469196e-13	9.19280529857965e-08	4	1	-0.219754159520242	1	1
"ENSG00000214078"	"ENSG00000214078"	3.98874635301888e-27	9.36072357676019e-08	8	1	-0.311203209433268	1	1
"ENSG00000243989"	"ENSG00000243989"	1.1299012716615e-13	9.45956078433891e-08	3	1	0.662134772159917	1	1
"ENSG00000068079"	"ENSG00000068079"	8.36561465857902e-08	9.50069903372254e-08	3	2	0.239524405756934	1	1
"ENSG00000151552"	"ENSG00000151552"	2.1085958037939e-09	1.01084182682412e-07	5	1	-0.591340945058014	1	1
"ENSG00000064601"	"ENSG00000064601"	1.06159997139078e-06	1.02310811610179e-07	4	2	-0.414577892891853	1	1
"ENSG00000092820"	"ENSG00000092820"	5.81572750491103e-15	1.09666683512734e-07	3	2	0.685635553492364	1	1
"ENSG00000102854"	"ENSG00000102854"	1.61992911831917e-22	1.16289067469331e-07	7	1	0.227968170782271	1	1
"ENSG00000132507"	"ENSG00000132507"	9.13288714088483e-19	1.30710743872419e-07	4	1	0.206102118658217	1	1
"ENSG00000182165"	"ENSG00000182165"	7.12747908898486e-21	1.37918689804593e-07	5	1	0.182458507651904	1	1
"ENSG00000177989"	"ENSG00000177989"	1.0716112929756e-07	1.70491992276583e-07	6	2	0.279140318139207	1	1
"ENSG00000109339"	"ENSG00000109339"	1.75298460034785e-08	1.70508992780794e-07	5	2	0.326867977901565	1	1
"ENSG00000102317"	"ENSG00000102317"	2.84648039457129e-09	3.21581578808885e-07	4	1	0.258332971727547	1	1
"ENSG00000172785"	"ENSG00000172785"	1.7191264871866e-24	3.29929655874708e-07	7	1	0.381578184485367	1	1
"ENSG00000167900"	"ENSG00000167900"	2.04506879344339e-08	3.34721011020787e-07	4	1	0.605973125746971	1	1
"ENSG00000132470"	"ENSG00000132470"	6.05351171946088e-42	3.53464376444894e-07	7	1	-0.346466746339213	1	1
"ENSG00000163235"	"ENSG00000163235"	2.05577056888615e-10	3.6352706047815e-07	3	1	-0.9017126779193	1	0.833333333333333
"ENSG00000039068"	"ENSG00000039068"	3.13564256378496e-15	4.39861899814992e-07	4	1	0.584440871184443	1	1
"ENSG00000203667"	"ENSG00000203667"	9.72713522403528e-10	4.52023235948671e-07	5	1	-0.587270937806391	1	1
"ENSG00000047457"	"ENSG00000047457"	1.25273432848507e-18	4.88973360064071e-07	7	1	-0.488974830539975	1	1
"ENSG00000174547"	"ENSG00000174547"	1.39419282242235e-06	6.09162006443585e-07	3	1	-0.196764721508202	1	1
"ENSG00000112096"	"ENSG00000112096"	1.79987092313529e-22	6.35389703307165e-07	6	1	0.338110903180002	1	1
"ENSG00000070010"	"ENSG00000070010"	2.6096525991774e-06	6.7304424990351e-07	3	2	-0.248014991515375	1	1
"ENSG00000141562"	"ENSG00000141562"	1.92172154944403e-17	7.14279989174805e-07	9	1	-0.751340621643894	1	0.833333333333333
"ENSG00000213145"	"ENSG00000213145"	1.8074226052823e-05	8.70788123166562e-07	4	2	0.269248683056732	1	1
"ENSG00000179094"	"ENSG00000179094"	1.55341290206371e-39	1.08853376484061e-06	9	2	0.272559005721896	1	1
"ENSG00000138069"	"ENSG00000138069"	8.40804581871017e-06	1.1845598745286e-06	4	2	-0.21875661666066	1	1
"ENSG00000101940"	"ENSG00000101940"	9.60408817821014e-16	1.18851411839988e-06	6	1	-0.340539824621913	1	1
"ENSG00000139218"	"ENSG00000139218"	4.37741116858045e-14	1.22564149665799e-06	8	1	0.284338237389884	1	1
"ENSG00000171604"	"ENSG00000171604"	1.39627813162474e-43	1.30165094791851e-06	7	1	-0.184026373806674	1	1
"ENSG00000205609"	"ENSG00000205609"	2.69397523073783e-10	1.32396055727678e-06	3	2	-0.826552826253973	1	1
"ENSG00000184983"	"ENSG00000184983"	1.25564845018839e-05	1.34859050950579e-06	3	2	-0.210169863858935	1	1
"ENSG00000017797"	"ENSG00000017797"	2.95456029123065e-39	1.52658260518111e-06	4	1	-0.975478996324409	1	0.833333333333333
"ENSG00000146072"	"ENSG00000146072"	1.90649104847337e-17	1.62284735636649e-06	3	2	0.64064370110031	1	1
"ENSG00000164120"	"ENSG00000164120"	1.51817146902108e-12	1.77446860742955e-06	6	1	-0.214873456751501	1	1
"ENSG00000213563"	"ENSG00000213563"	1.03185789409949e-11	1.85654798344662e-06	3	1	0.369457038291404	1	1
"ENSG00000006118"	"ENSG00000006118"	1.08558606515936e-10	2.01218587218026e-06	3	1	-0.331734888385032	1	1
"ENSG00000176261"	"ENSG00000176261"	7.58868487347615e-27	2.08557494799475e-06	13	2	0.280788452229149	1	1
"ENSG00000088682"	"ENSG00000088682"	1.59640260971468e-05	2.17421276204995e-06	4	1	0.16981020968233	1	1
"ENSG00000117676"	"ENSG00000117676"	9.79892854138875e-07	2.19631440746966e-06	5	1	0.525303470332594	1	1
"ENSG00000162889"	"ENSG00000162889"	2.03143878561638e-08	2.30801328867218e-06	3	1	-0.886268843623173	1	0.666666666666667
"ENSG00000140416"	"ENSG00000140416"	1.55270332479642e-37	2.33071557536741e-06	5	1	0.55770030075831	1	1
"ENSG00000151665"	"ENSG00000151665"	2.83984832326288e-76	3.44389603171167e-06	5	1	0.790442391124558	1	1
"ENSG00000213246"	"ENSG00000213246"	5.51428838375399e-12	3.93818082564247e-06	4	1	0.226063248903025	1	1
"ENSG00000167397"	"ENSG00000167397"	5.7783926854014e-05	3.96162860394346e-06	5	2	-0.288734784283229	1	1
"ENSG00000143633"	"ENSG00000143633"	3.65261555381617e-10	4.01262172694594e-06	3	1	-0.41721943523136	1	1
"ENSG00000147889"	"ENSG00000147889"	4.08406562776312e-27	4.51526026897118e-06	7	2	0.219719709432734	1	1
"ENSG00000146731"	"ENSG00000146731"	1.90615602069612e-23	4.96390486422962e-06	3	2	-0.446058250607588	1	1
"ENSG00000057935"	"ENSG00000057935"	4.06305517249818e-09	5.09975938951552e-06	3	1	-0.522921073664695	1	1
"ENSG00000101782"	"ENSG00000101782"	4.25574729609043e-31	5.60490731266933e-06	6	1	0.661284288217519	1	1
"ENSG00000167986"	"ENSG00000167986"	1.81647117151387e-12	5.65166279466185e-06	4	1	-0.312704725394393	1	1
"ENSG00000100083"	"ENSG00000100083"	3.10437359410424e-22	6.3182525163404e-06	5	1	-0.406341469361769	1	1
"ENSG00000144908"	"ENSG00000144908"	0.000108735994459957	6.49230991616559e-06	6	2	0.35189056750772	1	1
"ENSG00000126581"	"ENSG00000126581"	3.72488624992849e-29	6.64791980234881e-06	8	2	-0.349390295617805	1	1
"ENSG00000128923"	"ENSG00000128923"	5.17828884794903e-09	7.49482449708245e-06	3	1	-0.709923100342088	1	1
"ENSG00000105835"	"ENSG00000105835"	3.96856828019003e-05	8.31473693876946e-06	3	2	-0.190515606079937	1	1
"ENSG00000177030"	"ENSG00000177030"	2.55991909823321e-17	8.56187660028932e-06	7	1	-0.549861057825121	1	1
"ENSG00000155287"	"ENSG00000155287"	1.74435583038167e-11	8.83958335993752e-06	5	1	0.375305540381987	1	1
"ENSG00000134825"	"ENSG00000134825"	6.91721063209324e-11	9.45437944210214e-06	3	2	-0.965171056021634	1	1
"ENSG00000183742"	"ENSG00000183742"	5.22408548704116e-18	1.00020656905612e-05	9	1	-0.466279301701892	1	0.833333333333333
"ENSG00000136830"	"ENSG00000136830"	6.60326113899629e-24	1.02835873223579e-05	5	3	0.64182947161489	1	1
"ENSG00000127952"	"ENSG00000127952"	5.55208888472698e-16	1.04889163038003e-05	6	2	0.483986150489694	1	1
"ENSG00000166797"	"ENSG00000166797"	3.27371696935284e-09	1.07517497217919e-05	4	1	-0.377379761362002	1	1
"ENSG00000104765"	"ENSG00000104765"	1.88304036177024e-08	1.38803952190482e-05	3	1	-0.36118286662593	1	1
"ENSG00000160767"	"ENSG00000160767"	3.90595552647145e-09	1.62792106152217e-05	6	1	0.600152962187431	1	0.833333333333333
"ENSG00000008952"	"ENSG00000008952"	5.36032997925205e-11	1.80903539868535e-05	3	1	-0.247048546560136	1	1
"ENSG00000118515"	"ENSG00000118515"	1.01581753627876e-10	1.81542761338267e-05	5	1	-0.251667553921708	1	1
"ENSG00000173085"	"ENSG00000173085"	1.94501582129064e-07	1.87200897831876e-05	3	1	0.306042294486157	1	1
"ENSG00000140905"	"ENSG00000140905"	5.93042907831194e-76	1.97388076671363e-05	4	1	0.658685322767604	1	1
"ENSG00000159202"	"ENSG00000159202"	7.24132453016888e-11	2.0500624657204e-05	4	1	0.512104015998093	1	1
"ENSG00000106399"	"ENSG00000106399"	5.98524548920107e-10	2.11197072932721e-05	3	1	-0.986270733939769	1	0.5
"ENSG00000111276"	"ENSG00000111276"	1.02830657518007e-07	2.13469092294862e-05	3	2	-0.317330329130676	1	1
"ENSG00000136197"	"ENSG00000136197"	3.59307847251985e-05	2.24943132817932e-05	3	1	0.587865288896143	1	1
"ENSG00000099956"	"ENSG00000099956"	6.93112040478516e-06	2.41253364617374e-05	3	1	-0.498687026079371	1	1
"ENSG00000073803"	"ENSG00000073803"	2.44651278579687e-05	2.46681665952171e-05	3	2	0.297783327881775	1	1
"ENSG00000136240"	"ENSG00000136240"	5.01129380366169e-24	2.86638847492264e-05	4	1	-0.582203676075721	1	1
"ENSG00000166145"	"ENSG00000166145"	7.65725711978757e-27	2.91626115986842e-05	9	1	-0.326497954797984	1	1
"ENSG00000187054"	"ENSG00000187054"	0.000228373225300862	2.92251168322344e-05	3	2	-0.690793199613372	1	0.833333333333333
"ENSG00000140403"	"ENSG00000140403"	1.22395770156976e-06	2.9658730529518e-05	5	2	0.353387054560148	1	1
"ENSG00000128699"	"ENSG00000128699"	5.17822522910297e-26	3.14165657854519e-05	7	1	0.556489586717728	1	1
"ENSG00000136682"	"ENSG00000136682"	2.17895818658802e-27	3.20165985272751e-05	10	1	-0.341147119214784	1	1
"ENSG00000177963"	"ENSG00000177963"	1.53596695392304e-22	3.25285699345205e-05	6	1	-0.709682610564251	1	1
"ENSG00000103194"	"ENSG00000103194"	4.21288346043821e-09	3.54939665021829e-05	4	1	0.474899447719551	1	1
"ENSG00000068305"	"ENSG00000068305"	1.39752473866012e-05	3.60558100256993e-05	5	1	0.597979480856591	1	1
"ENSG00000136436"	"ENSG00000136436"	3.45198213679736e-09	3.83470477268278e-05	5	1	-0.276094172070267	1	1
"ENSG00000163527"	"ENSG00000163527"	5.85019297488717e-09	3.92118109278689e-05	4	1	0.668319086775953	1	1
"ENSG00000137274"	"ENSG00000137274"	1.04268462083354e-15	4.07101021147989e-05	7	1	0.695539783626119	1	0.833333333333333
"ENSG00000165698"	"ENSG00000165698"	1.80753920149657e-06	4.07358070026542e-05	4	1	0.390927273677236	1	1
"ENSG00000104660"	"ENSG00000104660"	2.47316488242358e-17	4.14832237836674e-05	3	1	0.80758000071112	1	1
"ENSG00000086598"	"ENSG00000086598"	2.02797552571149e-08	4.31925783609428e-05	3	2	0.950656456487117	1	0.666666666666667
"ENSG00000114353"	"ENSG00000114353"	3.54579097090933e-06	4.48856212682558e-05	4	1	0.220759227254286	1	1
"ENSG00000152642"	"ENSG00000152642"	1.26730830394308e-05	4.52268308686918e-05	3	1	0.552259543801318	1	1
"ENSG00000154001"	"ENSG00000154001"	3.56035741998339e-17	4.52766176171289e-05	6	1	-0.975800154805873	1	0.5
"ENSG00000126602"	"ENSG00000126602"	0.000177955555225465	4.82526234682297e-05	3	2	-0.227720739396372	1	1
"ENSG00000041988"	"ENSG00000041988"	7.58495174264731e-10	6.04862800030032e-05	4	1	0.652400856445912	1	1
"ENSG00000160789"	"ENSG00000160789"	1.7191264871866e-24	6.41147429101855e-05	4	1	0.226890256398629	1	1
"ENSG00000120694"	"ENSG00000120694"	9.60055063253706e-34	6.41666845531148e-05	8	1	-0.426432612450677	1	1
"ENSG00000235899"	"ENSG00000235899"	0.000150213248657366	6.43931504596888e-05	3	1	0.793269011315168	1	0.833333333333333
"ENSG00000070526"	"ENSG00000070526"	2.56608806581518e-29	6.93465739545882e-05	6	2	-0.261459982718651	1	1
"ENSG00000213593"	"ENSG00000213593"	1.13140480777037e-06	7.24090552259625e-05	4	1	0.264399086860745	1	1
"ENSG00000160917"	"ENSG00000160917"	0.000569800778819176	7.44000943005492e-05	3	1	-0.53491963834513	1	1
"ENSG00000140105"	"ENSG00000140105"	3.70680718152312e-13	7.50199047001576e-05	6	1	-0.649898400708307	1	1
"ENSG00000049449"	"ENSG00000049449"	5.71714505054821e-14	7.57839121787722e-05	3	2	-0.682678106743882	1	1
"ENSG00000150093"	"ENSG00000150093"	1.39894304779148e-38	7.63434708496364e-05	5	1	0.526968854302106	1	1
"ENSG00000247556"	"ENSG00000247556"	1.09662582952779e-08	7.8569695537111e-05	4	1	0.519280048210968	1	1
"ENSG00000204520"	"ENSG00000204520"	0.000533252602582895	8.16569505992697e-05	3	1	0.420740117979702	1	1
"ENSG00000102024"	"ENSG00000102024"	2.51759602835704e-09	8.38838948029275e-05	3	1	0.445287131931767	1	1
"ENSG00000184432"	"ENSG00000184432"	1.49058401976374e-22	9.02578618061329e-05	4	1	-0.590681033845983	1	1
"ENSG00000270647"	"ENSG00000270647"	4.29234540611284e-23	9.06547098425443e-05	6	1	-0.399956906737314	1	1
"ENSG00000103942"	"ENSG00000103942"	6.74366228569322e-07	9.0929349926722e-05	4	1	0.195328506300253	1	1
"ENSG00000125877"	"ENSG00000125877"	1.10478628108229e-10	9.18787152728366e-05	6	1	-0.28108394281139	1	1
"ENSG00000196591"	"ENSG00000196591"	1.83943591776828e-20	9.653471972452e-05	6	1	0.247203671748956	1	1
"ENSG00000173786"	"ENSG00000173786"	1.7410131886148e-14	0.000103259415379645	5	2	0.378787535615851	1	1
"ENSG00000183696"	"ENSG00000183696"	1.21881748602429e-07	0.00010802603457557	3	1	0.661293953552307	1	1
"ENSG00000152439"	"ENSG00000152439"	0.000101983610775946	0.000109708465441618	3	1	0.689103286413624	1	0.833333333333333
"ENSG00000152291"	"ENSG00000152291"	2.23627838659041e-05	0.00011357122711182	4	2	-0.480951066190572	1	1
"ENSG00000070785"	"ENSG00000070785"	2.09746459995463e-15	0.000114701217496545	5	1	-0.544628536762273	1	1
"ENSG00000070476"	"ENSG00000070476"	2.81812077415724e-05	0.000119004453347842	3	1	0.496798317710596	1	1
"ENSG00000264230"	"ENSG00000264230"	3.52015131090507e-10	0.000122250003533575	4	1	-0.369115732719551	1	1
"ENSG00000169550"	"ENSG00000169550"	0.000677891330405719	0.00012383398093717	4	1	0.346920221141714	1	1
"ENSG00000137500"	"ENSG00000137500"	1.26629311093446e-29	0.000136946766964706	8	1	0.571528976980628	1	1
"ENSG00000129071"	"ENSG00000129071"	6.35251731822555e-34	0.000139366940436963	10	1	0.460865608933087	1	1
"ENSG00000123992"	"ENSG00000123992"	0.00207092766886675	0.000146409470374621	7	1	-0.30778693305916	1	1
"ENSG00000068745"	"ENSG00000068745"	1.21919344073541e-14	0.000146710398888187	5	1	-0.202705505268276	1	1
"ENSG00000136021"	"ENSG00000136021"	5.82489474228679e-07	0.000151907433966689	4	1	0.595910062240768	1	1
"ENSG00000107581"	"ENSG00000107581"	6.22677242799867e-11	0.00015827741637823	6	1	0.37314774437994	1	1
"ENSG00000196562"	"ENSG00000196562"	2.85734030807202e-18	0.000158920686985776	6	2	0.428248743654769	1	1
"ENSG00000128951"	"ENSG00000128951"	1.67854176690968e-08	0.000162494219509129	5	1	0.247266007448656	1	1
"ENSG00000129226"	"ENSG00000129226"	1.17121688236942e-07	0.000166041518413804	3	1	0.377643658396096	1	1
"ENSG00000130741"	"ENSG00000130741"	1.1858899533209e-08	0.000167788912869546	3	1	0.963379711287854	1	0.833333333333333
"ENSG00000102030"	"ENSG00000102030"	2.96524127632572e-09	0.000168931177332644	3	2	-0.836830490663554	1	1
"ENSG00000107968"	"ENSG00000107968"	2.96313962859773e-10	0.000184918285622645	7	1	-0.330210952399695	1	1
"ENSG00000176623"	"ENSG00000176623"	3.29229881491383e-06	0.000185943130432132	6	1	-0.350859537554336	1	1
"ENSG00000072110"	"ENSG00000072110"	2.53770391775253e-27	0.000192366683615613	4	1	-0.452432395438265	1	1
"ENSG00000119185"	"ENSG00000119185"	9.4906726851179e-27	0.000194082227523872	8	1	0.36283185840708	1	1
"ENSG00000050405"	"ENSG00000050405"	1.77415609115942e-25	0.000213192642527114	7	1	-0.503376921004461	1	1
"ENSG00000050820"	"ENSG00000050820"	1.00862835613955e-05	0.000215801388379224	5	1	-0.395841277433249	1	1
"ENSG00000108641"	"ENSG00000108641"	1.86198802893814e-06	0.000223564397011053	6	1	-0.559128865601486	1	1
"ENSG00000198015"	"ENSG00000198015"	4.83991681208023e-06	0.000229164968970826	3	1	-0.260171528410415	1	1
"ENSG00000167165"	"ENSG00000167165"	3.39970609068246e-06	0.000235668476200146	3	1	0.591657470455472	1	1
"ENSG00000128739"	"ENSG00000128739"	3.57712783206663e-61	0.000242585640435374	3	1	0.709071467179317	1	1
"ENSG00000146963"	"ENSG00000146963"	7.63193630121708e-09	0.000255917890603127	5	2	-0.28069893681278	1	1
"ENSG00000271109"	"ENSG00000271109"	7.77999944348266e-07	0.000262439231035489	6	1	0.589555888391005	1	1
"ENSG00000111912"	"ENSG00000111912"	1.55914334652841e-13	0.000264213531583442	4	1	-0.185195392207721	1	1
"ENSG00000205981"	"ENSG00000205981"	6.26573278239009e-07	0.00026591456229201	4	1	-0.288855056474972	1	1
"ENSG00000166471"	"ENSG00000166471"	0.0012290684650329	0.000281376363979754	3	2	-0.428500468931284	1	1
"ENSG00000170632"	"ENSG00000170632"	6.87463051871836e-08	0.000285226491884542	6	1	0.323260996358503	1	1
"ENSG00000079974"	"ENSG00000079974"	4.06839598966777e-15	0.0002926566359439	7	1	-0.500294178106579	1	1
"ENSG00000110921"	"ENSG00000110921"	0.0012151356922872	0.000295590204020932	6	1	0.290065727202753	1	1
"ENSG00000186665"	"ENSG00000186665"	0.000394215129099023	0.000304804688464312	4	1	0.745752379184158	1	0.833333333333333
"ENSG00000155868"	"ENSG00000155868"	9.43426752887738e-08	0.00031569501914643	3	1	0.347957042310803	1	1
"ENSG00000001630"	"ENSG00000001630"	1.79525253142337e-10	0.000323830579339877	3	1	-0.546624680007541	1	1
"ENSG00000198176"	"ENSG00000198176"	5.67906090971522e-09	0.000329250092473272	5	1	0.369140324906782	1	1
"ENSG00000109332"	"ENSG00000109332"	6.19787064602718e-22	0.000339518532871545	8	1	-0.221831164331102	1	1
"ENSG00000204852"	"ENSG00000204852"	2.46026274898203e-15	0.000349016223348286	6	2	-0.479251127963132	1	1
"ENSG00000146282"	"ENSG00000146282"	5.4869493724439e-08	0.000369995592612804	5	1	0.3536045099528	1	1
"ENSG00000100983"	"ENSG00000100983"	0.00245560104634457	0.000379098249738812	3	2	-0.255086001090605	1	1
"ENSG00000156171"	"ENSG00000156171"	2.97853333638515e-13	0.000384748414267077	6	1	-0.555553925087314	1	1
"ENSG00000180198"	"ENSG00000180198"	6.80039388243667e-05	0.000418185439908255	5	1	0.561850719937643	1	1
"ENSG00000121067"	"ENSG00000121067"	3.7832830083695e-31	0.000426042880693391	7	1	0.633577891251671	1	1
"ENSG00000136271"	"ENSG00000136271"	9.17133980517666e-08	0.000427125160474752	4	1	0.498766889278849	1	1
"ENSG00000157873"	"ENSG00000157873"	2.52487529856515e-09	0.000445952180076774	7	1	0.324315487394464	1	1
"ENSG00000106615"	"ENSG00000106615"	4.25553794562212e-10	0.000450286533974641	3	1	-0.563734275857499	1	1
"ENSG00000133710"	"ENSG00000133710"	9.2394040686808e-22	0.000453639380182462	6	2	0.517657284264302	1	1
"ENSG00000169756"	"ENSG00000169756"	3.77668256910607e-05	0.000455964892842578	5	1	0.287800094689459	1	1
"ENSG00000198040"	"ENSG00000198040"	2.09170936503173e-05	0.000506068407110773	5	1	0.601960997295395	1	1
"ENSG00000137473"	"ENSG00000137473"	2.70166614316755e-10	0.000537755734821475	5	1	-0.422077766890098	1	1
"ENSG00000166938"	"ENSG00000166938"	0.00108122263153455	0.000541370494626867	3	1	-0.747605014890974	1	0.833333333333333
"ENSG00000136770"	"ENSG00000136770"	9.08562524355771e-17	0.000581287026859246	4	1	0.685155717775495	1	0.833333333333333
"ENSG00000068912"	"ENSG00000068912"	3.52641277020468e-05	0.000583046356277672	4	1	0.512882185323908	1	1
"ENSG00000135951"	"ENSG00000135951"	0.000205226390359238	0.000599338918723611	6	1	0.406249949417937	1	1
"ENSG00000182180"	"ENSG00000182180"	0.00335213916124532	0.000607001505006099	4	2	0.215195588790136	1	1
"ENSG00000065457"	"ENSG00000065457"	2.66385354650467e-09	0.000636249024998707	3	2	0.666666396135884	1	1
"ENSG00000066322"	"ENSG00000066322"	0.000990654681515064	0.00064031840279722	3	1	0.25799987745318	1	1
"ENSG00000170906"	"ENSG00000170906"	1.45224858920894e-05	0.000644997054514403	4	1	-0.15255705358855	1	1
"ENSG00000108590"	"ENSG00000108590"	5.310664374524e-06	0.000656618202748388	3	1	0.725513679959992	1	0.833333333333333
"ENSG00000178104"	"ENSG00000178104"	3.13705858222351e-05	0.000683154619300571	3	1	-0.681094229369329	1	0.833333333333333
"ENSG00000103876"	"ENSG00000103876"	2.44299239558228e-08	0.000687502177541087	3	1	0.459080871703689	1	1
"ENSG00000121579"	"ENSG00000121579"	7.71581329182134e-13	0.000692275622277117	3	2	-0.63620778732939	1	1
"ENSG00000104695"	"ENSG00000104695"	1.31223847632051e-53	0.000701291972267403	3	1	-0.651622005392345	1	1
"ENSG00000137492"	"ENSG00000137492"	0.000194866049816603	0.000755500293263066	5	2	0.405438674448285	1	1
"ENSG00000130396"	"ENSG00000130396"	0.00047093689363349	0.000772983993668728	3	1	-0.428361355969368	1	1
"ENSG00000189376"	"ENSG00000189376"	0.00343383095206769	0.000788719691334769	3	2	0.208183851440829	1	1
"ENSG00000116212"	"ENSG00000116212"	1.17121688236942e-07	0.000790622238181067	7	1	0.307369432976789	1	1
"ENSG00000175664"	"ENSG00000175664"	0.00570297215479081	0.000807568122448582	6	1	0.679062415090919	1	0.666666666666667
"ENSG00000126653"	"ENSG00000126653"	1.11804140648876e-07	0.000825991165579375	10	1	0.236159897584589	1	1
"ENSG00000026025"	"ENSG00000026025"	2.89832448761846e-07	0.000836384407670384	3	1	0.315094055627414	1	1
"ENSG00000139318"	"ENSG00000139318"	7.06902723150408e-06	0.000898591197028803	3	1	0.961939372417834	1	0.666666666666667
"ENSG00000171867"	"ENSG00000171867"	1.2820826900656e-12	0.000916644735687548	3	2	-0.456103090985175	1	1
"ENSG00000100796"	"ENSG00000100796"	2.29162765586692e-15	0.000989745955431313	10	1	0.286031861312264	1	1
"ENSG00000127054"	"ENSG00000127054"	0.00103829058365284	0.00109568224393069	4	1	0.2533870780314	1	1
"ENSG00000156256"	"ENSG00000156256"	3.75637355864577e-15	0.00110965459396747	7	1	0.356514321547685	1	1
"ENSG00000163701"	"ENSG00000163701"	0.0045709475738576	0.00112459674827525	5	1	-0.742744091123926	1	0.666666666666667
"ENSG00000063180"	"ENSG00000063180"	0.000159742318686872	0.00112721270057936	3	1	0.444444641442638	1	1
"ENSG00000156875"	"ENSG00000156875"	0.000112258097987052	0.00122028915622652	3	1	0.394506359069423	1	1
"ENSG00000013374"	"ENSG00000013374"	3.24198643388379e-13	0.0012758375964668	4	1	0.508736012736585	1	1
"ENSG00000119844"	"ENSG00000119844"	0.00154916360493375	0.0013025732436477	4	2	-0.452434291680185	1	1
"ENSG00000135387"	"ENSG00000135387"	0.00452447890334167	0.00130929394008368	3	1	-0.370484431935295	1	1
"ENSG00000165219"	"ENSG00000165219"	4.1537825224349e-05	0.00135597704283929	3	1	0.698029050103535	1	1
"ENSG00000124074"	"ENSG00000124074"	8.7344846315797e-17	0.00137983089380634	3	1	-0.822287327480824	1	1
"ENSG00000112110"	"ENSG00000112110"	2.13840928848932e-16	0.00140651661782616	4	1	-0.231537974702422	1	1
"ENSG00000132780"	"ENSG00000132780"	0.000105885858735051	0.00143212556347461	6	1	-0.243851007150332	1	1
"ENSG00000179085"	"ENSG00000179085"	0.00677141085326642	0.00152943554368206	3	1	-0.16141551848267	1	1
"ENSG00000146674"	"ENSG00000146674"	0.0129503460611293	0.00155861740809572	4	1	0.245510973838606	1	1
"ENSG00000155158"	"ENSG00000155158"	0.00812123286377414	0.00156261123688485	3	1	-0.601744503037193	1	1
"ENSG00000163597"	"ENSG00000163597"	9.27372588254789e-10	0.00157860014780645	5	1	-0.168607857157956	1	1
"ENSG00000267855"	"ENSG00000267855"	0.00142964934573094	0.00166228332817942	3	1	0.413221864354622	1	1
"ENSG00000070081"	"ENSG00000070081"	1.12399352845591e-10	0.00166502723452019	9	1	-0.209796130737888	1	1
"ENSG00000095383"	"ENSG00000095383"	4.37272213944911e-05	0.00174108704838767	4	2	-0.405738206956188	1	1
"ENSG00000075239"	"ENSG00000075239"	0.00432268038552172	0.00176990843120769	3	1	0.248844784571425	1	1
"ENSG00000184007"	"ENSG00000184007"	2.76825998299168e-25	0.00195603969712005	5	1	-0.478632363016181	1	1
"ENSG00000150756"	"ENSG00000150756"	0.00185092689707016	0.00204906874953353	3	1	0.471691493983625	1	1
"ENSG00000072401"	"ENSG00000072401"	0.00379120557248726	0.00207281691677638	4	1	0.343311781018999	1	1
"ENSG00000173575"	"ENSG00000173575"	5.83704254453957e-18	0.00211034765594716	6	1	0.328338574340431	1	1
"ENSG00000180900"	"ENSG00000180900"	1.42030355683134e-15	0.00213105419130125	6	1	-0.644151044251918	1	0.833333333333333
"ENSG00000157954"	"ENSG00000157954"	2.83926320963697e-45	0.00213801577001723	14	1	0.257969895448907	1	1
"ENSG00000237441"	"ENSG00000237441"	0.0115473511372238	0.00224906923681029	3	2	-0.398302856611914	1	1
"ENSG00000115685"	"ENSG00000115685"	1.7409662875838e-22	0.00226286431924058	7	1	0.387565355081596	1	1
"ENSG00000236287"	"ENSG00000236287"	0.0121248183328779	0.0024020635971704	3	1	-0.306249455283495	1	1
"ENSG00000134882"	"ENSG00000134882"	2.27320031102776e-05	0.00248817369855733	5	1	-0.18146301338814	1	1
"ENSG00000182670"	"ENSG00000182670"	2.34795823726187e-20	0.00250519263967169	9	1	0.190092781982863	1	1
"ENSG00000113916"	"ENSG00000113916"	4.28133802618323e-18	0.00251674947150873	5	1	0.676284473593281	1	1
"ENSG00000168904"	"ENSG00000168904"	0.00124003946049329	0.00258211215526683	3	1	0.764615294406939	1	0.666666666666667
"ENSG00000114735"	"ENSG00000114735"	0.00463076276617822	0.00280593074997252	3	1	-0.582618990215968	1	0.833333333333333
"ENSG00000100243"	"ENSG00000100243"	1.6691052520781e-09	0.00281769152851664	3	1	-0.361221340452083	1	1
"ENSG00000196405"	"ENSG00000196405"	4.23343975329384e-06	0.00282804042456107	4	1	0.660635902125702	1	0.833333333333333
"ENSG00000147548"	"ENSG00000147548"	1.82453121587471e-08	0.00285194047439556	6	1	-0.556747556775288	1	0.833333333333333
"ENSG00000114209"	"ENSG00000114209"	0.0035433409698562	0.00287867306379072	4	2	0.211815642347067	1	1
"ENSG00000165506"	"ENSG00000165506"	0.00281958409551987	0.00292642610243106	4	2	-0.329771149564692	1	1
"ENSG00000036054"	"ENSG00000036054"	1.99096492510205e-25	0.00297905535715359	8	1	0.642424937244604	1	0.666666666666667
"ENSG00000177082"	"ENSG00000177082"	7.16326306802606e-14	0.00304153749973331	6	1	0.521738473483629	1	1
"ENSG00000156515"	"ENSG00000156515"	2.54330334857433e-05	0.00305240263355834	3	1	-0.261464106801854	1	1
"ENSG00000148341"	"ENSG00000148341"	1.68906991732655e-16	0.00316525429395614	6	1	-0.594724626905602	1	1
"ENSG00000243716"	"ENSG00000243716"	1.84341170385077e-06	0.00326168313686827	5	1	-0.236137988435108	1	1
"ENSG00000005486"	"ENSG00000005486"	4.33831335058562e-09	0.00327834137963308	8	1	-0.258416280413992	1	1
"ENSG00000183889"	"ENSG00000183889"	2.78709310676143e-13	0.0034446984024257	7	1	-0.547902164024972	1	1
"ENSG00000189077"	"ENSG00000189077"	0.00460361080994941	0.00345119649532166	4	2	-0.602982425845692	0.833333333333333	0.833333333333333
"ENSG00000131100"	"ENSG00000131100"	6.84294348898624e-06	0.00358449896820534	3	1	0.185285737164591	1	1
"ENSG00000126070"	"ENSG00000126070"	6.20545558854951e-06	0.00372042576762691	3	1	-0.68765964624611	1	1
"ENSG00000168066"	"ENSG00000168066"	9.83155218248204e-09	0.00375196280165685	4	1	0.170710744927985	1	1
"ENSG00000170881"	"ENSG00000170881"	1.66955447731443e-18	0.00377688437886364	4	1	-0.870446752651716	1	1
"ENSG00000131844"	"ENSG00000131844"	8.20287789081504e-09	0.00383781556273928	4	1	0.703320544181968	1	1
"ENSG00000170425"	"ENSG00000170425"	0.00561398710400921	0.00389159837069511	3	2	0.326004689908258	1	1
"ENSG00000120925"	"ENSG00000120925"	3.18380504767465e-06	0.0039147425365404	4	1	-0.381378459169806	1	1
"ENSG00000146457"	"ENSG00000146457"	1.16368541312705e-05	0.00402898900037649	8	1	-0.19663061467632	1	1
"ENSG00000117523"	"ENSG00000117523"	0.0182833152062532	0.0041201134697586	3	2	-0.34146689253656	1	1
"ENSG00000159461"	"ENSG00000159461"	0.00334248770964631	0.00423498261350472	3	1	-0.571503174195912	1	1
"ENSG00000134574"	"ENSG00000134574"	9.34420263601611e-22	0.00432082376124514	10	1	-0.398451101906249	1	1
"ENSG00000078061"	"ENSG00000078061"	0.0177465447255847	0.00432487127106977	3	1	-0.293268573373897	1	1
"ENSG00000104131"	"ENSG00000104131"	9.18056782922746e-15	0.00437751509799342	4	1	0.491235698392089	1	1
"ENSG00000206072"	"ENSG00000206072"	0.00063105478260365	0.00440546528876607	6	1	0.348014910962559	1	1
"ENSG00000188659"	"ENSG00000188659"	0.00232655650763513	0.00446879952374027	4	1	-0.886359936911109	1	0.666666666666667
"ENSG00000258955"	"ENSG00000258955"	0.000110364145098321	0.00452411307364404	3	1	-0.817433543054633	1	0.833333333333333
"ENSG00000108582"	"ENSG00000108582"	3.55171027256285e-09	0.00464169234122768	3	1	-0.877960578970809	1	1
"ENSG00000170017"	"ENSG00000170017"	1.13470741663244e-15	0.00479257026140527	5	2	0.67857422882485	1	1
"ENSG00000250571"	"ENSG00000250571"	0.00112513464843515	0.00479471298678932	4	1	0.196432910534436	1	1
"ENSG00000178685"	"ENSG00000178685"	0.000387673195813684	0.00481238271622844	4	1	-0.435502527575101	1	1
"ENSG00000006453"	"ENSG00000006453"	0.000824784673631611	0.00492515082982527	3	1	0.360128277765954	1	1
"ENSG00000185551"	"ENSG00000185551"	1.42452575726471e-18	0.00500739293939391	8	1	-0.388235136003899	1	1
"ENSG00000167460"	"ENSG00000167460"	1.69224973693961e-10	0.00516697614276575	6	1	0.195405988460645	1	1
"ENSG00000196961"	"ENSG00000196961"	0.000657164133451809	0.00519033303392684	3	1	0.257974257216897	1	1
"ENSG00000131187"	"ENSG00000131187"	1.32539995576983e-08	0.00524533091025244	5	1	0.36988810228968	1	1
"ENSG00000130177"	"ENSG00000130177"	0.0167636301822778	0.00536705042656244	3	1	0.196005888954386	1	1
"ENSG00000133265"	"ENSG00000133265"	6.54602673649466e-06	0.00542419556478615	4	1	-0.326395262812405	1	1
"ENSG00000100162"	"ENSG00000100162"	2.24897784504411e-06	0.00561356876461888	4	1	-0.302856591190959	1	1
"ENSG00000114770"	"ENSG00000114770"	3.78552725332238e-12	0.00568625426473446	6	1	0.679203986861508	1	1
"ENSG00000204574"	"ENSG00000204574"	3.30593308827679e-10	0.00574745690915151	4	1	0.840458491173443	1	0.833333333333333
"ENSG00000075089"	"ENSG00000075089"	0.000233870677414673	0.00576961100870311	4	1	-0.664081707647983	1	1
"ENSG00000166441"	"ENSG00000166441"	0.0273630440047238	0.00613719655204432	3	1	0.147975742437533	1	1
"ENSG00000117362"	"ENSG00000117362"	8.08081054285301e-05	0.00621707847563069	5	2	0.223862438631431	1	1
"ENSG00000103067"	"ENSG00000103067"	2.62717799201088e-06	0.00623213065828944	4	1	-0.747081783141401	1	0.833333333333333
"ENSG00000182923"	"ENSG00000182923"	0.00118207931787233	0.00655515097848894	7	1	-0.335323738828084	1	1
"ENSG00000104783"	"ENSG00000104783"	0.000168137063767622	0.00655910707415428	4	1	-0.538382522797066	1	1
"ENSG00000187522"	"ENSG00000187522"	3.43240055838598e-08	0.00662187353941134	4	1	0.283204559928952	1	1
"ENSG00000052126"	"ENSG00000052126"	7.38379966070803e-05	0.00705771533370699	3	1	0.453877612780303	1	1
"ENSG00000174243"	"ENSG00000174243"	2.45044897865923e-21	0.00706011944882239	5	1	0.414127237429348	1	1
"ENSG00000133641"	"ENSG00000133641"	0.0314800758708653	0.00747432546849759	3	1	0.392653187826054	1	1
"ENSG00000119801"	"ENSG00000119801"	2.19200653809575e-06	0.00752587145643949	6	1	0.244983197281806	1	1
"ENSG00000134363"	"ENSG00000134363"	6.7240024118906e-13	0.00762935954285787	5	1	-0.575754976909184	1	0.833333333333333
"ENSG00000011295"	"ENSG00000011295"	0.00908375587035153	0.00785564268127982	4	1	-0.241517457818934	1	1
"ENSG00000143502"	"ENSG00000143502"	3.18183166019632e-08	0.00798561130738128	6	1	-0.323019177982859	1	1
"ENSG00000103197"	"ENSG00000103197"	0.0149936957591219	0.00806868600947233	3	2	-0.489785060076478	1	0.833333333333333
"ENSG00000079313"	"ENSG00000079313"	0.00626117033108033	0.0082983248771718	3	1	-0.331533377280985	1	1
"ENSG00000154473"	"ENSG00000154473"	4.25528874252084e-11	0.00837725890597196	3	1	0.296094819532884	1	1
"ENSG00000115657"	"ENSG00000115657"	0.0343642824872473	0.00848622039108463	3	1	0.2466325730473	1	1
"ENSG00000100462"	"ENSG00000100462"	0.00313394093120326	0.00860343420998	5	1	-0.393941062540082	1	1
"ENSG00000171055"	"ENSG00000171055"	0.000512376675146425	0.00887634642140042	5	1	0.249769958092815	1	1
"ENSG00000213024"	"ENSG00000213024"	2.8388361354388e-07	0.00908792397992253	5	2	-0.356704771290115	1	1
"ENSG00000134398"	"ENSG00000134398"	0.0311923161628529	0.00909702063280279	3	1	0.313310581833948	1	1
"ENSG00000225484"	"ENSG00000225484"	6.59551944761003e-10	0.00929316742982643	7	1	-0.316785227021763	1	1
"ENSG00000103429"	"ENSG00000103429"	2.56901891581295e-09	0.00931544716063896	5	1	0.378556633031351	1	1
"ENSG00000163882"	"ENSG00000163882"	5.62012517410575e-09	0.0096737499609192	6	1	0.227177246561914	1	1
"ENSG00000161896"	"ENSG00000161896"	0.000455902907639985	0.00984596180373866	3	1	0.713278391864097	1	0.666666666666667
"ENSG00000163374"	"ENSG00000163374"	0.0111012107006061	0.00985127728530947	3	1	0.622480779099284	1	0.666666666666667
"ENSG00000143457"	"ENSG00000143457"	2.29844270511394e-06	0.0107251787233065	3	1	-0.3750936062292	1	1
"ENSG00000133104"	"ENSG00000133104"	2.41572954536012e-05	0.0108359321131513	10	1	0.187730398496834	1	1
"ENSG00000172590"	"ENSG00000172590"	2.98348254930689e-06	0.0108791017818162	7	2	0.274580629959982	1	1
"ENSG00000140274"	"ENSG00000140274"	0.0273558457287481	0.0111706143443851	3	2	-0.196102632731378	1	1
"ENSG00000157978"	"ENSG00000157978"	0.000429650359131795	0.0112132848996666	3	1	-0.329091767027203	1	1
"ENSG00000136104"	"ENSG00000136104"	0.00350518714149808	0.0112750558715198	7	1	-0.337481204959474	1	1
"ENSG00000004534"	"ENSG00000004534"	1.22847027243413e-06	0.0113194849811774	8	1	0.140821334434463	1	1
"ENSG00000124279"	"ENSG00000124279"	0.00968855981434392	0.011388334767871	3	1	-0.482431064764645	1	1
"ENSG00000134057"	"ENSG00000134057"	0.0104830867921092	0.0115010427101131	4	1	0.293390759575199	1	1
"ENSG00000104388"	"ENSG00000104388"	9.58390384596875e-25	0.0116235488370561	4	2	-0.992799096517155	1	0.666666666666667
"ENSG00000143033"	"ENSG00000143033"	0.00272530809323984	0.0117578490973616	6	1	0.204696838541947	1	1
"ENSG00000110446"	"ENSG00000110446"	7.95823293684291e-09	0.0121083824826498	5	1	-0.563498979426387	1	1
"ENSG00000095739"	"ENSG00000095739"	0.0443647185218753	0.0128596423553272	3	1	-0.23728728929528	1	1
"ENSG00000077942"	"ENSG00000077942"	2.89011103019014e-11	0.0131344817147328	3	1	0.247322296613595	1	1
"ENSG00000137106"	"ENSG00000137106"	1.15630350714533e-05	0.0134257232108643	3	1	0.129891345834429	1	1
"ENSG00000107758"	"ENSG00000107758"	0.021300241044211	0.0134548947259658	3	1	0.264922828048462	1	1
"ENSG00000165055"	"ENSG00000165055"	3.97902428348154e-05	0.0136630790012654	5	1	0.425620179878819	1	1
"ENSG00000124226"	"ENSG00000124226"	1.92802456893095e-08	0.0138239921310573	3	1	-0.319110468591467	1	1
"ENSG00000075651"	"ENSG00000075651"	0.00207756199532222	0.013863292885388	3	1	-0.387188934183174	1	1
"ENSG00000242808"	"ENSG00000242808"	0.00140729628357819	0.013904393931591	4	1	-0.645326815750696	1	0.833333333333333
"ENSG00000110628"	"ENSG00000110628"	3.41239669284233e-09	0.0140563613862391	8	1	0.39494887069869	1	1
"ENSG00000160993"	"ENSG00000160993"	1.36197717650094e-05	0.0141437057237142	4	1	0.473976435211876	1	1
"ENSG00000122970"	"ENSG00000122970"	0.00412326985450398	0.0147301829946313	3	1	-0.598548577170128	1	1
"ENSG00000127947"	"ENSG00000127947"	3.57881428719059e-05	0.0147597901218952	4	1	-0.411764455433724	1	1
"ENSG00000110330"	"ENSG00000110330"	9.01532753406952e-06	0.014876479653128	4	1	0.272903271186286	1	1
"ENSG00000066136"	"ENSG00000066136"	8.42776047255696e-08	0.0150090448428284	6	1	-0.367038163962376	1	1
"ENSG00000096872"	"ENSG00000096872"	0.000129640334421878	0.0152579091746105	6	1	-0.393413656001831	1	1
"ENSG00000231607"	"ENSG00000231607"	0.00264970553350601	0.0152621819752778	4	1	0.589649963033311	1	0.833333333333333
"ENSG00000151023"	"ENSG00000151023"	0.0187657257810313	0.0152982278545126	4	1	0.208910417208842	1	1
"ENSG00000163159"	"ENSG00000163159"	0.0011083370154998	0.0156915451452613	5	2	0.289719265924534	1	1
"ENSG00000171813"	"ENSG00000171813"	0.0300007219664237	0.0157503183845681	4	1	0.475089443976308	1	1
"ENSG00000106546"	"ENSG00000106546"	6.43536830695694e-07	0.0157901019980535	4	1	0.536201032032662	1	1
"ENSG00000155329"	"ENSG00000155329"	1.19891740633465e-05	0.0158023246644221	6	1	0.267753736578816	1	1
"ENSG00000172992"	"ENSG00000172992"	0.000687814071406581	0.0159333441042978	6	1	-0.362559508007943	1	1
"ENSG00000105821"	"ENSG00000105821"	1.00209223972742e-06	0.0160605317904813	6	1	0.349396779107637	1	1
"ENSG00000165410"	"ENSG00000165410"	4.96240747843939e-12	0.0162251416841581	7	1	-0.663239017826454	1	0.666666666666667
"ENSG00000070731"	"ENSG00000070731"	9.0786749699759e-23	0.016335631527072	6	1	-0.347593582887701	1	1
"ENSG00000167699"	"ENSG00000167699"	0.000410160601575065	0.0163470008691766	4	1	-0.204910982160287	1	1
"ENSG00000137074"	"ENSG00000137074"	0.0100338491618281	0.0163778382133017	11	1	-0.257455852490591	1	1
"ENSG00000168615"	"ENSG00000168615"	0.0180271018189352	0.016846341278762	3	1	0.363840959076331	1	1
"ENSG00000107521"	"ENSG00000107521"	0.000175808913934304	0.0170510499334376	6	2	-0.267973260622731	1	1
"ENSG00000074410"	"ENSG00000074410"	0.00103829058365284	0.0171137488187645	3	1	0.783434042676365	1	0.666666666666667
"ENSG00000100413"	"ENSG00000100413"	4.07105409373928e-05	0.0173047314886882	4	1	0.514527937174653	1	1
"ENSG00000100003"	"ENSG00000100003"	0.0145652786969117	0.0174309953650319	3	1	0.493352009915369	1	1
"ENSG00000132680"	"ENSG00000132680"	6.94261576261554e-07	0.0174770375854078	3	1	0.408345547214665	1	1
"ENSG00000067182"	"ENSG00000067182"	0.00014564134051115	0.017958521620739	3	1	-0.187947900359464	1	1
"ENSG00000096063"	"ENSG00000096063"	0.00098636701412413	0.0183754391034035	3	1	-0.685539814418729	1	1
"ENSG00000123472"	"ENSG00000123472"	0.000298187115989512	0.0185715114926729	5	1	0.27055562548746	1	1
"ENSG00000163932"	"ENSG00000163932"	3.59455476539631e-10	0.0186823114344042	7	1	0.205674523673015	1	1
"ENSG00000133226"	"ENSG00000133226"	1.07005819283255e-42	0.0188774694197942	6	1	0.266947649029295	1	1
"ENSG00000151929"	"ENSG00000151929"	7.3587271652502e-08	0.0189848460748535	4	1	0.312401546356497	1	1
"ENSG00000168243"	"ENSG00000168243"	0.000177944467871723	0.0192761097070179	4	1	-0.458799546927176	1	1
"ENSG00000176102"	"ENSG00000176102"	6.92735505581381e-06	0.0197128028884343	6	1	-0.236252860495405	1	1
"ENSG00000167962"	"ENSG00000167962"	0.00658283588699766	0.0199857278732116	3	1	-0.616711816947983	1	0.666666666666667
"ENSG00000140526"	"ENSG00000140526"	1.5115170046736e-11	0.020054788913007	3	1	0.727489338530071	1	1
"ENSG00000145860"	"ENSG00000145860"	0.000408837745091604	0.0203568630388886	5	1	-0.522561197092692	1	1
"ENSG00000186522"	"ENSG00000186522"	0.00225440329514106	0.0204401805657452	6	1	0.314948767207606	1	1
"ENSG00000140367"	"ENSG00000140367"	0.00310793550087071	0.0209658511001323	3	1	0.428441210910753	1	1
"ENSG00000161526"	"ENSG00000161526"	2.20768068578519e-08	0.0213107159131392	8	1	0.572437014470366	1	0.833333333333333
"ENSG00000148735"	"ENSG00000148735"	1.46649258091084e-08	0.0219768460647608	8	1	-0.178822369644792	1	1
"ENSG00000130560"	"ENSG00000130560"	1.65107865140762e-17	0.0222189707253966	4	1	-0.343616163486347	1	1
"ENSG00000087008"	"ENSG00000087008"	1.18429722461776e-05	0.0225000128875536	6	1	0.472490573756948	1	1
"ENSG00000129116"	"ENSG00000129116"	3.02146747020436e-08	0.0226319686569936	4	1	0.547303036165068	1	1
"ENSG00000058600"	"ENSG00000058600"	0.0135152103395405	0.0227311531033489	3	1	-0.43181254199336	1	1
"ENSG00000074935"	"ENSG00000074935"	0.00443764069323066	0.023002791394201	4	1	0.40854474142725	1	1
"ENSG00000165525"	"ENSG00000165525"	0.00377789872252556	0.0231449310343734	6	1	-0.198009177875368	1	1
"ENSG00000071539"	"ENSG00000071539"	0.00122488136399877	0.0238027597579525	7	1	0.325826628265457	1	1
"ENSG00000185722"	"ENSG00000185722"	0.0078223825883572	0.0239057374709578	3	1	0.464278502184694	1	0.833333333333333
"ENSG00000184584"	"ENSG00000184584"	5.71791835187114e-21	0.023932514970899	9	1	-0.239268596071108	1	1
"ENSG00000158435"	"ENSG00000158435"	0.00130362153470041	0.0241058440836286	3	1	-0.234049485913656	1	1
"ENSG00000010244"	"ENSG00000010244"	5.3779553264525e-19	0.0247954961443543	7	1	0.328766747191687	1	1
"ENSG00000122687"	"ENSG00000122687"	0.0263178094695445	0.0248625059395437	5	1	-0.231613335996626	1	1
"ENSG00000106733"	"ENSG00000106733"	9.52428025700114e-10	0.0250770067595939	7	1	0.202043949955889	1	1
"ENSG00000169814"	"ENSG00000169814"	8.37883698407415e-08	0.0255457924825564	5	1	0.5284262672143	1	1
"ENSG00000203666"	"ENSG00000203666"	3.28565755858432e-05	0.0271593350021893	7	1	0.291761966053845	1	1
"ENSG00000063244"	"ENSG00000063244"	0.0034206993382327	0.0277684869476694	3	1	-0.279607891227756	1	1
"ENSG00000168936"	"ENSG00000168936"	9.71298168319721e-08	0.0280963280245549	5	1	0.47346646936385	1	1
"ENSG00000166046"	"ENSG00000166046"	0.012047946385215	0.0296836640825927	3	1	0.198899819942804	1	1
"ENSG00000104960"	"ENSG00000104960"	0.000557062971248765	0.0299924917279998	4	1	0.275593570810181	1	1
"ENSG00000197912"	"ENSG00000197912"	4.42666332462266e-07	0.030238720401023	5	1	0.350926559746542	1	1
"ENSG00000232079"	"ENSG00000232079"	0.000105846087455837	0.0302605010757884	4	1	0.597995411817993	1	0.833333333333333
"ENSG00000224383"	"ENSG00000224383"	2.91550923079112e-09	0.0311451079982786	6	1	0.481477221825961	1	1
"ENSG00000180398"	"ENSG00000180398"	4.50295020026603e-09	0.031808176510276	13	2	-0.203122155084377	1	1
"ENSG00000123358"	"ENSG00000123358"	2.50766851298472e-13	0.0320871480703577	7	1	-0.282608465340865	1	1
"ENSG00000072364"	"ENSG00000072364"	1.27484099220663e-07	0.0325884806456702	5	1	-0.311191066045417	1	1
"ENSG00000176095"	"ENSG00000176095"	0.000699137813075366	0.0346120332456712	4	1	-0.524315096248831	1	1
"ENSG00000166770"	"ENSG00000166770"	0.0229277498363339	0.0348533750381528	5	1	0.414250426221552	1	0.833333333333333
"ENSG00000137494"	"ENSG00000137494"	2.80539224681317e-09	0.0349752600235325	3	1	-0.82201568767112	1	1
"ENSG00000122952"	"ENSG00000122952"	4.0549012396197e-11	0.0350916707343138	8	1	-0.534199924296525	1	0.833333333333333
"ENSG00000147533"	"ENSG00000147533"	4.23080370941756e-05	0.0355707098716173	4	1	-0.330237760550999	1	1
"ENSG00000100124"	"ENSG00000100124"	0.00658601091017044	0.0356926399099128	3	1	0.347499591504729	1	1
"ENSG00000115486"	"ENSG00000115486"	0.039990192222205	0.0358973201956402	3	1	0.25438549941851	1	1
"ENSG00000204220"	"ENSG00000204220"	6.79418586273537e-07	0.0359891222926204	6	1	-0.23423558947098	1	1
"ENSG00000177200"	"ENSG00000177200"	1.95014549429224e-15	0.0362633434232631	10	1	0.169454194755746	1	1
"ENSG00000106617"	"ENSG00000106617"	2.24084983733435e-06	0.0367667244550285	5	1	-0.398986030008978	1	1
"ENSG00000144645"	"ENSG00000144645"	1.43300527845396e-06	0.0369448832222315	4	1	0.56209213517913	1	1
"ENSG00000054282"	"ENSG00000054282"	0.00112986007242805	0.0371228931919546	3	1	-0.334846410994782	1	1
"ENSG00000134461"	"ENSG00000134461"	1.32411541540376e-05	0.0378811160971709	4	1	-0.292124921552689	1	1
"ENSG00000151327"	"ENSG00000151327"	0.00707347571484843	0.0389575337062981	4	1	0.217832285457915	1	1
"ENSG00000186204"	"ENSG00000186204"	0.0324783470645639	0.0390244863268932	4	1	-0.334364225022432	1	1
"ENSG00000167186"	"ENSG00000167186"	0.0194947200279508	0.0390375449750626	3	1	-0.373171080251109	1	1
"ENSG00000198522"	"ENSG00000198522"	0.047545708535607	0.0396556616020499	3	1	0.276146601458097	1	1
"ENSG00000257621"	"ENSG00000257621"	3.13193072476264e-10	0.0401467783620294	6	1	0.263568071099394	1	1
"ENSG00000168961"	"ENSG00000168961"	3.37467286994416e-14	0.0406455887091184	7	1	0.220654201252728	1	1
"ENSG00000139546"	"ENSG00000139546"	0.00495314395529863	0.0408976511048848	3	1	-0.280390512482648	1	1
"ENSG00000206562"	"ENSG00000206562"	0.00335213916124532	0.0410008782205625	5	1	-0.201175130826717	1	1
"ENSG00000267673"	"ENSG00000267673"	9.32374534751353e-23	0.0413034590124696	7	1	-0.51076916284193	1	1
"ENSG00000148248"	"ENSG00000148248"	4.28159661415177e-13	0.0420027615752784	6	1	-0.298701374573658	1	1
"ENSG00000136536"	"ENSG00000136536"	0.00162733579684625	0.0420969797548847	5	1	0.2342162440323	1	1
"ENSG00000113163"	"ENSG00000113163"	0.000447360948675523	0.0421841662266151	5	1	-0.179743393794782	1	1
"ENSG00000153406"	"ENSG00000153406"	0.000169762438951653	0.0423783864904782	5	1	-0.172671938587412	1	1
"ENSG00000075975"	"ENSG00000075975"	0.00673713899121137	0.0427133912492371	3	1	0.25162444598605	1	1
"ENSG00000070190"	"ENSG00000070190"	0.00091078254481522	0.0428600001012143	3	1	-0.306088285440549	1	1
"ENSG00000073350"	"ENSG00000073350"	0.0064461776933716	0.0429197143272668	5	1	-0.330533259430619	1	1
"ENSG00000158315"	"ENSG00000158315"	1.53596695392304e-22	0.0429665658769429	4	1	0.414894613552391	1	1
"ENSG00000065809"	"ENSG00000065809"	0.00164906165673403	0.0431679131904697	7	1	0.305693077144234	1	1
"ENSG00000226067"	"ENSG00000226067"	1.10606090068612e-12	0.0436405072269354	10	1	0.288888888536117	1	1
"ENSG00000248092"	"ENSG00000248092"	0.0123958296513203	0.0446932374655774	4	1	0.421483971451443	1	1
"ENSG00000151881"	"ENSG00000151881"	5.29351621595438e-09	0.044780911335088	4	1	-0.388124513772747	1	1
"ENSG00000101310"	"ENSG00000101310"	1.28660228758904e-14	0.0451458394833966	9	1	-0.400105851729388	1	0.666666666666667
"ENSG00000022840"	"ENSG00000022840"	0.000301662870873823	0.0459087394063466	7	1	-0.316766015245422	1	1
"ENSG00000132463"	"ENSG00000132463"	0.000206263461695292	0.0461469727598704	8	1	-0.323375815304817	1	1
"ENSG00000181085"	"ENSG00000181085"	0.0301167703164366	0.0462355272919861	5	1	0.303485201646177	1	1
"ENSG00000204711"	"ENSG00000204711"	9.06039260477871e-06	0.0463129118526655	6	1	0.17104383119727	1	1
"ENSG00000115540"	"ENSG00000115540"	4.92054178644483e-09	0.0464971285645163	3	1	0.590401737290645	1	1
"ENSG00000244274"	"ENSG00000244274"	0.0069415689228438	0.0474825549505065	3	1	-0.126776657669731	1	1
"ENSG00000139842"	"ENSG00000139842"	0.00119100533310902	0.0480299370782753	4	1	0.351212381897416	1	1
"ENSG00000077147"	"ENSG00000077147"	0.0490963958778194	0.0493564394122951	3	1	-0.49836893075804	1	0.833333333333333
