"gene_ID","gene_qvalue","minimal_tx_qvalue","number_tx","number_significant_tx","max(Suprabasal_UK_72hpi_child_Infected-Suprabasal_uninfected_child_Uninfected)","pct_gene_expr","max_pct_tx_expr"
"ENSG00000104388",2.25025028602555e-14,0.00269599699950379,4,1,-0.977913250573425,1,0.666666666666667
"ENSG00000198830",4.33710731938063e-33,0.0115590342822444,6,1,-0.975227152835701,1,0.666666666666667
"ENSG00000149809",2.03280586869673e-23,0.258294519135597,3,0,0.963723697961764,1,0.666666666666667
"ENSG00000160087",5.08455634648596e-19,1,4,0,-0.95238095237838,1,0.666666666666667
"ENSG00000150787",2.02787112425128e-10,1,4,0,0.942153245344418,1,0.833333333333333
"ENSG00000183172",2.70356445169589e-09,3.34609416118008e-05,4,1,-0.941058715041823,1,0.666666666666667
"ENSG00000064199",0.00126579781970619,0.004308952566364,3,1,0.937768804703585,0.833333333333333,0.5
"ENSG00000147403",1.0402007103806e-156,8.20601991777173e-38,6,2,0.925491240162465,1,1
"ENSG00000111639",3.03104833688954e-61,1,4,0,0.920512138783805,1,1
"ENSG00000175287",4.05221953686039e-09,1,7,0,-0.914388825796645,1,0.5
"ENSG00000162896",9.67324974567692e-26,1,4,0,-0.902370874539261,1,0.833333333333333
"ENSG00000166130",0.00037443677189047,1,3,0,0.901719264074612,1,0.5
"ENSG00000229809",1.75528891572179e-13,1,5,0,-0.896521248244222,1,0.5
"ENSG00000144028",1.35471042421728e-12,0.0110483544494421,4,1,0.888810884899794,1,0.666666666666667
"ENSG00000115084",5.26210854522214e-06,1,3,0,0.885302350876654,1,0.5
"ENSG00000152894",1.466425576835e-06,1,4,0,-0.884471565448829,1,0.666666666666667
"ENSG00000105568",5.65273361444461e-16,1,4,0,-0.883982861888977,1,0.5
"ENSG00000251562",7.87205343034813e-63,1,4,0,0.878414850797477,1,0.833333333333333
"ENSG00000171490",1.400842812011e-11,1,4,0,-0.867089087077452,1,0.833333333333333
"ENSG00000137692",2.60682968742673e-13,1,5,0,-0.862748458369599,1,0.833333333333333
"ENSG00000146072",1.2843576175217e-07,1.78853954293441e-08,3,1,-0.857568137805804,0.833333333333333,0.666666666666667
"ENSG00000113407",0.00271407238000138,1,3,0,0.856610513536688,0.833333333333333,0.5
"ENSG00000188959",0.000168600670784853,0.589795151187535,4,0,-0.854131343814532,0.833333333333333,0.666666666666667
"ENSG00000040341",6.19483319278744e-05,1,3,0,-0.852209036857637,0.833333333333333,0.666666666666667
"ENSG00000172845",0.000826523127517643,0.204026417417493,4,0,0.841617133533127,1,0.5
"ENSG00000174748",6.75689535387461e-289,1.38493260155228e-19,5,1,-0.840223185817579,1,1
"ENSG00000196505",0.00794613618760916,1,3,0,0.830597876667629,0.833333333333333,0.5
"ENSG00000101109",0.000865696754002604,0.00651852337636737,3,1,-0.829740930148238,1,0.666666666666667
"ENSG00000166508",1.21299158234869e-06,1,4,0,0.829715759536234,0.833333333333333,0.666666666666667
"ENSG00000101782",5.18511682251628e-05,1,4,0,-0.829069591054205,0.833333333333333,0.5
"ENSG00000197063",0.000997443367634707,1,3,0,-0.828950105726098,0.833333333333333,0.666666666666667
"ENSG00000107959",0.000270262482681594,1,3,0,0.828644994096141,1,0.5
"ENSG00000163235",0.00340877848108667,0.0328582125686133,3,1,-0.827240448371989,0.833333333333333,0.666666666666667
"ENSG00000196754",2.60412718504663e-91,8.91969331021894e-65,4,1,0.826689279568159,1,1
"ENSG00000162231",1.25571657465738e-05,1,4,0,0.820604096125428,1,0.833333333333333
"ENSG00000152904",1.400842812011e-11,1,4,0,-0.808466386640023,1,0.666666666666667
"ENSG00000185033",1.40294047580197e-08,0.139748549262057,4,0,0.804429814719681,1,0.666666666666667
"ENSG00000113732",5.01898915337597e-103,1.10465605837464e-31,3,1,-0.80300110038253,1,1
"ENSG00000137203",8.76580198981456e-06,1,5,0,-0.802471078411686,1,0.833333333333333
"ENSG00000099958",0.0110509953317995,1,4,0,0.799995162397943,1,0.5
"ENSG00000140043",0.00455886649582081,1,5,0,-0.799994215177541,0.833333333333333,0.666666666666667
"ENSG00000177082",1.02382482702128e-07,1,4,0,-0.797301947416978,1,0.666666666666667
"ENSG00000164919",1.18621359532689e-72,1.84210126985097e-65,4,2,0.791512252185496,1,1
"ENSG00000100568",1.42675338779442e-20,0.0826355255467252,4,0,0.7876003586932,1,1
"ENSG00000161996",0.00691612169697471,1,4,0,-0.787104191339586,0.833333333333333,0.5
"ENSG00000159658",0.000308974301064509,1,3,0,0.784430691139721,0.833333333333333,0.666666666666667
"ENSG00000154813",5.93473899831152e-06,0.124522963102768,3,0,-0.77520066091109,1,0.666666666666667
"ENSG00000285437",2.0820183776149e-06,1,7,0,-0.774486580446286,1,0.833333333333333
"ENSG00000170876",0.00557503125514945,0.00206630361202826,3,1,-0.77349675487202,0.833333333333333,0.666666666666667
"ENSG00000134108",0.00438994332334964,0.00328337078355425,3,1,0.773293009783227,0.833333333333333,0.666666666666667
"ENSG00000164904",3.56777442442569e-12,0.0150450206144028,6,1,0.769230474014843,1,0.833333333333333
"ENSG00000185567",2.04734050676719e-14,6.42972742921447e-10,4,1,-0.766007260164878,1,0.833333333333333
"ENSG00000004961",3.76472060566754e-16,1,6,0,0.765333267506406,1,1
"ENSG00000102572",6.15342925833359e-06,0.827763129537853,4,0,0.765271026432579,0.833333333333333,0.5
"ENSG00000137274",3.38285366467228e-06,0.0186230624885456,5,1,0.765062980187834,1,0.833333333333333
"ENSG00000183751",0.00377086532677962,1,3,0,0.757299125659316,0.833333333333333,0.666666666666667
"ENSG00000139263",0.00286170202659642,1,3,0,0.755486611115307,0.833333333333333,0.666666666666667
"ENSG00000173575",0.00340877848108667,0.000701258295914302,4,1,-0.754443998254072,0.833333333333333,0.666666666666667
"ENSG00000108963",7.83378898528889e-06,9.61242471042077e-05,4,1,0.754438341753439,1,0.666666666666667
"ENSG00000148700",0.000332798206898025,0.000129045203971593,3,1,-0.754316161383676,0.833333333333333,0.666666666666667
"ENSG00000142627",7.58222489912774e-20,1,4,0,-0.754075183605911,1,1
"ENSG00000111371",2.86800521123124e-07,1,5,0,-0.75280357091346,1,1
"ENSG00000178104",0.000480037039523212,0.000334295938615381,3,1,0.752561649849524,1,0.666666666666667
"ENSG00000174547",5.11393892370225e-37,3.61846109259591e-32,4,1,-0.752270269930505,1,1
"ENSG00000101608",8.02812968706875e-49,3.03024565463765e-11,5,2,-0.752060710229365,1,1
"ENSG00000115694",2.2901511435627e-07,1,7,0,-0.750000119367205,1,0.666666666666667
"ENSG00000174943",0.00837632645366815,0.206109610029176,3,0,-0.75,1,0.666666666666667
"ENSG00000121413",0.00459726629687722,1,5,0,-0.749999999999999,1,0.666666666666667
"ENSG00000034677",0.00738735629179604,1,4,0,-0.749979914626337,0.833333333333333,0.666666666666667
"ENSG00000099810",0.000323139266090345,1,3,0,0.749440582636546,1,0.666666666666667
"ENSG00000117592",1.67064507800953e-98,1,3,0,0.746951405510873,1,1
"ENSG00000006744",0.00532155126138335,1,3,0,-0.744325861650144,0.833333333333333,0.666666666666667
"ENSG00000204520",0.0105099691855383,1,4,0,-0.744082462035709,0.833333333333333,0.666666666666667
"ENSG00000104133",0.00803288313556968,1,3,0,-0.740862120079986,1,0.666666666666667
"ENSG00000139083",0.000311047520860781,0.0613728154936604,3,0,-0.73229446413348,1,0.666666666666667
"ENSG00000186918",0.00201450146445706,1,4,0,-0.729782168890535,1,0.5
"ENSG00000172809",0.0090212044276114,0.0133435175171499,3,1,0.729518584443532,0.833333333333333,0.833333333333333
"ENSG00000113387",3.04912725413146e-26,7.90660784150174e-15,3,1,-0.727654499931544,1,1
"ENSG00000156413",3.86693861332708e-07,1,5,0,-0.72380208142306,1,0.5
"ENSG00000167272",1.09643130849523e-11,1,5,0,-0.722713413898064,1,0.666666666666667
"ENSG00000204536",0.00021771913006961,0.00704943016660159,3,1,-0.718109372844321,1,0.666666666666667
"ENSG00000070831",1.19633688773077e-60,1,3,0,-0.716080964164586,1,1
"ENSG00000185813",2.63742722259178e-06,1,5,0,-0.699968459326554,1,0.833333333333333
"ENSG00000060237",1.93440754487236e-06,1,7,0,-0.699506993668585,1,0.833333333333333
"ENSG00000130702",2.18907284973314e-06,1,7,0,-0.69928371218056,0.833333333333333,0.666666666666667
"ENSG00000230124",6.66510519720353e-17,1,4,0,0.698694552074055,1,1
"ENSG00000171155",1.48967270461002e-11,0.00372705030527258,3,1,-0.698280166025717,1,1
"ENSG00000171124",0.00055996238441893,0.000344449390534296,4,1,-0.696850005489168,1,0.833333333333333
"ENSG00000142599",8.99962007009557e-07,1,4,0,0.696109320221098,1,0.833333333333333
"ENSG00000126778",0.000195664891018639,1,3,0,0.692625805789529,0.833333333333333,0.666666666666667
"ENSG00000115677",1.72413458124013e-08,1,4,0,-0.69247040981618,1,0.833333333333333
"ENSG00000149115",1.09463610198922e-06,1,7,0,0.686225377020004,1,0.833333333333333
"ENSG00000149658",0.000133938457723188,0.00774444923031888,4,1,0.68154781297635,1,0.666666666666667
"ENSG00000173848",5.58867219310249e-07,0.000340810886052175,3,1,0.678871415720178,1,1
"ENSG00000115129",1.94009360872507e-07,1.25982331524665e-07,8,1,-0.678455841496009,1,1
"ENSG00000021355",4.60214065053066e-13,6.62147785009659e-09,5,1,0.674184073275504,1,0.833333333333333
"ENSG00000076554",1.88763520004767e-25,1,7,0,0.67414469917906,1,0.666666666666667
"ENSG00000154380",8.20942517134926e-05,5.30721040862098e-05,4,1,0.672788048529162,1,0.833333333333333
"ENSG00000163399",3.97665236267932e-19,8.56469188098624e-15,5,1,0.671502866869473,1,1
"ENSG00000168259",4.71103547296244e-13,0.449356955718939,4,0,0.670718525758375,1,1
"ENSG00000158747",5.46697045461348e-06,0.192384128736201,5,0,0.669984129840862,1,1
"ENSG00000114126",0.00207765549389229,0.00089289776878369,5,1,-0.669970806865665,1,1
"ENSG00000185104",8.61042603419453e-05,0.00177474818748588,4,1,-0.669747362546146,1,1
"ENSG00000056972",0.0342206411897435,1,5,0,-0.666666666666673,0.833333333333333,0.5
"ENSG00000162819",0.0237966328958251,1,5,0,-0.666666666666668,1,0.666666666666667
"ENSG00000104205",0.0274198451485382,1,3,0,-0.666666666666667,0.833333333333333,0.666666666666667
"ENSG00000143418",0.028615384690501,0.124789412379319,3,0,-0.666666666666667,0.833333333333333,0.666666666666667
"ENSG00000213930",0.0346062002941592,1,3,0,-0.666666666666665,0.833333333333333,0.666666666666667
"ENSG00000100425",0.0379627911494065,1,3,0,-0.666666666666665,0.833333333333333,0.666666666666667
"ENSG00000067113",0.0484304103395372,1,5,0,-0.666666666666664,0.833333333333333,0.666666666666667
"ENSG00000260916",3.02651454461241e-11,0.00152761416781623,4,1,-0.666322703331358,1,0.833333333333333
"ENSG00000067167",4.09391946669687e-11,1.95762535512206e-06,5,1,0.665493310566962,1,1
"ENSG00000100979",1.25863430397339e-06,0.00202231649204508,4,1,-0.665244057776281,1,0.833333333333333
"ENSG00000177570",0.00164494595903755,1,3,0,0.664086595505119,1,0.833333333333333
"ENSG00000135387",0.000545989715337645,0.0256330498803709,3,1,-0.663474865846443,0.833333333333333,0.833333333333333
"ENSG00000183426",0.00261785095221532,0.234957555098657,4,0,-0.662998218637856,1,0.666666666666667
"ENSG00000036054",2.18578665173868e-06,1,6,0,-0.661440787200618,1,0.833333333333333
"ENSG00000266412",5.13282660251643e-35,1,10,0,-0.658005907669207,1,0.833333333333333
"ENSG00000120533",1.83751772877466e-23,1,6,0,-0.655172042126944,1,1
"ENSG00000185262",4.82522318526395e-06,0,2,2,0.65337470502464,1,1
"ENSG00000267855",0.0344855580364904,0.226716564698882,3,0,0.650139708115025,0.833333333333333,0.833333333333333
"ENSG00000159166",1.2011824852837e-14,0.693472671636581,3,0,-0.649428508123482,1,1
"ENSG00000163882",1.88477091528579e-11,0.000492102821964682,4,1,-0.647058993815594,1,0.833333333333333
"ENSG00000079246",7.07612386958439e-16,1,3,0,0.645309554923503,1,1
"ENSG00000079462",1.52607321970756e-14,0.000155336134586652,5,1,-0.641274969382447,1,1
"ENSG00000141013",6.28868287768375e-06,0.000153176627227354,6,1,-0.641017038531384,1,0.833333333333333
"ENSG00000100722",4.49231349967987e-05,1,5,0,-0.640561882336756,0.833333333333333,0.666666666666667
"ENSG00000168256",0.0013015129545823,0.0924392060183196,5,0,0.640403548673743,0.833333333333333,0.833333333333333
"ENSG00000130560",5.34869226550282e-13,1,5,0,-0.639477327643261,1,0.833333333333333
"ENSG00000103342",3.88222074980636e-16,1,3,0,0.63429500503191,1,1
"ENSG00000065882",0.00726286492473126,0.0268370053583864,4,1,0.629629629625353,0.833333333333333,0.833333333333333
"ENSG00000173226",0.0433800916797738,0.098781705370331,3,0,0.626948450945654,1,1
"ENSG00000166275",2.73496661381984e-14,1,5,0,0.626729737092515,1,0.833333333333333
"ENSG00000148187",0.0052365851198585,1,4,0,0.62594516445472,1,0.833333333333333
"ENSG00000115457",3.27261932939844e-38,6.22734612238133e-34,5,2,-0.625648473430186,1,1
"ENSG00000108946",0.00246299435589378,1,5,0,-0.62479388299626,0.833333333333333,0.666666666666667
"ENSG00000178307",1.85937660111412e-05,0.579224320627208,4,0,-0.621220929093757,0.833333333333333,0.666666666666667
"ENSG00000155660",1.0590989426961e-07,2.13395013236113e-05,5,1,-0.619822343385838,1,1
"ENSG00000257727",1.43078488890621e-10,3.19389029313913e-05,4,1,-0.619813855661965,1,1
"ENSG00000160298",0.000309066993126528,1,6,0,-0.617404696326055,1,0.5
"ENSG00000204673",0.0102050529713115,1,4,0,0.616813731750186,0.833333333333333,0.833333333333333
"ENSG00000121073",2.31835365827765e-06,1,6,0,-0.615340894891769,0.833333333333333,0.666666666666667
"ENSG00000149273",2.43139914744697e-255,8.46183809044722e-38,7,1,-0.61377387524178,1,1
"ENSG00000132274",1.94009360872507e-07,0.000105392568801933,4,1,-0.613650902204536,1,0.833333333333333
"ENSG00000006534",0.0306862779036302,0.008319313390035,3,2,-0.612372872711788,1,0.833333333333333
"ENSG00000108848",0.000280405646324972,0.752226690631443,4,0,0.608068492332955,1,1
"ENSG00000129534",0.00402501263540077,1,5,0,-0.607717854874722,1,0.5
"ENSG00000184709",5.13248264177862e-06,0.22178665873946,3,0,0.607717718839015,1,1
"ENSG00000100162",0.00430457512670978,0.00288260249580249,3,1,-0.606174985953763,1,1
"ENSG00000136830",0.00399174760040856,0.0179919333534342,4,1,0.606148390720664,1,0.833333333333333
"ENSG00000067082",0.00509090036739452,0.231958740259477,4,0,0.602981971593991,1,0.833333333333333
"ENSG00000168003",1.13201601771626e-23,1.79111093057795e-17,4,1,0.602740292556604,1,1
"ENSG00000075151",2.60667359103962e-06,1,5,0,-0.599942393573872,1,1
"ENSG00000155749",0.000568934083308998,1,3,0,0.597636112869167,1,1
"ENSG00000059122",0.0141707255125626,1,3,0,0.596904426391763,1,0.833333333333333
"ENSG00000116679",0.000368470384015036,1,4,0,0.594506647406557,1,0.666666666666667
"ENSG00000163738",0.0279072073473322,0,2,2,-0.593453273118671,1,1
"ENSG00000183684",0.0266829863915569,0.0143945002316211,3,1,-0.592335878457575,1,0.833333333333333
"ENSG00000166181",0.000700887651145362,1,7,0,-0.592301223170836,1,0.666666666666667
"ENSG00000186395",1.6137602679301e-10,3.77236582774511e-08,3,1,0.592066017015666,1,1
"ENSG00000187522",0.00175977720174619,0.000483850071093322,3,1,-0.589153299994017,1,0.833333333333333
"ENSG00000136044",0.00179754677841941,0.0523342073307883,3,0,-0.588890309889673,1,1
"ENSG00000038274",0.00418142945699138,0,2,2,-0.588711709740667,1,1
"ENSG00000067836",0.000686734020986754,0.000352053655758368,6,1,-0.588169987275422,1,1
"ENSG00000147654",2.76255261940795e-07,1,4,0,-0.586685690956299,1,0.666666666666667
"ENSG00000169567",0.00105646586844871,0.082142447138575,5,0,0.584186035466633,1,1
"ENSG00000115267",0.00509090036739452,1,5,0,0.584158392034475,0.833333333333333,0.666666666666667
"ENSG00000129696",0.0206558069358517,1,4,0,0.58352423157661,0.833333333333333,0.5
"ENSG00000115486",0.00557975897433819,1,4,0,-0.580406318526317,1,0.666666666666667
"ENSG00000133316",9.78389949822516e-06,0.108254379171335,4,0,-0.580228936372129,1,1
"ENSG00000163634",1.8914007519083e-11,5.80027393411309e-07,4,1,-0.576054969749659,1,1
"ENSG00000150093",8.64543344010356e-27,0.355782497697092,4,0,0.574429381483375,1,1
"ENSG00000163435",4.49802069280836e-154,1.17106200533516e-22,6,1,0.573952139073804,1,1
"ENSG00000138772",2.00746488814513e-20,1,4,0,0.573899488728506,1,1
"ENSG00000187049",0.00648962908058102,0.989982521269691,5,0,-0.571428487723227,0.833333333333333,0.833333333333333
"ENSG00000233223",0.000168600670784853,1,5,0,-0.571191215135177,1,0.666666666666667
"ENSG00000123739",0.000131630629962166,1,3,0,-0.571044459243812,0.833333333333333,0.833333333333333
"ENSG00000119636",4.35914835442522e-06,1,7,0,-0.567875444319973,1,0.5
"ENSG00000137500",0.00207765549389229,1,7,0,0.565487346561035,1,0.833333333333333
"ENSG00000122970",0.0427592373035177,0.0264861934690522,3,1,0.56332774393599,0.833333333333333,0.833333333333333
"ENSG00000128510",0.0435147450184009,0.212814393452916,4,0,0.562724039275569,0.833333333333333,0.833333333333333
"ENSG00000172927",0.0352106944921289,0.0186258689377644,4,1,0.560812549764919,1,0.833333333333333
"ENSG00000149084",0.00174036072080533,0.0894385392016937,3,0,0.560385187057833,0.833333333333333,0.833333333333333
"ENSG00000103415",5.60969011948432e-07,0.000245830375881633,5,1,0.560053639020837,1,1
"ENSG00000173801",7.10018674620186e-20,0.0481153852872726,8,1,-0.558003812535868,1,0.833333333333333
"ENSG00000161013",4.32189078874293e-06,1.61302834665247e-06,4,2,0.557003506848398,1,1
"ENSG00000164930",4.13660850099359e-06,1,7,0,-0.555556275675202,1,0.833333333333333
"ENSG00000108588",0.00175977720174619,0.000260282016694574,3,2,0.551562683256439,1,1
"ENSG00000044115",0.00134357362150786,0.0027536176116387,3,1,-0.551358605676821,1,1
"ENSG00000173486",3.27261932939844e-38,3.51838795575581e-21,3,1,-0.551015968686504,1,1
"ENSG00000110330",1.81533712892963e-05,0.021616058092403,4,1,0.546899497379171,1,0.833333333333333
"ENSG00000140416",2.31998020879249e-07,0.0156882085324357,5,1,0.546331493867179,1,1
"ENSG00000170881",0.0216800697055174,1,4,0,0.545054103392108,0.833333333333333,0.833333333333333
"ENSG00000176155",9.67082217620664e-05,0.00251802007105055,3,1,-0.54361234607658,1,0.833333333333333
"ENSG00000156313",0.0132096800292915,0.0572773196374759,3,0,0.543422795401075,1,1
"ENSG00000113312",5.25308809564531e-05,0.000345455361323745,3,1,0.542406256150395,1,1
"ENSG00000111834",0.00827217805616456,1,4,0,-0.542246913587837,1,0.666666666666667
"ENSG00000145495",0.0192391049572896,1,4,0,0.541720920982922,1,0.5
"ENSG00000109944",0.0239059168130969,0,2,2,-0.540788761219618,1,1
"ENSG00000149547",1.0244681455495e-06,0.000178673146354043,3,1,-0.538704985977002,1,1
"ENSG00000150433",0.010642002732158,1,5,0,-0.536192849506007,1,0.5
"ENSG00000067066",1.01479085661253e-12,1,7,0,0.53245246985846,1,0.833333333333333
"ENSG00000166971",1.08844725581763e-05,0.00179157416225833,5,1,-0.53229682287077,1,0.666666666666667
"ENSG00000143153",7.96707746716368e-26,1,4,0,0.531599252213078,1,1
"ENSG00000100650",6.85503917923402e-40,2.24099882145676e-18,5,1,0.531278521650992,1,1
"ENSG00000163714",1.52578955559249e-07,1,6,0,-0.531166327363031,1,0.5
"ENSG00000072110",1.12302985135548e-15,0.0667152840468025,6,0,-0.530406402403742,1,0.666666666666667
"ENSG00000172831",0.00037423408642115,0.860538753579556,3,0,0.529772366206058,0.833333333333333,0.833333333333333
"ENSG00000147813",3.45980836766404e-17,1,6,0,0.525155702565425,1,1
"ENSG00000065154",4.73838370129627e-06,2.08093931758397e-05,3,1,0.524857200514862,1,0.833333333333333
"ENSG00000238142",0.0489515848541383,0.0465999702111143,3,1,-0.518789068478122,1,1
"ENSG00000184831",4.27387131919163e-05,0.131481723124205,4,0,0.517800283716184,1,1
"ENSG00000114125",8.25715711577594e-08,1.98591192011703e-06,5,1,0.517609627854252,1,1
"ENSG00000135374",0.0188722633994077,1,4,0,0.516956596070283,1,0.666666666666667
"ENSG00000150753",1.16929873359653e-11,4.56660526871138e-06,4,1,0.516137377023327,1,1
"ENSG00000198729",1.00855643148142e-10,0.919841046077016,5,0,-0.516064037347359,1,1
"ENSG00000082898",2.58581211498101e-18,1,7,0,0.515903976296694,1,1
"ENSG00000143321",2.36773705469894e-06,1,5,0,0.515205676808411,1,1
"ENSG00000132254",1.33515902095974e-07,0.00936249458672625,7,1,-0.513807359443956,1,1
"ENSG00000196576",1.5432478563947e-07,1,7,0,0.510416666666635,1,0.833333333333333
"ENSG00000115540",0.000834613321710643,0.0471753077366035,3,1,-0.509086727667475,0.833333333333333,0.833333333333333
"ENSG00000148341",3.38060787930344e-14,1,7,0,0.508669315592647,1,0.666666666666667
"ENSG00000087903",0.042470817922274,1,4,0,-0.507931502548541,0.833333333333333,0.666666666666667
"ENSG00000092108",9.29100460381312e-10,1,8,0,0.506745333630987,1,0.833333333333333
"ENSG00000110328",0.000525530703157377,1,3,0,-0.506246586746724,1,0.833333333333333
"ENSG00000172062",0.0101969442404245,0.0481666406380902,3,1,0.506012923410539,1,1
"ENSG00000095596",0.00580361909555077,1,4,0,-0.504546083198172,1,0.833333333333333
"ENSG00000184640",1.2843576175217e-07,1,7,0,0.50441059739719,1,0.833333333333333
"ENSG00000174243",0.00132740825555127,1,4,0,-0.503324202886849,1,0.833333333333333
"ENSG00000111642",0.00338768690862053,1,6,0,-0.502649887479162,1,0.666666666666667
"ENSG00000175274",0.00459620179665283,1,4,0,-0.501882517056995,1,0.833333333333333
"ENSG00000103194",0.00903371447481601,0.943583409860765,3,0,-0.501761507017772,1,0.666666666666667
"ENSG00000075790",2.68286220877085e-13,0.130147893994423,7,0,-0.5002683771748,1,0.666666666666667
"ENSG00000123268",0.00156162897360568,1,4,0,-0.500089031163259,1,0.666666666666667
"ENSG00000147642",0.0072560431057058,1,6,0,-0.500000197556404,1,0.833333333333333
"ENSG00000102897",0.0227171721027619,1,6,0,-0.5,1,0.833333333333333
"ENSG00000153113",0.0249674829683266,1,6,0,-0.499999999999585,0.833333333333333,0.666666666666667
"ENSG00000167978",1.13074344334981e-06,1,9,0,-0.499999981804639,1,0.666666666666667
"ENSG00000085224",0.000209982477548615,1,5,0,-0.499455730917461,1,0.833333333333333
"ENSG00000182944",0.000276830154478481,1,8,0,-0.499140774026508,1,0.666666666666667
"ENSG00000119431",2.77643106305062e-07,1,3,0,0.498474803714524,1,1
"ENSG00000198960",0.00430730626266609,0.110402525267043,5,0,-0.49717139647921,1,0.833333333333333
"ENSG00000178252",0.014578797259434,1,4,0,-0.496585424381938,1,0.833333333333333
"ENSG00000155761",0.000186645399172622,1,7,0,-0.495952895318965,1,0.5
"ENSG00000107949",1.08556290375232e-06,0.3184124149504,4,0,-0.494369635045634,1,1
"ENSG00000197748",0.000608270924455084,0.602425598983296,4,0,-0.494157914561945,0.833333333333333,0.5
"ENSG00000086475",0.023516001372313,1,4,0,-0.494141899957958,0.833333333333333,0.833333333333333
"ENSG00000169926",4.01093167768165e-05,0.0714909938174551,4,0,0.493573428947119,1,0.833333333333333
"ENSG00000185164",0.0339568744011508,0.690167539292003,5,0,0.492301959766154,1,0.666666666666667
"ENSG00000173511",0.00494213054336575,1,5,0,-0.491937600850667,0.833333333333333,0.833333333333333
"ENSG00000088930",2.59148669805607e-06,1,4,0,0.490218191557207,1,0.833333333333333
"ENSG00000057663",0.01907480201643,0.041644022709582,8,1,0.489663673474703,0.833333333333333,0.666666666666667
"ENSG00000177963",0.000168600670784853,1,4,0,0.489479895450758,1,0.833333333333333
"ENSG00000122644",5.232742705482e-07,7.06236661258749e-09,5,1,-0.488910590146756,1,1
"ENSG00000160113",3.99358379656143e-09,1.54694576924148e-09,3,2,0.487563830525065,1,1
"ENSG00000258289",0.00204090819776183,0.00133011911012812,4,1,-0.485852913345377,1,1
"ENSG00000143633",0.0209544708203383,0.101005229518556,3,0,0.484076815536764,1,1
"ENSG00000176261",0.00354477623511748,0.056148042968375,9,0,0.482289420642279,1,0.833333333333333
"ENSG00000104695",2.43661524824577e-08,0.00100308993574398,3,1,0.481199788870934,1,1
"ENSG00000108587",1.47949467742651e-05,1,5,0,-0.480213176996363,1,0.833333333333333
"ENSG00000169228",7.9208335390959e-05,1,5,0,0.477819321946967,1,1
"ENSG00000177459",7.98452636746205e-05,7.24482844108793e-05,3,1,0.475999587340142,1,0.833333333333333
"ENSG00000154845",0.000369135789907345,1,4,0,-0.472816303332003,1,0.833333333333333
"ENSG00000110321",3.34641289391839e-13,9.83273584235467e-08,8,2,0.470245280395582,1,1
"ENSG00000154080",0.0029989210690905,0.000429704623697983,3,1,-0.46680865466852,1,1
"ENSG00000111142",1.67423254411214e-05,1,5,0,-0.466716842903586,1,1
"ENSG00000137098",0.000191600054523341,1,5,0,-0.466666476302756,1,1
"ENSG00000116350",4.07493404526e-08,0.000277457817460422,3,1,0.46494038917413,1,1
"ENSG00000165175",3.74319267219636e-06,0.523932535785187,4,0,-0.464224527655029,1,1
"ENSG00000169398",1.93440754487236e-06,1,9,0,0.462346999925869,1,0.666666666666667
"ENSG00000176920",0.00342688837457938,0.00220413221586823,4,2,0.46145126119535,1,1
"ENSG00000127022",5.87101836083959e-05,0.0521377470656219,5,0,0.460686023262281,1,1
"ENSG00000143947",2.25035237928797e-78,0,2,2,-0.456817585602811,1,1
"ENSG00000115073",0.00311289782294833,0.400157187014779,3,0,-0.454215728970397,1,0.833333333333333
"ENSG00000130600",0.00153493399992723,0.716735794060678,5,0,-0.453754341082564,1,0.833333333333333
"ENSG00000177427",0.000602505454693283,1,4,0,0.452876305813867,1,0.833333333333333
"ENSG00000148248",1.4657700945287e-06,8.4905126121725e-05,6,2,-0.452755786920043,1,0.833333333333333
"ENSG00000136682",0.0093819401338093,0.038912974553539,6,1,-0.452588863548555,1,0.833333333333333
"ENSG00000185324",0.0180100157661164,1,6,0,-0.452318165006786,1,0.833333333333333
"ENSG00000120860",0.00428882520463778,0.0125395610696582,3,1,0.452164805335548,1,1
"ENSG00000175324",8.67379160737492e-12,0.183376623605684,5,0,-0.451612463619523,1,1
"ENSG00000186474",0.0115991591446275,1,5,0,-0.445957165647681,1,0.666666666666667
"ENSG00000029363",0.00136150372668304,1,9,0,-0.445475271329272,1,1
"ENSG00000125952",0.0344072647956477,1,6,0,-0.443455926995642,1,0.666666666666667
"ENSG00000204852",2.36068356320784e-06,0.555383305628598,8,0,-0.441176470377113,1,1
"ENSG00000184110",1.74168244785339e-05,0.165026477246398,6,0,0.439747482515939,1,1
"ENSG00000112539",0.000957777699114777,1,5,0,-0.439691353400591,1,0.833333333333333
"ENSG00000123240",1.85065330782722e-23,1,10,0,-0.439069282091104,1,0.666666666666667
"ENSG00000167397",0.000270262482681594,0.335648821519807,4,0,-0.437849589166244,1,1
"ENSG00000111907",3.36847184584911e-10,4.74551376793791e-05,4,2,-0.437628517766597,1,1
"ENSG00000132470",9.02889111482597e-15,1,7,0,-0.437499010612408,1,0.666666666666667
"ENSG00000120889",0.0392708599741089,1,3,0,-0.434419665452943,0.833333333333333,0.833333333333333
"ENSG00000141504",3.07049812128728e-08,0.0697641240199149,4,0,-0.433144924816788,1,1
"ENSG00000183734",0.0133448719694998,1,4,0,0.432247483023901,1,0.833333333333333
"ENSG00000113712",4.39162065937291e-21,1,9,0,-0.431817071585109,1,0.833333333333333
"ENSG00000063854",1.86007468401992e-15,0.00749569305943662,4,1,-0.430336391709371,1,1
"ENSG00000157349",0.0325773273235807,1,5,0,-0.429205609046236,0.833333333333333,0.666666666666667
"ENSG00000119950",0.000382434193213228,1,8,0,-0.428569815261254,1,1
"ENSG00000146540",5.09619052373542e-06,0.300937741099019,4,0,-0.427169486441002,1,1
"ENSG00000117226",3.33820338877779e-05,0.957873566060828,6,0,0.424236090447935,1,1
"ENSG00000105176",1.35924563676425e-09,1,6,0,0.423919407304709,1,0.666666666666667
"ENSG00000109390",0.00476788366187018,0.00187689347713522,4,2,-0.422797852434687,1,0.833333333333333
"ENSG00000001084",3.08583743993468e-07,1,5,0,0.422535202122244,1,1
"ENSG00000182670",5.9722541832492e-19,1,9,0,-0.421825361475216,1,0.666666666666667
"ENSG00000106617",0.00384542263496949,1,5,0,-0.421529183632089,1,0.833333333333333
"ENSG00000091073",0.00109285316374138,0.039457618852407,9,1,-0.421350726637582,0.833333333333333,0.833333333333333
"ENSG00000135829",0.00708930358162576,1,5,0,0.420372986313756,1,0.833333333333333
"ENSG00000187492",7.95720558402162e-05,1,4,0,-0.419577714141377,1,1
"ENSG00000136261",1.47373683012882e-09,0.142046176703571,6,0,0.416495038821817,1,1
"ENSG00000086544",0.00149661876049334,0.795547963853575,3,0,0.416068936789832,1,1
"ENSG00000213676",0.0196615115849167,0.470766531024719,4,0,0.414535705262687,1,1
"ENSG00000011009",6.41522263132431e-05,1,5,0,-0.414496043076868,1,1
"ENSG00000244754",0.0250883975388401,0.0420561911703246,7,1,0.410264888809433,1,0.833333333333333
"ENSG00000164609",0.0290265338925806,1,3,0,-0.409875320514799,0.833333333333333,0.666666666666667
"ENSG00000163597",1.69045888927653e-16,0.452823965239471,10,0,-0.408974741000871,1,0.666666666666667
"ENSG00000073350",0.0292934738511745,0.18518863168199,4,0,-0.407788373258068,1,1
"ENSG00000141524",0.0314441443177739,0.0881742391919202,5,0,-0.407407349207762,1,1
"ENSG00000184584",0.0205101031327111,0.014730727816445,6,1,-0.406756629381292,1,1
"ENSG00000144908",0.0289827588739106,0.0077667212390621,4,1,-0.406338805346239,1,1
"ENSG00000141002",1.6378045296635e-10,0.0657123991624571,7,0,-0.405766781705948,1,0.833333333333333
"ENSG00000221914",1.67481880588627e-05,1,6,0,0.405648343605582,1,1
"ENSG00000160752",1.22943451070804e-23,0.0197251745058997,8,1,-0.404663996314103,1,1
"ENSG00000137767",1.00487914569444e-05,0.747909283264026,4,0,-0.404564317519961,1,1
"ENSG00000064490",4.92820487323722e-06,1,6,0,-0.404315097881988,1,0.833333333333333
"ENSG00000158234",1.00108105417125e-07,1,8,0,0.402983918813312,1,1
"ENSG00000234465",0.00813660906516468,1,4,0,-0.402766455778093,1,1
"ENSG00000142192",3.29026288393942e-07,0.00136181309729668,7,1,-0.402742134983734,1,1
"ENSG00000166822",0.0274198451485382,1,4,0,0.402336616001885,1,0.666666666666667
"ENSG00000198736",0.000135072123127151,0.228675904653881,3,0,-0.40108515118095,1,1
"ENSG00000151327",5.88928148343728e-05,1,6,0,-0.400232165891092,1,1
"ENSG00000182093",1.42667237693399e-06,1,5,0,-0.399999916148903,1,1
"ENSG00000168961",0.000140445432168152,1,4,0,-0.39989284911197,1,1
"ENSG00000108669",0.00684648348006596,1,6,0,0.399685453531147,0.833333333333333,0.666666666666667
"ENSG00000166710",6.17317499107871e-23,1,7,0,-0.399637420114284,1,1
"ENSG00000185499",2.19341491163885e-06,1,7,0,0.396724476796502,1,1
"ENSG00000167986",0.00389373042262016,0.00450961626883159,3,1,-0.396368267256776,1,1
"ENSG00000125944",3.38419796201796e-19,0.00101034769674106,7,1,-0.394786249042673,1,1
"ENSG00000094755",0.00032689217944091,1,6,0,0.393939393939394,1,0.833333333333333
"ENSG00000049656",0.000400870087786463,1,4,0,-0.392946380042481,1,1
"ENSG00000160439",0.00148061758843087,1,5,0,-0.389849689460834,1,0.666666666666667
"ENSG00000127952",0.00195104895913775,1,6,0,0.389167716947841,1,0.833333333333333
"ENSG00000244879",1.29396017917273e-06,1,8,0,-0.388857084855294,1,0.833333333333333
"ENSG00000111011",0.000500015772888742,0.426136824937265,7,0,-0.388361705748712,1,1
"ENSG00000241468",1.00401902439211e-45,4.94545836914978e-13,3,1,-0.388297336233151,1,1
"ENSG00000148908",5.3691366609956e-05,0.00104703986638183,3,1,-0.387261404123446,1,0.833333333333333
"ENSG00000139218",0.000789549930775161,0.777347944927304,4,0,-0.384615381194566,1,0.833333333333333
"ENSG00000055211",0.0207843317271291,0,2,2,-0.384142881097545,1,1
"ENSG00000139644",2.40252160637383e-13,1.17079886878623e-05,5,1,0.384056988031852,1,1
"ENSG00000225733",0.00424612829566291,0.105915233432119,5,0,-0.382021893209524,1,1
"ENSG00000149196",0.00300222980781003,0.0207831860065919,3,1,0.381687177718356,1,1
"ENSG00000073584",4.65111805231363e-13,0.575458690137545,10,0,-0.380952505603068,1,0.666666666666667
"ENSG00000197119",1.38292849683284e-05,0.657863383088412,6,0,-0.380694288417833,1,0.833333333333333
"ENSG00000145632",1.05143909413285e-05,0.000430317958456073,4,1,-0.379192322638131,1,1
"ENSG00000100243",0.0419829922788431,0,2,2,0.377416622559467,1,1
"ENSG00000141424",0.00813353986659199,1,6,0,-0.375000754368834,0.833333333333333,0.833333333333333
"ENSG00000158864",5.76488952386585e-07,2.66886322093428e-08,3,2,0.374240916083211,1,1
"ENSG00000070756",4.59771691302459e-43,1.02448770707131e-06,5,1,-0.372718020232888,1,1
"ENSG00000142867",0.0147907114533279,0.00590784357077106,3,1,-0.372494185645096,1,1
"ENSG00000138119",9.50236320818401e-12,1,6,0,-0.370726467633115,1,1
"ENSG00000156256",0.00429320584055256,0.457791891270516,6,0,-0.370066881358058,0.833333333333333,0.666666666666667
"ENSG00000067064",0.000165841202226184,0.0210224115267905,5,1,-0.367831783575624,1,1
"ENSG00000136235",0.00893513655600286,0.0767307524906385,6,0,-0.367788175500528,1,0.833333333333333
"ENSG00000168310",1.37137988490696e-05,0.0367479227141683,5,1,0.367232339487438,1,1
"ENSG00000154059",0.023516001372313,1,3,0,-0.366796172187269,0.833333333333333,0.833333333333333
"ENSG00000175354",0.00104551179021854,0.759657908660306,3,0,-0.365558962422325,1,1
"ENSG00000120742",8.79931597542027e-26,1,6,0,0.365125758973737,1,1
"ENSG00000112096",2.16764288732043e-11,0.852312314481402,7,0,-0.363933982445898,1,1
"ENSG00000176393",0.000185388011455941,1,5,0,-0.363004525896604,1,1
"ENSG00000153310",1.37761281577002e-06,1,10,0,-0.363000638087684,1,0.833333333333333
"ENSG00000119185",1.51800164656153e-05,1,9,0,-0.362804796345781,1,1
"ENSG00000145779",3.63340923527582e-09,0.0127470764468895,6,1,-0.362578003175325,1,1
"ENSG00000122026",1.89591371933564e-60,7.63799424100612e-23,3,1,0.36182859632879,1,1
"ENSG00000104450",0.00104551179021854,1,6,0,0.360040384531209,1,0.666666666666667
"ENSG00000107968",9.9042734253407e-05,1,8,0,-0.359970401363115,1,0.833333333333333
"ENSG00000105698",0.00568284867188982,1,4,0,0.358511990366929,1,1
"ENSG00000111328",3.14357143024709e-05,1,7,0,-0.358010619889549,0.833333333333333,0.833333333333333
"ENSG00000032389",0.00172195364644548,1,5,0,-0.357011670988057,1,1
"ENSG00000126581",1.22928454925185e-13,1,9,0,0.356133124437239,1,1
"ENSG00000122783",0.0173647441215104,0.716637328549676,6,0,-0.35469475026784,1,1
"ENSG00000103495",1.2843576175217e-07,1,8,0,-0.353259793452901,1,0.833333333333333
"ENSG00000174628",0.0207843317271291,1,6,0,0.349930982262092,1,0.666666666666667
"ENSG00000160753",4.65357310938256e-11,1,11,0,-0.34986526469725,1,0.833333333333333
"ENSG00000164172",0.00127364155859574,1,4,0,0.349212624482812,1,0.833333333333333
"ENSG00000178741",6.7870256464184e-28,4.93679272373733e-08,3,1,-0.348849339352602,1,1
"ENSG00000163660",0.000417901367807902,0.0133082502309791,10,1,-0.348607049329076,1,0.833333333333333
"ENSG00000120616",0.0169382717923615,1,6,0,0.347642905625911,1,1
"ENSG00000141985",0.0384782225782797,1,3,0,-0.347469751897771,1,0.833333333333333
"ENSG00000144048",0.00015357828478897,0.397405328433523,3,0,-0.347339338081352,1,1
"ENSG00000073578",4.61791319527698e-06,0.0895262073620106,5,0,-0.344762315621587,1,1
"ENSG00000167685",0.0205876666749242,1,4,0,0.343984668167569,1,1
"ENSG00000166596",0.0311965060622966,0,2,2,0.342175792463275,1,1
"ENSG00000076242",0.0308188222873121,1,7,0,0.340909602056749,1,0.5
"ENSG00000110492",1.06047026380359e-13,0.0189122412405812,6,2,0.337276780697401,1,1
"ENSG00000168476",0.00981400681406355,1,3,0,-0.337257855676243,1,1
"ENSG00000120992",4.71845340224753e-05,0.137732517972949,3,0,0.33627808964774,1,1
"ENSG00000162076",5.1836066788886e-05,0.0602252158197627,3,0,-0.334982232276244,1,1
"ENSG00000105856",0.00134357362150786,0.3991781814658,4,0,-0.334954722422217,1,0.833333333333333
"ENSG00000100129",1.51995607803765e-16,1,6,0,0.334924647675439,1,1
"ENSG00000188529",0.0235962370732401,1,5,0,-0.334668318086284,1,1
"ENSG00000119333",0.000782200377322149,1,5,0,0.334163360516529,1,1
"ENSG00000204054",0.000397373481489132,0.540186738899814,5,0,-0.333428315628031,1,1
"ENSG00000133315",0.00525514581152887,0.21081317123944,3,0,-0.333338337720032,1,1
"ENSG00000270647",0.000359597420337021,1,5,0,-0.333336711264502,1,0.833333333333333
"ENSG00000122482",5.37692542707741e-05,1,8,0,0.333333757689461,1,0.833333333333333
"ENSG00000103876",0.0260237771206196,1,4,0,-0.333333333333336,0.833333333333333,0.833333333333333
"ENSG00000188690",4.96722893306047e-06,1,5,0,-0.333094946659339,1,1
"ENSG00000176101",0.00163273979936315,0,2,2,0.332870445839467,1,1
"ENSG00000189223",3.47476511789381e-05,1,9,0,-0.33268740665093,1,0.666666666666667
"ENSG00000183742",0.000135479870192702,0.528242121946032,9,0,-0.332200015596299,1,0.833333333333333
"ENSG00000151239",0.000213147163298588,0.267748686657725,6,0,-0.331668030129521,1,0.666666666666667
"ENSG00000173812",3.79193561744229e-24,2.56789194725101e-26,3,1,-0.331190001921574,1,1
"ENSG00000163584",6.77945727715043e-07,0.000175125841888338,3,1,-0.330955536353297,1,1
"ENSG00000278311",0.0067994959101383,1,6,0,-0.330009684225239,1,1
"ENSG00000007174",0.000435076488429438,1,6,0,-0.329897316954491,1,1
"ENSG00000172239",3.53571146051732e-09,1,7,0,0.329112006392233,1,1
"ENSG00000161036",0.00890403184112227,0.147168682647374,3,0,0.327776875362271,1,1
"ENSG00000007168",0.0162680128298695,1,7,0,0.327609655149712,1,1
"ENSG00000117335",0.00123529285942544,0.538664599069859,5,0,-0.327608013904972,1,1
"ENSG00000096093",0.0029989210690905,1,6,0,-0.327604931100686,1,1
"ENSG00000124535",0.0410179374933459,0.388828305833659,4,0,0.323810428181975,1,1
"ENSG00000151023",0.0189785104657092,0.45795478985491,3,0,0.321483822646894,1,1
"ENSG00000175756",0.00642296926531387,0.000567797721965708,4,1,0.320140657648891,1,1
"ENSG00000068120",5.46697045461348e-06,0.200661647903716,5,0,0.31995143047477,1,1
"ENSG00000167642",2.77756301904461e-06,1.30726187395505e-07,3,2,0.319698166702727,1,1
"ENSG00000204711",0.00010866482518556,0.0028247537296169,7,1,0.316658044052269,1,1
"ENSG00000166797",0.0439504060167669,1,3,0,0.316632903218657,1,1
"ENSG00000114209",0.00473775573790654,0.103683789529095,5,0,0.314599069579606,1,1
"ENSG00000274265",0.0026743321083325,1,7,0,0.313595242028131,1,1
"ENSG00000133265",0.00893513655600286,0.254171006021612,4,0,-0.311079193540601,1,1
"ENSG00000251022",1.09234325489313e-05,1,9,0,0.309270750777364,1,0.833333333333333
"ENSG00000106305",4.81473557163426e-06,1,3,0,-0.308860390116784,1,1
"ENSG00000154582",9.26379318129505e-18,1,8,0,-0.308305820829996,1,1
"ENSG00000115561",3.07795013369644e-08,0.00725448183524505,4,1,0.307381181314956,1,1
"ENSG00000157601",5.3598304656571e-10,0.13356071730856,5,0,0.30698553914166,1,1
"ENSG00000121310",0.000165841202226184,0.013535804576526,7,1,-0.30668753132182,1,1
"ENSG00000136240",0.0204706913188679,0.00574563637601968,3,1,-0.30586869828109,1,1
"ENSG00000101940",4.6666015832742e-11,0.172564896103687,6,0,-0.305511111421425,1,1
"ENSG00000069345",0.049073044357084,0.0119593921124707,4,2,0.305451296454654,1,1
"ENSG00000136425",0.00580361909555077,1,8,0,-0.304441553517443,1,1
"ENSG00000125844",1.52858158708333e-08,1,7,0,-0.304347826161726,1,0.833333333333333
"ENSG00000161921",1.00108105417125e-07,1,5,0,-0.303372064010494,1,1
"ENSG00000235098",4.92120345181356e-05,0.687586117314924,7,0,-0.303361102782557,1,1
"ENSG00000149089",0.00551040749020515,0.221431124550768,3,0,-0.303042191201126,1,1
"ENSG00000103275",9.91828473861502e-06,0.222443963841353,8,0,0.302325572798852,1,1
"ENSG00000006625",4.18134416140142e-05,0.0445259124938881,4,1,0.301370472579528,1,1
"ENSG00000183255",0.00243637433662279,1,4,0,-0.300095705284389,1,1
"ENSG00000164054",0.00532155126138335,1,5,0,-0.300000426702358,1,1
"ENSG00000130816",1.35938102096813e-05,1,6,0,-0.300000100613338,1,0.833333333333333
"ENSG00000149182",0.0419829922788431,1,6,0,-0.299935130033244,1,0.833333333333333
"ENSG00000124074",0.0372227293203151,0.873104914665952,3,0,-0.29976495167584,1,1
"ENSG00000118515",0.00680393256065058,0.32976346911412,5,0,-0.29907794274993,1,1
"ENSG00000034152",0.0420031347898541,1,6,0,-0.298894842288998,1,1
"ENSG00000099849",0.000135229532724565,0.175579454753297,6,0,0.29886866509888,1,1
"ENSG00000214160",0.000205554181908411,0.2771370998882,5,0,-0.298565953440914,1,1
"ENSG00000016864",5.30728730919478e-10,1,9,0,-0.298347272050309,1,1
"ENSG00000167085",0.0027332563814984,0.00950127098128174,3,1,0.298258735472814,1,1
"ENSG00000171314",9.98011878259204e-17,0.0133656186221002,3,1,-0.297311859124301,1,1
"ENSG00000137996",0.000834613321710643,1,4,0,0.296946587702077,1,0.833333333333333
"ENSG00000150779",0.00020036248894081,0.832804354213609,4,0,-0.296643686854173,1,0.833333333333333
"ENSG00000160201",0.0169013849289165,0,2,2,-0.296339686339981,1,1
"ENSG00000134779",0.0123304629065038,1,7,0,-0.296297883049111,1,0.833333333333333
"ENSG00000122378",0.0369886640001157,0.0410883502154845,4,1,-0.294862864893015,1,1
"ENSG00000103145",0.0014715346035104,1,6,0,-0.294736499660586,1,0.833333333333333
"ENSG00000167671",0.00297872373833451,0.29662565293857,5,0,0.293107182120197,1,0.833333333333333
"ENSG00000144566",0.000102091414224497,0.371146729249504,5,0,-0.29170669523952,1,1
"ENSG00000178951",3.50281965167443e-06,0.368507078998242,6,0,-0.291667449136295,1,1
"ENSG00000183283",4.74339920737251e-10,0.84814635073158,6,0,0.290486798112584,1,0.833333333333333
"ENSG00000205981",0.0240970245797565,1,5,0,-0.289372576703637,0.833333333333333,0.833333333333333
"ENSG00000143499",0.0306862779036302,0.0936083553201278,3,0,0.288198003523812,1,1
"ENSG00000104611",0.0359695401447882,1,6,0,-0.28819418197243,1,0.833333333333333
"ENSG00000131981",1.35090387678664e-113,1.87881334801528e-57,3,1,-0.287494610404622,1,1
"ENSG00000119801",0.0007013745152369,1,3,0,0.287163005668641,1,1
"ENSG00000166164",0.00466323016046626,0.635973441356667,4,0,0.287139881022699,1,1
"ENSG00000185187",0.0390841405757174,0.144109477153112,7,0,-0.286745072515064,1,1
"ENSG00000090487",0.00581547650062817,1,4,0,0.285824492750492,1,1
"ENSG00000135363",0.00207765549389229,1,6,0,-0.285777868851642,1,1
"ENSG00000116754",1.60192154406098e-17,1,10,0,-0.285714616057782,1,1
"ENSG00000105223",0.00264602764284505,1,9,0,-0.285714285210412,1,1
"ENSG00000180964",3.33820338877779e-05,0.739426428202176,4,0,-0.285714271884762,1,1
"ENSG00000172113",0.000148424746385825,1,10,0,0.285694630249609,1,0.666666666666667
"ENSG00000166979",0.00210175504974273,1,6,0,-0.285618343457168,1,1
"ENSG00000126698",0.00166358328130465,1,5,0,-0.282959658914783,1,1
"ENSG00000160789",9.91828473861502e-06,0.00040950531862424,3,1,-0.281157239762,1,1
"ENSG00000035115",1.16915808910651e-06,1,8,0,0.278585410023033,1,1
"ENSG00000117395",2.72940804300733e-18,1,8,0,0.278454602434025,1,1
"ENSG00000144848",0.000385855322070126,0.0225432052536932,4,1,0.278432567230389,1,1
"ENSG00000104852",5.69115451446339e-06,0.00167766322163743,4,1,0.278381635219385,1,1
"ENSG00000117228",1.09234325489313e-05,0.436186332957292,5,0,-0.27806273068859,1,1
"ENSG00000092199",4.01053415002163e-12,1,10,0,-0.277777738287841,1,1
"ENSG00000163565",3.15614946111121e-06,0.419592126795088,9,0,-0.277594826494952,1,0.833333333333333
"ENSG00000115884",4.39990972297915e-07,0.556541602244851,5,0,-0.275812690657058,0.833333333333333,0.833333333333333
"ENSG00000147140",0.00644749647360725,0.775461289018253,6,0,0.275517256183106,1,1
"ENSG00000165119",4.06226703634643e-10,0.000345728458768958,6,2,-0.270601269289987,1,1
"ENSG00000115963",8.89749510993013e-06,0.000130247708957532,5,2,0.269512326161705,1,1
"ENSG00000176945",0.000944587514571591,0.0310032182822755,6,1,-0.269421507881047,1,1
"ENSG00000123159",1.13858543455312e-21,1,10,0,-0.26808658224194,1,1
"ENSG00000143537",0.00516448691293296,1,8,0,0.266379143668931,1,1
"ENSG00000175482",0.00434124636377834,0.128498582951373,6,0,-0.265201988155748,1,1
"ENSG00000155287",0.0457760117082508,0.654992181271812,3,0,0.26101392032204,1,0.833333333333333
"ENSG00000188603",0.00291370151841257,1,4,0,0.260996328311942,1,1
"ENSG00000204580",9.83253087178097e-07,1,10,0,-0.259707002216443,1,0.833333333333333
"ENSG00000159588",1.07383053707252e-06,0.188242291600999,12,0,0.259357828950481,1,0.833333333333333
"ENSG00000104886",2.23891779227314e-05,1,7,0,0.2586983209316,1,1
"ENSG00000100983",0.000622725626454977,1,3,0,-0.257482152286093,1,1
"ENSG00000198242",7.04445732363324e-36,1,4,0,-0.255269755929201,1,1
"ENSG00000284194",0.00455886649582081,0.00865134678126385,4,1,-0.255061173798586,1,1
"ENSG00000166145",2.43127376401577e-07,0.184622809600318,7,0,0.254709828446106,1,1
"ENSG00000138069",0.0405558926391151,0.0563832596244522,4,0,0.25336001180938,1,1
"ENSG00000164105",0.00452271641009768,1,3,0,0.253114010458471,1,1
"ENSG00000135185",0.00276658673404784,1,4,0,-0.252748926576584,1,1
"ENSG00000127125",0.000270262482681594,0.0221406766701381,5,2,0.251985911131839,1,1
"ENSG00000163832",0.0162656455709299,1,5,0,-0.251032778290457,1,1
"ENSG00000143977",0.00116464837477522,0.000228876920833588,3,2,-0.250427997149764,1,1
"ENSG00000220205",0.0433800916797738,0.136978469046423,4,0,-0.249558729816137,1,1
"ENSG00000227036",0.0283720345943018,0.150680440698585,8,0,-0.248213641899796,1,1
"ENSG00000265190",0.000435708037257906,1,4,0,0.248130237707105,1,1
"ENSG00000067182",0.0165667874475509,0.14707887338231,3,0,0.247129481255237,1,1
"ENSG00000214046",0.0389113481048921,1,6,0,0.246739782111563,1,0.833333333333333
"ENSG00000164405",0.000781163963102412,0,2,2,0.243526196973076,1,1
"ENSG00000197956",1.35137907077492e-289,1,3,0,-0.243019224064641,1,1
"ENSG00000177989",0.00774255534785287,0.0400674025744089,7,1,0.242561547354917,1,1
"ENSG00000112237",0.00175977720174619,0.722713259771747,5,0,-0.24225620451344,1,1
"ENSG00000177410",0.00476788366187018,0.69988415459426,5,0,-0.241136605749877,1,1
"ENSG00000189403",6.85503917923402e-40,1,6,0,-0.240831298223162,1,1
"ENSG00000163466",4.98660400097791e-08,5.13919336794734e-08,4,1,-0.240494949361591,1,1
"ENSG00000071127",0.00205165670439295,1,4,0,-0.240000000001405,1,0.833333333333333
"ENSG00000214022",0.0243173843142704,1,6,0,0.239245715348642,1,1
"ENSG00000108244",2.23853569191765e-14,0.0419399957397239,5,1,0.238443347218895,1,1
"ENSG00000070526",1.38859094990158e-06,0.0165288252846872,5,1,0.237817698236664,1,1
"ENSG00000107672",0.0245258431193876,0.084046714477379,3,0,-0.23655640635037,1,1
"ENSG00000115641",0.00397383208420462,1,7,0,0.235922412438926,1,1
"ENSG00000147676",0.00172851545820094,0.00526963856792001,3,1,-0.235101770633473,1,1
"ENSG00000102854",7.60576998604081e-06,0.00972752839816974,12,1,0.234446447750162,1,1
"ENSG00000135535",9.29100460381312e-10,1,7,0,-0.234331018750998,1,1
"ENSG00000174851",0.00230483836075237,0.00915520136812252,4,1,0.233206283053921,1,1
"ENSG00000102738",0.000120709868365782,0.120401459833673,3,0,0.233004767566317,1,1
"ENSG00000081870",2.59862120360968e-09,1,4,0,-0.232640026345866,1,1
"ENSG00000081154",0.017291562323173,1,5,0,-0.232616171635991,1,1
"ENSG00000107372",0.00470118092588999,1,5,0,-0.232460904402565,1,1
"ENSG00000008282",9.33043545195107e-12,1,5,0,-0.231196238511265,1,1
"ENSG00000112110",1.68393549414082e-07,0.0326825437169759,3,1,-0.229894631729009,1,1
"ENSG00000072210",1.88219494196524e-11,1,8,0,0.229788705286978,1,1
"ENSG00000112699",0.000339831947344398,1,4,0,0.228746280018084,1,1
"ENSG00000140612",0.0170544900865797,0,2,2,-0.226834884545751,1,1
"ENSG00000153443",0.0259568597333202,1,5,0,0.224842329193354,1,1
"ENSG00000137818",0.000483710681684132,4.80635457591476e-05,3,2,0.223848898272664,1,1
"ENSG00000125648",0.0345067997064946,1,4,0,-0.223187708005716,1,1
"ENSG00000214413",0.0158076850940266,1,6,0,-0.222447415728572,1,0.833333333333333
"ENSG00000115514",0.000834613321710643,0.393229778266587,3,0,-0.221394814251599,1,1
"ENSG00000179262",0.0133005997361296,0,2,2,0.221239773508677,1,1
"ENSG00000167136",6.4703291854911e-07,0.0200733433665982,3,1,-0.21961497821022,1,1
"ENSG00000178057",5.02066032460809e-05,1,6,0,0.219265537715238,1,1
"ENSG00000204220",0.0383663178907603,1,4,0,0.217752393070294,1,1
"ENSG00000170477",0.000202312928345287,0.00522155308646511,3,1,0.216768360458651,1,1
"ENSG00000156976",0.000136970814952221,9.32222509012191e-05,5,1,-0.215009451912721,1,1
"ENSG00000176209",0.00159697704112933,0.325671079144744,6,0,0.214525902236912,1,1
"ENSG00000198356",0.0114485541591802,0.028467064298608,3,1,0.21433448216239,1,1
"ENSG00000173272",3.38307474104424e-06,0.492944112837646,4,0,-0.213831003197566,1,1
"ENSG00000116857",0.0151152370517443,0.608923189003086,3,0,-0.212076945532607,1,1
"ENSG00000143870",2.83853613144368e-05,1,3,0,0.211950759706985,1,1
"ENSG00000153774",2.1340503664943e-14,1,9,0,-0.21123151516057,1,1
"ENSG00000087842",0.00694882309284927,0.155648074678929,3,0,0.211098776436673,1,1
"ENSG00000198355",1.32685150142453e-06,1,3,0,-0.210947433257621,1,1
"ENSG00000128309",2.38089826691434e-13,1,5,0,-0.209880589441389,1,1
"ENSG00000100138",1.02382482702128e-07,1,6,0,-0.209219178779557,1,1
"ENSG00000114115",0.023516001372313,0.0274030313780383,3,1,-0.208824058932447,1,1
"ENSG00000129625",0.0345393945205928,0,2,2,0.20859540593985,1,1
"ENSG00000042753",0.000603805818628015,0.00150665916897675,5,1,-0.208110207048256,1,1
"ENSG00000213928",0.0316334196780462,0.00292798038849016,5,1,0.206503723990063,1,1
"ENSG00000131236",7.0852332463219e-05,1,7,0,-0.206153032022509,1,1
"ENSG00000189067",0.00279194100525293,0.850886801911765,6,0,0.205583308347274,1,1
"ENSG00000104964",2.5198792669677e-25,0.00112101333967698,7,1,-0.204288313726415,1,1
"ENSG00000164924",1.24544948616323e-05,1,9,0,-0.203306555932523,1,1
"ENSG00000189171",0.000957913128506108,1,5,0,0.201345667708969,1,1
"ENSG00000167757",0.0109508994483453,0.0132222299919888,4,2,0.201116547939484,1,1
"ENSG00000069764",0.00609457658676838,1,6,0,0.200759970482257,1,1
"ENSG00000186710",0.0187505234258507,1,5,0,0.200041296143141,1,1
"ENSG00000136147",0.0457221775856088,1,5,0,-0.199683148736993,1,1
"ENSG00000173221",0.00344897464252509,1,4,0,-0.199602501899639,1,1
"ENSG00000167460",0.00047876233396754,0.0376730105634924,6,1,-0.199203015266486,1,1
"ENSG00000173598",5.96297264291819e-05,1,4,0,0.198690604423669,1,1
"ENSG00000182220",0.0310119356800905,0.22948543483356,6,0,-0.196586253080063,1,1
"ENSG00000114942",4.97915659832895e-62,6.85451320106204e-25,3,1,-0.195059876271184,1,1
"ENSG00000116044",1.92530152091988e-08,1,9,0,-0.193889773210733,1,1
"ENSG00000138326",3.4992879354067e-42,6.75403056041701e-26,4,1,-0.193177907930922,1,1
"ENSG00000147586",0.0357973607296287,0.340806634796305,8,0,0.193176280666963,1,1
"ENSG00000154640",0.000131943141724059,0.161115580273421,4,0,0.192996460465968,1,1
"ENSG00000130066",1.18739865940922e-47,1.05625775174581e-12,6,1,-0.19159946890003,1,1
"ENSG00000106853",6.05935900984643e-05,0.0194102015549531,6,1,0.190936626946645,1,1
"ENSG00000163931",0.0068994304465842,0.00100849270036454,3,2,0.190187870326482,1,1
"ENSG00000198492",2.69889470110068e-05,0.0233009012047291,4,1,-0.190134009783582,1,1
"ENSG00000057149",5.45989993296352e-52,1,4,0,0.18958749742,1,1
"ENSG00000105289",0.00999268081415815,1,7,0,-0.189467157426136,1,1
"ENSG00000143420",1.16915808910651e-06,0.0884402143868672,5,0,0.189058265716207,1,1
"ENSG00000254505",0.000723005583053778,0.0288775192676522,3,1,-0.188842755063251,1,1
"ENSG00000023191",0.0457760117082508,0.00659913303802783,4,1,0.188630497890494,1,1
"ENSG00000168522",0.000112872672456011,1,3,0,0.187484866447951,1,1
"ENSG00000065809",0.0216800697055174,1,7,0,0.186273860062757,1,1
"ENSG00000134152",0.0184694434345456,1,6,0,0.186255288000235,0.833333333333333,0.833333333333333
"ENSG00000131037",0.000771225821639468,1,6,0,-0.185908338802114,1,1
"ENSG00000003402",0.000182423581669174,1,6,0,-0.185185184530219,1,1
"ENSG00000143222",3.13213601421287e-20,0.00128000643642664,4,1,0.184799398906695,1,1
"ENSG00000111912",0.013118858716886,1,4,0,0.184105851438956,1,1
"ENSG00000135373",6.38673860737246e-07,0.00238660091880334,6,1,-0.183756435562875,1,1
"ENSG00000014216",0.00342857618012037,0.00275440689974177,7,1,-0.183639098861534,1,1
"ENSG00000093144",6.19483319278744e-05,1,7,0,-0.183223297612085,1,1
"ENSG00000065054",0.000148424746385825,0.878865907782612,7,0,-0.182767322700246,1,1
"ENSG00000155366",0.0433165029029904,0.204801532200729,4,0,0.181885211087643,1,1
"ENSG00000118816",5.24179462364281e-17,1,3,0,0.181595751846176,1,1
"ENSG00000116212",0.00217513378573204,1,7,0,0.179515515013443,1,1
"ENSG00000114638",0.00494213054336575,0.0140372156510248,4,1,0.177749322144604,1,1
"ENSG00000152795",0.0323385351725563,0.394479950771604,5,0,-0.177679952660763,1,1
"ENSG00000171604",2.62502015508464e-07,0.0420188390877518,8,1,0.176919408492663,1,1
"ENSG00000095906",0.032582700425424,1,4,0,-0.176654762505793,1,1
"ENSG00000013275",0.0103533122961377,0.00170281185297062,3,2,-0.176393444808907,1,1
"ENSG00000245532",8.27753306025919e-07,1,4,0,-0.176204138172044,1,1
"ENSG00000105258",0.0433680250166598,0.0514713614036731,3,0,-0.176064171500854,1,1
"ENSG00000115310",7.41702533784794e-06,1,4,0,0.175739538764572,1,1
"ENSG00000159335",0.0149849189996423,0.1487118565686,3,0,0.173507133830816,1,1
"ENSG00000169223",7.33131944614311e-07,1,3,0,0.17231202563734,1,1
"ENSG00000156261",0.0274629887111609,0.098709669260972,3,0,-0.17123628145436,1,1
"ENSG00000084234",0.000116801654414457,1,9,0,-0.171227898953646,1,1
"ENSG00000173467",1.65462673198751e-07,0.0461991480841788,4,1,-0.170131150009618,1,1
"ENSG00000125611",3.14357143024709e-05,1,3,0,-0.167849814793246,1,1
"ENSG00000115484",6.23102926792881e-05,1,5,0,-0.16766789956487,1,1
"ENSG00000175183",0.000431780957583213,1,4,0,-0.167571490334308,1,1
"ENSG00000104763",1.3993043940976e-07,1,5,0,-0.16670587962284,1,1
"ENSG00000168374",0.00936280659151467,0.250250947948665,3,0,-0.165942528053997,1,1
"ENSG00000161203",1.08086844726791e-17,1,4,0,-0.165345217935233,1,1
"ENSG00000078674",2.19763407105754e-06,1,12,0,0.164705874619228,1,1
"ENSG00000123395",6.55812965224491e-05,1,4,0,-0.163305023085427,1,1
"ENSG00000128609",0.00745713102357582,0.0158228403280985,3,1,0.162187458192874,1,1
"ENSG00000160813",0.00306840014874505,1,5,0,-0.160000354165018,1,1
"ENSG00000196352",0.014578797259434,1,5,0,-0.15996854540306,1,1
"ENSG00000117525",9.36482298714335e-13,1,4,0,0.159647531109451,1,1
"ENSG00000073737",1.10774419413431e-08,1,6,0,-0.159074047649061,1,1
"ENSG00000187244",4.4602733874998e-05,1,3,0,0.158985030268745,1,1
"ENSG00000145287",4.39424428748576e-07,1,5,0,-0.157097082998808,1,1
"ENSG00000161016",0.0317811656657868,0.891316273504643,6,0,0.154804074385167,1,1
"ENSG00000242372",0.00374013762184726,0.383340154245609,5,0,0.154399806680257,1,1
"ENSG00000163902",0.0175886616660422,1,3,0,0.153327558310002,1,1
"ENSG00000128274",0.000133938457723188,1,9,0,-0.152892117754295,1,1
"ENSG00000109016",0.00827352073970244,1,5,0,0.152727920825358,1,1
"ENSG00000031698",0.000972892855576667,1,3,0,-0.151859716875633,1,1
"ENSG00000100938",1.85937660111412e-05,1,8,0,0.151582744997693,1,1
"ENSG00000108465",0.0367106284693823,1,5,0,-0.15098665158685,1,1
"ENSG00000197446",0.0383896886158782,1,9,0,0.150985090042093,1,1
"ENSG00000005893",0.00424612829566291,1,5,0,0.150845866020183,1,1
"ENSG00000169908",5.25308809564531e-05,0.00951817468203082,3,1,0.150548245565629,1,1
"ENSG00000149573",0.00291624334430563,1,5,0,0.149557168855996,1,1
"ENSG00000148120",0.0346062002941592,1,5,0,0.148700801366262,1,1
"ENSG00000160932",0.0388751038314038,0,2,2,-0.147810448506702,1,1
"ENSG00000163734",0.0239852804007487,1,3,0,0.146557272005842,1,1
"ENSG00000105854",7.99023128442261e-09,1,7,0,-0.146135047982109,1,1
"ENSG00000120963",0.000453497937581001,1,3,0,0.144587113017854,1,1
"ENSG00000099341",0.00244860409655858,1,3,0,0.143764756721781,1,1
"ENSG00000182853",0.00686429429306984,1,3,0,-0.142614035666417,1,1
"ENSG00000071462",0.00104551179021854,0.0363401324027631,3,1,0.141731034952861,1,1
"ENSG00000160188",1.32033883220517e-05,1,5,0,-0.141258291906492,1,1
"ENSG00000177674",0.0204706913188679,1,4,0,-0.141228301900391,1,1
"ENSG00000168066",0.00061823005346462,1,7,0,-0.140969906638863,1,1
"ENSG00000099783",9.70831746064808e-08,1,5,0,-0.140624535859307,1,1
"ENSG00000087077",0.000475722178220396,1,4,0,-0.139390534593265,1,1
"ENSG00000168610",0.0403767227346085,1,5,0,-0.139332857753365,1,1
"ENSG00000147155",0.000382795197359531,1,5,0,0.138789984593439,1,1
"ENSG00000089063",0.0420031347898541,0.0324306189844146,6,1,-0.137571252914941,1,1
"ENSG00000181061",0.00030929230849268,1,5,0,0.136907441837994,1,1
"ENSG00000143771",0.00403892315902543,1,4,0,-0.136895496667153,1,1
"ENSG00000102316",1.2843576175217e-07,1,6,0,0.135516503048346,1,1
"ENSG00000143819",2.2060925469974e-17,1,4,0,-0.135470737669836,1,1
"ENSG00000124214",0.000143178474458971,1,8,0,-0.134980215908594,1,1
"ENSG00000027697",0.00581249627941712,1,4,0,0.133025881699949,1,1
"ENSG00000130511",0.012952344489429,1,8,0,0.132636107817924,1,1
"ENSG00000116171",0.0237193798176235,1,5,0,0.132039319720278,1,1
"ENSG00000130429",1.55349461533338e-16,1,3,0,-0.130881876949234,1,1
"ENSG00000119888",0.017291562323173,0.86592707494824,3,0,-0.130245955837323,1,1
"ENSG00000174132",2.58260632430033e-05,1,3,0,0.12820280468493,1,1
"ENSG00000004838",3.94926995806967e-05,1,5,0,0.127620783137238,1,1
"ENSG00000147123",0.00204674068152415,1,5,0,-0.126028575549513,1,1
"ENSG00000053371",3.71580292218117e-05,1,3,0,-0.123655106395184,1,1
"ENSG00000115875",5.21565776746179e-09,1,5,0,-0.123496360494025,1,1
"ENSG00000002330",0.00250956909512286,1,3,0,-0.123275197351867,1,1
"ENSG00000120438",0.0280900025638303,1,3,0,0.121901524030769,1,1
"ENSG00000161547",0.000224087918965223,1,5,0,-0.121785865253274,1,1
"ENSG00000185624",0.000477808985436576,1,5,0,0.121029810740781,1,1
"ENSG00000131495",0.00870144270862222,1,3,0,0.119691137769298,1,1
"ENSG00000069849",0.000140815289930165,1,3,0,-0.118531296646575,1,1
"ENSG00000090621",9.94656713349844e-06,1,10,0,-0.116786904416088,1,1
"ENSG00000009307",0.0499364000218531,1,8,0,0.11618308908342,1,1
"ENSG00000122359",0.000368470384015036,1,5,0,-0.116114151743438,1,1
"ENSG00000100219",5.17679580162660e-12,1,6,0,0.115953917308469,1,1
"ENSG00000160799",0.00757845849698265,1,5,0,0.114695712425409,1,1
"ENSG00000109971",6.66022403033876e-05,1,3,0,-0.113617647966688,1,1
"ENSG00000185201",0.0250883975388401,0.803037396158083,3,0,0.113268157800227,1,1
"ENSG00000165283",5.4492620540188e-06,1,3,0,0.113047597328933,1,1
"ENSG00000005001",4.53470254816077e-05,1,6,0,0.112411053321359,1,1
"ENSG00000099622",0.0332820223692466,1,3,0,0.1089087217727,1,1
"ENSG00000118680",2.55678317202682e-05,0,2,2,-0.108835345135607,1,1
"ENSG00000172757",3.63340923527582e-09,1,3,0,-0.108562127455816,1,1
"ENSG00000108654",1.5884155520537e-09,1,5,0,0.108250037172884,1,1
"ENSG00000042493",0.000146519215338032,1,3,0,-0.108026127840712,1,1
"ENSG00000272398",1.49878477071431e-08,1,4,0,-0.107366019643985,1,1
"ENSG00000093010",8.46915087463043e-05,1,5,0,0.106969190783694,1,1
"ENSG00000116209",0.00153027544248645,1,3,0,0.106471510654914,1,1
"ENSG00000148735",0.0220583948958386,1,8,0,-0.105974414159141,1,1
"ENSG00000135486",7.49819856304108e-06,1,4,0,-0.104945737137864,1,1
"ENSG00000185650",0.0165986425970738,1,3,0,-0.104082685105678,1,1
"ENSG00000110958",0.000770221305599224,1,3,0,-0.100185649225245,1,1
"ENSG00000142765",2.18999956414043e-06,1,5,0,0.0994926659958462,1,1
"ENSG00000213719",0.0251717673318106,1,4,0,0.0983040659697997,1,1
"ENSG00000172500",0.000466715322922754,1,4,0,-0.0979936107988568,1,1
"ENSG00000185043",0.00312400452268045,0,2,2,-0.0971889568583034,1,1
"ENSG00000132386",0.024066420072546,1,3,0,-0.0970560828358316,1,1
"ENSG00000159713",0.017291562323173,1,3,0,-0.0918045357159265,1,1
"ENSG00000173113",0.000474180031209418,1,4,0,-0.0911748957468434,1,1
"ENSG00000165272",8.19638795056523e-32,1,3,0,0.0905825925248103,1,1
"ENSG00000196154",1.377711125884e-09,1,4,0,-0.0881011148908288,1,1
"ENSG00000198074",0.000602505454693283,1,4,0,0.0859752258493497,1,1
"ENSG00000169738",0.00269499599222556,1,4,0,-0.0844116145904436,1,1
"ENSG00000100902",0.0278136893442618,1,3,0,0.0842321000319705,1,1
"ENSG00000136238",0.0123888048983918,1,3,0,0.0831559584322092,1,1
"ENSG00000085063",5.55086919534395e-06,1,7,0,0.0831559228530815,1,1
"ENSG00000060138",0.00166827495438846,1,5,0,0.0828854785245235,1,1
"ENSG00000087460",0.00390713181320606,1,10,0,0.0824215050961691,1,1
"ENSG00000170270",0.0186331095859201,1,3,0,0.0818414996789839,1,1
"ENSG00000119655",0.0336063914304104,0,2,2,0.0722261031666275,1,1
"ENSG00000181019",0.000123041616206434,1,5,0,0.0713332467880488,1,1
"ENSG00000173660",0.0251093672948239,0,2,2,0.0702776543379497,1,1
"ENSG00000136810",0.0454129170863404,1,3,0,-0.0612451279761585,1,1
"ENSG00000106211",2.97851957244813e-33,1,4,0,0.0609136530527717,1,1
"ENSG00000142541",0.00103850913544264,0,2,2,0.0515841630943575,1,1
"ENSG00000187514",0.000324734280363112,1,3,0,0.0506581323358334,1,1
"ENSG00000170345",0.0273204591413254,0,2,2,0.0504374505044877,1,1
"ENSG00000170421",0.00281406821412695,1,3,0,-0.0485363698518952,1,1
"ENSG00000170315",0.0006400916201398,1,3,0,0.0460749224207406,1,1
"ENSG00000167996",0.0214898782945824,0,2,2,0.0221903804594684,1,1
