"gene_ID"	"gene_qvalue"	"minimal_tx_qvalue"	"number_tx"	"number_significant_tx"	"max(Ciliated_UK_72hpi_child_Infected-Ciliated_uninfected_child_Uninfected)"	"pct_gene_expr"	"max_pct_tx_expr"
"ENSG00000204469"	"ENSG00000204469"	1.70354581931588e-06	0	2	2	0.836228594594522	1	0.666666666666667
"ENSG00000189377"	"ENSG00000189377"	1.24864642353674e-24	0	2	2	0.710827233372745	1	1
"ENSG00000141968"	"ENSG00000141968"	0.0237418513865921	0	2	2	0.690823439977207	1	0.666666666666667
"ENSG00000180596"	"ENSG00000180596"	0.0001432132745438	0	2	2	-0.686867239350579	1	0.833333333333333
"ENSG00000169715"	"ENSG00000169715"	0.0116689189361677	0	2	2	-0.634185487368394	1	0.666666666666667
"ENSG00000111196"	"ENSG00000111196"	0.0337360982583547	0	2	2	0.582649637151086	0.833333333333333	0.666666666666667
"ENSG00000157181"	"ENSG00000157181"	0.00755842310094432	0	2	2	-0.54730664094187	1	0.833333333333333
"ENSG00000090863"	"ENSG00000090863"	0.0235832405389839	0	2	2	0.543235273018538	1	0.833333333333333
"ENSG00000078269"	"ENSG00000078269"	0.0480630027994275	0	2	2	0.512424491455262	1	1
"ENSG00000124313"	"ENSG00000124313"	0.0382877435844859	0	2	2	0.50647558336818	1	0.833333333333333
"ENSG00000129194"	"ENSG00000129194"	3.30025923902948e-05	0	2	2	0.504907262661138	1	1
"ENSG00000179832"	"ENSG00000179832"	0.0127877002397872	0	2	2	0.503262162360166	1	1
"ENSG00000055211"	"ENSG00000055211"	8.92959104668585e-07	0	2	2	0.475631915269378	1	1
"ENSG00000143947"	"ENSG00000143947"	0	0	2	2	0.47271535821266	1	1
"ENSG00000171962"	"ENSG00000171962"	0.0298352452261708	0	2	2	-0.463856615682724	1	0.833333333333333
"ENSG00000185262"	"ENSG00000185262"	1.25233654761099e-07	0	2	2	-0.423363401112743	1	1
"ENSG00000005882"	"ENSG00000005882"	0.0131433813553651	0	2	2	-0.407969371082937	1	1
"ENSG00000158864"	"ENSG00000158864"	1.40242945284333e-35	0	2	2	0.404978610999191	1	1
"ENSG00000139990"	"ENSG00000139990"	0.0106567674637038	0	2	2	-0.403727029257994	1	1
"ENSG00000197746"	"ENSG00000197746"	0.000340509923002518	0	2	2	-0.384337590543512	1	1
"ENSG00000144118"	"ENSG00000144118"	0.00112990362575333	0	2	2	-0.37899941984377	1	1
"ENSG00000143252"	"ENSG00000143252"	0.0198227810204543	0	2	2	0.374832271618433	1	1
"ENSG00000117411"	"ENSG00000117411"	0.0243750949879104	0	2	2	-0.370564376087618	1	1
"ENSG00000135338"	"ENSG00000135338"	0.0240487045741871	0	2	2	-0.367949902491391	1	1
"ENSG00000168077"	"ENSG00000168077"	0.022635699758192	0	2	2	0.357908807368928	1	1
"ENSG00000058453"	"ENSG00000058453"	0.0229509089116781	0	2	2	-0.338066473089283	1	0.833333333333333
"ENSG00000197170"	"ENSG00000197170"	0.0123984428720355	0	2	2	0.335756939738279	1	1
"ENSG00000120699"	"ENSG00000120699"	0.0428714610145044	0	2	2	-0.322456118309806	1	1
"ENSG00000163900"	"ENSG00000163900"	0.0121232053525147	0	2	2	-0.303548157063573	1	1
"ENSG00000140395"	"ENSG00000140395"	2.06744985789206e-10	0	2	2	0.29180709998225	1	1
"ENSG00000198843"	"ENSG00000198843"	0.000259113280969029	0	2	2	-0.291753048247567	1	1
"ENSG00000189376"	"ENSG00000189376"	1.77931332138319e-07	0	2	2	-0.283419549105732	1	1
"ENSG00000102554"	"ENSG00000102554"	0.00543232714217446	0	2	2	0.279999186222288	1	1
"ENSG00000144136"	"ENSG00000144136"	0.0218868745882025	0	2	2	-0.26503752023013	1	1
"ENSG00000143977"	"ENSG00000143977"	6.84075364564346e-16	0	2	2	0.262456288937223	1	1
"ENSG00000013275"	"ENSG00000013275"	2.24216611989901e-15	0	2	2	0.245897898125376	1	1
"ENSG00000185338"	"ENSG00000185338"	0.00721868162798669	0	2	2	0.244465421950037	1	1
"ENSG00000177981"	"ENSG00000177981"	0.0454347348495152	0	2	2	-0.231436635121002	1	1
"ENSG00000171224"	"ENSG00000171224"	0.0322648338385925	0	2	2	0.223537903392395	1	1
"ENSG00000227053"	"ENSG00000227053"	0.0496469309993295	0	2	2	-0.219795795109241	0.833333333333333	0.833333333333333
"ENSG00000141232"	"ENSG00000141232"	2.29458963900969e-10	0	2	2	0.217191439206614	1	1
"ENSG00000085117"	"ENSG00000085117"	1.48807972624343e-08	0	2	2	-0.216217553656214	1	1
"ENSG00000184277"	"ENSG00000184277"	0.0364639439136608	0	2	2	-0.213353120533095	1	1
"ENSG00000109321"	"ENSG00000109321"	0.00856060618562192	0	2	2	-0.211638480039944	1	1
"ENSG00000164405"	"ENSG00000164405"	3.80733634597042e-16	0	2	2	0.210867447037006	1	1
"ENSG00000160201"	"ENSG00000160201"	0.000670210167096909	0	2	2	-0.210338732245122	1	1
"ENSG00000064726"	"ENSG00000064726"	0.0271147768528943	0	2	2	0.203648263643263	1	1
"ENSG00000071553"	"ENSG00000071553"	0.00130614060732227	0	2	2	0.201565638250055	1	1
"ENSG00000147883"	"ENSG00000147883"	0.0142532235248148	0	2	2	-0.199819193511374	1	1
"ENSG00000115009"	"ENSG00000115009"	0.0417773674860288	0	2	2	0.198055382834851	1	1
"ENSG00000125651"	"ENSG00000125651"	0.0157343102990129	0	2	2	0.194329088921669	1	1
"ENSG00000146701"	"ENSG00000146701"	3.57879641415335e-10	0	2	2	0.191966147233175	1	1
"ENSG00000197696"	"ENSG00000197696"	0.00859471916035971	0	2	2	-0.188419647369727	1	1
"ENSG00000080824"	"ENSG00000080824"	2.19481296164893e-07	0	2	2	-0.184993777364603	1	1
"ENSG00000198839"	"ENSG00000198839"	0.0186517509349512	0	2	2	0.183219903995138	1	1
"ENSG00000135926"	"ENSG00000135926"	0.00512719051833186	0	2	2	-0.178517958838631	1	1
"ENSG00000105427"	"ENSG00000105427"	0.0189061131987794	0	2	2	0.178007159881092	1	1
"ENSG00000100906"	"ENSG00000100906"	0.000153597283517623	0	2	2	0.174125759235945	1	1
"ENSG00000140497"	"ENSG00000140497"	0.0396261323425737	0	2	2	-0.163847165361463	1	1
"ENSG00000181885"	"ENSG00000181885"	0.00167804351885567	0	2	2	0.162636250003355	1	1
"ENSG00000070540"	"ENSG00000070540"	0.0085994459992962	0	2	2	-0.16105899028591	1	1
"ENSG00000169689"	"ENSG00000169689"	0.00960706775142302	0	2	2	0.153279389848206	1	1
"ENSG00000142409"	"ENSG00000142409"	0.0200165109487017	0	2	2	0.149869912217755	1	1
"ENSG00000213085"	"ENSG00000213085"	0.0011984271175322	0	2	2	-0.144479873656897	1	1
"ENSG00000006007"	"ENSG00000006007"	0.000971398510938884	0	2	2	0.14051390024447	1	1
"ENSG00000100836"	"ENSG00000100836"	0.0116795727764399	0	2	2	0.133325762640924	1	1
"ENSG00000127129"	"ENSG00000127129"	0.000550027807458216	0	2	2	0.126487396941049	1	1
"ENSG00000250722"	"ENSG00000250722"	0.00231477485345578	0	2	2	-0.126178550933456	1	1
"ENSG00000189266"	"ENSG00000189266"	0.0136766439730315	0	2	2	-0.119601602373055	1	1
"ENSG00000156411"	"ENSG00000156411"	0.000951231676012876	0	2	2	-0.115816300065105	1	1
"ENSG00000163170"	"ENSG00000163170"	0.032330629293827	0	2	2	-0.115000897577979	1	1
"ENSG00000173113"	"ENSG00000173113"	0.00140467650258452	0	2	2	0.111898639162524	1	1
"ENSG00000165609"	"ENSG00000165609"	8.38932522284735e-07	0	2	2	0.11115179854172	1	1
"ENSG00000131171"	"ENSG00000131171"	0.011242320492574	0	2	2	0.109780599959478	1	1
"ENSG00000119655"	"ENSG00000119655"	2.45907264512444e-15	0	2	2	0.109236796144921	1	1
"ENSG00000173409"	"ENSG00000173409"	0.0179759694854307	0	2	2	-0.108570155149268	1	1
"ENSG00000129625"	"ENSG00000129625"	0.00257221594143639	0	2	2	0.10651543821253	1	1
"ENSG00000118680"	"ENSG00000118680"	1.29700970957946e-12	0	2	2	-0.10645560960157	1	1
"ENSG00000185043"	"ENSG00000185043"	2.03418035358406e-11	0	2	2	-0.104072058142757	1	1
"ENSG00000172965"	"ENSG00000172965"	0.0270806204204342	0	2	2	0.101363934023718	1	1
"ENSG00000132963"	"ENSG00000132963"	0.0093653024834183	0	2	2	-0.0998602194365551	1	1
"ENSG00000118418"	"ENSG00000118418"	0.000360623382813049	0	2	2	0.0960192736412808	1	1
"ENSG00000057149"	"ENSG00000057149"	1.14034280105706e-45	0	2	2	-0.0932921039186434	1	1
"ENSG00000186081"	"ENSG00000186081"	0.000142954220671821	0	2	2	0.0925960221835344	1	1
"ENSG00000170477"	"ENSG00000170477"	0.0432943274441841	0	2	2	0.0915567753760376	1	1
"ENSG00000174917"	"ENSG00000174917"	0.0198460698847211	0	2	2	0.0910041772186708	1	1
"ENSG00000118849"	"ENSG00000118849"	0.0011586734591828	0	2	2	-0.088173048727473	1	1
"ENSG00000243955"	"ENSG00000243955"	0.0320260197276317	0	2	2	0.0845527421357023	1	1
"ENSG00000019102"	"ENSG00000019102"	0.0229561837054206	0	2	2	-0.0839567261816611	1	1
"ENSG00000159335"	"ENSG00000159335"	0.0479681686650117	0	2	2	-0.0798713898662622	1	1
"ENSG00000092841"	"ENSG00000092841"	0.000497291318683638	0	2	2	-0.076746591648852	1	1
"ENSG00000135698"	"ENSG00000135698"	0.0496949612283189	0	2	2	0.0720214389886025	1	1
"ENSG00000007520"	"ENSG00000007520"	0.0239728519008442	0	2	2	-0.0719996352021785	1	1
"ENSG00000168090"	"ENSG00000168090"	7.73778288927598e-05	0	2	2	0.0711331347779351	1	1
"ENSG00000126457"	"ENSG00000126457"	0.00999795771697876	0	2	2	-0.0698112081528638	1	1
"ENSG00000077549"	"ENSG00000077549"	0.0358240289489833	0	2	2	0.0697959511762118	1	1
"ENSG00000165672"	"ENSG00000165672"	0.000128796665340437	0	2	2	0.0693053032437454	1	1
"ENSG00000169189"	"ENSG00000169189"	0.0355548526719132	0	2	2	-0.0659042810424463	1	1
"ENSG00000115541"	"ENSG00000115541"	0.0111753290067635	0	2	2	-0.0648239978116114	1	1
"ENSG00000137331"	"ENSG00000137331"	6.47132836679748e-06	0	2	2	-0.0616566989743907	1	1
"ENSG00000101084"	"ENSG00000101084"	0.0089597776309618	0	2	2	0.055217616964108	1	1
"ENSG00000167004"	"ENSG00000167004"	0.0357848754666866	0	2	2	-0.0542422637669638	1	1
"ENSG00000162078"	"ENSG00000162078"	0.0393959033170085	0	2	2	0.0532241829463386	1	1
"ENSG00000185885"	"ENSG00000185885"	0.00242587294854179	0	2	2	0.0502821467843219	1	1
"ENSG00000205420"	"ENSG00000205420"	0.00464625570184555	0	2	2	-0.0480841941654077	1	1
"ENSG00000096384"	"ENSG00000096384"	0.00882212433877877	0	2	2	-0.0455996823589141	1	1
"ENSG00000128422"	"ENSG00000128422"	1.7809640284827e-11	0	2	2	-0.0444117177573386	1	1
"ENSG00000170345"	"ENSG00000170345"	0.00259764414651748	0	2	2	-0.0427980644912562	1	1
"ENSG00000123349"	"ENSG00000123349"	7.04937017231812e-05	0	2	2	0.0418604721231728	1	1
"ENSG00000116251"	"ENSG00000116251"	0.0163459391722812	0	2	2	0.0413502334563268	1	1
"ENSG00000065978"	"ENSG00000065978"	5.25438604304896e-08	0	2	2	-0.0407860864766412	1	1
"ENSG00000149932"	"ENSG00000149932"	0.0164256046270517	0	2	2	0.0367321376641028	1	1
"ENSG00000100300"	"ENSG00000100300"	7.65517925168568e-06	0	2	2	-0.0366653424046309	1	1
"ENSG00000161798"	"ENSG00000161798"	0.00100473247004385	0	2	2	-0.0285790653362638	1	1
"ENSG00000188846"	"ENSG00000188846"	0.0231106199525477	0	2	2	0.0221243440132731	1	1
"ENSG00000265681"	"ENSG00000265681"	0.000988493976655392	0	2	2	0.0220766259773612	1	1
"ENSG00000110700"	"ENSG00000110700"	0.00090726172972145	0	2	2	0.0220020631144821	1	1
"ENSG00000111640"	"ENSG00000111640"	0.0172537794283653	0	2	2	-0.0218380319034182	1	1
"ENSG00000115268"	"ENSG00000115268"	0.000301639594748699	0	2	2	-0.0189209734405172	1	1
"ENSG00000170889"	"ENSG00000170889"	0.0263384988451727	0	2	2	0.015338733012161	1	1
"ENSG00000133112"	"ENSG00000133112"	0.00773117410350066	0	2	2	-0.011988847428431	1	1
"ENSG00000164919"	"ENSG00000164919"	0	4.07847880350539e-210	4	2	0.86996337580878	1	1
"ENSG00000147403"	"ENSG00000147403"	0	8.15695760701077e-210	6	1	0.930989296968539	1	1
"ENSG00000196754"	"ENSG00000196754"	0	6.11771820525808e-209	5	1	0.801390300822769	1	1
"ENSG00000131981"	"ENSG00000131981"	3.57810027001593e-290	9.1854986052718e-150	3	1	-0.276787890500417	1	1
"ENSG00000122026"	"ENSG00000122026"	0	3.05986375494988e-142	3	1	0.369144343600718	1	1
"ENSG00000100650"	"ENSG00000100650"	3.10871505610254e-155	8.75379426543319e-121	5	1	0.578065428762207	1	1
"ENSG00000168003"	"ENSG00000168003"	7.24921926941322e-157	1.64186622967099e-108	4	1	0.618692537018682	1	1
"ENSG00000113732"	"ENSG00000113732"	2.63831054879226e-321	3.76079099928497e-76	3	1	-0.734150744544103	1	1
"ENSG00000149273"	"ENSG00000149273"	0	1.39383133256752e-74	7	1	-0.604052285511162	1	1
"ENSG00000174547"	"ENSG00000174547"	2.67738338881255e-117	3.65442038698003e-74	4	1	-0.704922461132782	1	1
"ENSG00000130066"	"ENSG00000130066"	4.35968433948482e-283	1.05745350961253e-72	6	1	-0.232779800875422	1	1
"ENSG00000173812"	"ENSG00000173812"	9.01923868501015e-99	1.94280908445534e-70	4	1	-0.260644255196577	1	1
"ENSG00000245910"	"ENSG00000245910"	3.28673358100212e-84	2.80262246105566e-70	4	1	-0.823527978867024	1	1
"ENSG00000174748"	"ENSG00000174748"	0	9.94288164711496e-63	5	1	-0.808502008236789	1	1
"ENSG00000114942"	"ENSG00000114942"	5.69395997716332e-105	8.0121268726595e-56	3	1	0.204306607499174	1	1
"ENSG00000113387"	"ENSG00000113387"	5.87080429970187e-82	3.97253688708852e-52	4	1	-0.711689229155945	1	1
"ENSG00000173486"	"ENSG00000173486"	1.33465474262459e-83	1.08407114422249e-51	4	1	-0.531215472163117	1	1
"ENSG00000115457"	"ENSG00000115457"	2.7225199001004e-68	1.8092558119127e-50	5	2	-0.544463563119142	1	1
"ENSG00000168259"	"ENSG00000168259"	4.43318432276198e-64	4.17156071972141e-49	4	2	0.665964529694793	1	1
"ENSG00000163435"	"ENSG00000163435"	3.63472657809563e-242	3.14869478415255e-45	5	1	0.589289661075619	1	1
"ENSG00000182196"	"ENSG00000182196"	6.24990354059302e-67	2.21984022703506e-44	4	1	0.513248987839128	1	1
"ENSG00000117394"	"ENSG00000117394"	3.21601654126336e-58	3.13171801735994e-41	5	1	-0.701539272948867	1	1
"ENSG00000163399"	"ENSG00000163399"	8.75432764424208e-67	5.00718011425647e-41	6	1	-0.605736158533668	1	1
"ENSG00000178741"	"ENSG00000178741"	1.21457069952737e-104	6.71253618660351e-40	3	1	-0.39692912107102	1	1
"ENSG00000172809"	"ENSG00000172809"	5.54205422255045e-45	1.34916843890849e-38	5	2	0.606580812792053	1	1
"ENSG00000101608"	"ENSG00000101608"	1.48482542741954e-155	1.63791145735261e-36	5	3	-0.839366629241764	1	1
"ENSG00000257727"	"ENSG00000257727"	1.75907138868238e-82	5.40173956653769e-33	5	1	0.563080660719647	1	1
"ENSG00000241468"	"ENSG00000241468"	2.08697689496435e-114	1.14494118008184e-32	3	1	-0.466646579010592	1	1
"ENSG00000203950"	"ENSG00000203950"	4.44211045652909e-63	1.38775826180509e-32	3	1	0.635062337748394	1	1
"ENSG00000067167"	"ENSG00000067167"	1.26563022713216e-64	2.64004253963341e-32	5	1	-0.68161735721437	1	1
"ENSG00000079462"	"ENSG00000079462"	6.31727725855182e-51	8.62126145989246e-32	5	1	0.544167536816322	1	1
"ENSG00000109861"	"ENSG00000109861"	5.9606097567783e-48	1.27044310643685e-31	3	1	0.28629215530709	1	1
"ENSG00000127125"	"ENSG00000127125"	1.76321304335946e-35	8.97104343093386e-31	5	3	0.343551258082317	1	1
"ENSG00000163882"	"ENSG00000163882"	1.04279850155088e-44	1.03361013838924e-28	3	1	-0.755992736686133	1	1
"ENSG00000132274"	"ENSG00000132274"	1.87218410593657e-51	4.31355831462459e-28	7	1	0.641090259934435	1	1
"ENSG00000116285"	"ENSG00000116285"	2.94435272409264e-39	4.35744604081541e-28	3	1	-0.619585196438353	1	1
"ENSG00000067225"	"ENSG00000067225"	1.52920135021387e-119	2.05622046156023e-27	3	1	-0.404034979374559	1	1
"ENSG00000110492"	"ENSG00000110492"	3.61164463629877e-55	3.28975088345702e-27	3	1	0.36023500310201	1	1
"ENSG00000167757"	"ENSG00000167757"	1.82611209166361e-35	3.91380798934859e-27	6	1	0.298486136372922	1	1
"ENSG00000120860"	"ENSG00000120860"	1.77294007497367e-36	1.73550729113756e-26	3	1	0.490553320202397	1	1
"ENSG00000137818"	"ENSG00000137818"	3.75552175834097e-23	4.30045274715503e-25	3	1	0.202218314273143	1	1
"ENSG00000163584"	"ENSG00000163584"	1.01946737745674e-59	1.2729827683174e-24	3	1	0.337961827538836	1	1
"ENSG00000021355"	"ENSG00000021355"	5.67001756809885e-38	2.68581932927858e-24	5	1	-0.588491251161577	1	1
"ENSG00000163931"	"ENSG00000163931"	1.52992546074202e-22	5.02939509038453e-23	3	2	-0.198068498540807	1	1
"ENSG00000122644"	"ENSG00000122644"	2.96988878950057e-29	2.16243680927902e-22	5	2	-0.36314435930517	1	1
"ENSG00000110321"	"ENSG00000110321"	6.39677544565277e-45	2.52872324215419e-22	8	2	0.398160987168972	1	1
"ENSG00000257698"	"ENSG00000257698"	1.7310683108247e-33	1.89245040453118e-21	5	1	0.704710250936013	1	0.666666666666667
"ENSG00000173848"	"ENSG00000173848"	8.47075799930946e-35	4.54051086977301e-21	3	1	0.699560582815388	1	1
"ENSG00000067064"	"ENSG00000067064"	2.75000278409853e-46	6.01322403940122e-21	5	1	-0.465723534883928	1	1
"ENSG00000070756"	"ENSG00000070756"	5.47249147520934e-97	9.23628090729427e-21	6	1	0.350133519889751	1	1
"ENSG00000006625"	"ENSG00000006625"	2.96270774777852e-19	1.03840230343684e-20	3	2	0.232717207610929	1	1
"ENSG00000167986"	"ENSG00000167986"	1.2023080212537e-23	1.6257788262532e-20	3	2	-0.614160841017011	1	1
"ENSG00000111907"	"ENSG00000111907"	2.85462950036677e-70	1.00559679441627e-19	4	2	-0.400652251923171	1	1
"ENSG00000161013"	"ENSG00000161013"	7.48522569387851e-18	1.43172738224612e-19	3	2	-0.680005331896079	1	1
"ENSG00000198830"	"ENSG00000198830"	1.54899628154312e-100	8.1120581134345e-19	5	1	-0.97770582267859	1	1
"ENSG00000160113"	"ENSG00000160113"	1.15818532404697e-18	5.20820514979709e-18	3	2	0.359790064977065	1	1
"ENSG00000183684"	"ENSG00000183684"	1.98869362443653e-22	9.27490282177165e-18	3	2	-0.770614875825263	1	1
"ENSG00000150787"	"ENSG00000150787"	1.84338578583404e-55	1.07266485013656e-17	4	1	0.908102258571776	1	1
"ENSG00000100359"	"ENSG00000100359"	2.30979314480509e-61	4.93709413631015e-17	7	1	0.576920940336008	1	1
"ENSG00000067836"	"ENSG00000067836"	7.93929794521155e-34	8.59971927319552e-17	6	1	-0.532239026951997	1	1
"ENSG00000135968"	"ENSG00000135968"	3.20347118601902e-27	4.33079913506653e-16	7	1	0.512449650899128	1	1
"ENSG00000138495"	"ENSG00000138495"	2.2236254609915e-20	5.5115729665016e-16	3	1	0.255075759631478	1	1
"ENSG00000149084"	"ENSG00000149084"	2.49909838411071e-43	6.23826500722253e-16	4	1	0.493548075469892	1	1
"ENSG00000148908"	"ENSG00000148908"	7.38289322994566e-25	7.0909418841124e-16	3	1	-0.541074613927273	1	1
"ENSG00000102854"	"ENSG00000102854"	4.48179848970479e-64	7.97138702849598e-16	10	2	0.276606919806215	1	1
"ENSG00000105258"	"ENSG00000105258"	1.06899790477077e-16	1.66913200250917e-15	3	1	0.237123213646108	1	1
"ENSG00000177459"	"ENSG00000177459"	1.34629270690106e-14	2.33461860170808e-15	3	1	0.525526956652202	1	1
"ENSG00000146540"	"ENSG00000146540"	4.85760640891852e-23	7.72219560250653e-15	4	1	0.401055824283898	1	1
"ENSG00000169567"	"ENSG00000169567"	4.78722458281184e-47	4.05909695232225e-14	7	1	0.547330979806146	1	1
"ENSG00000167136"	"ENSG00000167136"	4.29553088422837e-19	5.42861765216966e-14	3	1	0.344741293610981	1	1
"ENSG00000184887"	"ENSG00000184887"	9.23015252290389e-29	7.01515715258646e-14	7	1	-0.541200984285129	1	0.833333333333333
"ENSG00000104549"	"ENSG00000104549"	1.35272564374896e-12	7.18555511790965e-14	4	1	0.267226313064535	1	1
"ENSG00000132286"	"ENSG00000132286"	2.37787267049762e-12	2.65331638405284e-13	3	2	0.550178522775259	1	1
"ENSG00000119801"	"ENSG00000119801"	2.88110981587148e-37	2.71990377021437e-13	8	1	0.458188770017102	1	1
"ENSG00000105894"	"ENSG00000105894"	3.42994857167471e-17	6.82046970872773e-13	3	1	-0.495531346112994	1	1
"ENSG00000155957"	"ENSG00000155957"	7.27060022883286e-55	6.95081950329035e-13	7	3	0.789156440563002	1	1
"ENSG00000163634"	"ENSG00000163634"	1.26374030882503e-37	8.11853238452642e-13	6	1	-0.606789442320694	1	1
"ENSG00000115963"	"ENSG00000115963"	6.99072000156017e-18	8.80985515646784e-13	4	2	0.364754674107383	1	1
"ENSG00000183172"	"ENSG00000183172"	4.59349900653647e-19	9.44471379477829e-13	5	1	-0.804407557775379	1	1
"ENSG00000154080"	"ENSG00000154080"	2.45308883589422e-11	1.03971312812567e-12	3	3	-0.392004558974628	1	1
"ENSG00000116350"	"ENSG00000116350"	2.08006176216422e-26	1.76001936461571e-12	3	1	-0.394452121959917	1	1
"ENSG00000173272"	"ENSG00000173272"	3.20604693301137e-31	2.01301490055297e-12	4	1	-0.215172188349095	1	1
"ENSG00000162889"	"ENSG00000162889"	5.64733736948612e-16	2.2470684466347e-12	3	1	-0.852411735621969	1	0.833333333333333
"ENSG00000125944"	"ENSG00000125944"	3.25861018382072e-95	2.29540764685088e-12	9	1	-0.355865808717425	1	1
"ENSG00000143222"	"ENSG00000143222"	7.22978574584871e-65	2.37831042995179e-12	4	1	-0.195866065797947	1	1
"ENSG00000175354"	"ENSG00000175354"	3.43820561383947e-24	2.89196808313028e-12	7	1	0.419172377287512	1	1
"ENSG00000145779"	"ENSG00000145779"	3.87939916667735e-35	3.19555469755188e-12	6	2	0.371500178201663	1	1
"ENSG00000088836"	"ENSG00000088836"	1.06436448122745e-14	3.51067271644616e-12	5	1	-0.784590817418227	1	0.833333333333333
"ENSG00000108963"	"ENSG00000108963"	7.48788826045511e-14	3.91978194123354e-12	4	1	0.717786956724211	1	1
"ENSG00000158747"	"ENSG00000158747"	1.16009310189507e-40	4.58583187131402e-12	5	1	0.67869098165757	1	1
"ENSG00000163235"	"ENSG00000163235"	3.24874875117855e-15	5.72622269065392e-12	4	1	-0.847066212216373	1	0.833333333333333
"ENSG00000115561"	"ENSG00000115561"	3.75933461776219e-52	7.50512626030614e-12	4	1	0.317150904763007	1	1
"ENSG00000111912"	"ENSG00000111912"	2.17179293456141e-22	1.46097423134536e-11	6	1	0.205049425628298	1	1
"ENSG00000148700"	"ENSG00000148700"	2.53831666914948e-18	1.64335763262982e-11	4	2	-0.608439678584717	1	1
"ENSG00000186352"	"ENSG00000186352"	5.69392927332416e-10	2.14687098966857e-11	3	1	-0.188554804588727	1	1
"ENSG00000144908"	"ENSG00000144908"	2.22947876172971e-09	2.63560652686222e-11	5	2	-0.558691195820272	1	1
"ENSG00000197930"	"ENSG00000197930"	7.80652154758807e-22	5.57720372517405e-11	4	1	-0.410437768432251	1	1
"ENSG00000257103"	"ENSG00000257103"	2.23630479613768e-60	5.72181778534587e-11	7	1	-0.614919754246476	1	1
"ENSG00000114125"	"ENSG00000114125"	1.97169239510729e-17	8.75315021273719e-11	5	1	0.332188999474397	1	1
"ENSG00000186395"	"ENSG00000186395"	1.6338103382427e-24	1.07175934560785e-10	4	1	-0.410949385309234	1	1
"ENSG00000171155"	"ENSG00000171155"	2.2423098145784e-36	1.22296970263795e-10	3	1	-0.704244990502424	1	1
"ENSG00000087903"	"ENSG00000087903"	1.4493652466759e-10	1.99388279621841e-10	5	1	0.678251355521567	1	0.833333333333333
"ENSG00000160226"	"ENSG00000160226"	3.89535377735129e-13	2.04850783284313e-10	3	1	-0.606892666600095	1	1
"ENSG00000163527"	"ENSG00000163527"	2.6786861651351e-16	2.35228757379681e-10	4	1	0.668813454217128	1	1
"ENSG00000120963"	"ENSG00000120963"	1.29003303267731e-12	2.75636122875914e-10	3	1	-0.178299866311679	1	1
"ENSG00000198355"	"ENSG00000198355"	2.06349898285976e-24	2.76133267180628e-10	4	1	0.244380187101749	1	1
"ENSG00000146072"	"ENSG00000146072"	5.86120469034996e-20	3.31104557985382e-10	3	1	0.640231998347755	1	1
"ENSG00000102738"	"ENSG00000102738"	1.10815143700861e-23	3.90320763380708e-10	4	1	0.322834322259883	1	1
"ENSG00000063854"	"ENSG00000063854"	3.58983356170879e-60	3.93993537587153e-10	4	1	-0.447880495528737	1	1
"ENSG00000177989"	"ENSG00000177989"	1.24546402352318e-08	4.28201713491715e-10	5	2	0.294183838165066	1	1
"ENSG00000169228"	"ENSG00000169228"	1.96475355398515e-13	4.64836669784644e-10	5	1	0.579527643596652	1	1
"ENSG00000198176"	"ENSG00000198176"	8.99997565145848e-15	5.02364028420473e-10	7	1	0.52670190997142	1	1
"ENSG00000110536"	"ENSG00000110536"	2.60764842839567e-20	5.07627319896658e-10	6	2	-0.491248093254073	1	1
"ENSG00000109083"	"ENSG00000109083"	2.46523882476126e-08	5.14868953782634e-10	4	2	0.458732273055128	1	1
"ENSG00000078808"	"ENSG00000078808"	7.46382909010172e-12	5.38245563119998e-10	3	1	0.22755071378123	1	1
"ENSG00000121579"	"ENSG00000121579"	1.31163904030788e-17	6.36970713370109e-10	4	2	0.588088040217368	1	1
"ENSG00000166797"	"ENSG00000166797"	1.92665266373796e-14	7.5718889454103e-10	4	1	-0.443433434288689	1	1
"ENSG00000204711"	"ENSG00000204711"	2.75614280233433e-13	8.55904755585907e-10	6	2	0.285259031379589	1	1
"ENSG00000111328"	"ENSG00000111328"	8.375878923914e-28	1.01931891844762e-09	7	1	0.397349769375792	1	1
"ENSG00000139083"	"ENSG00000139083"	4.81181978914975e-13	1.14021733426472e-09	3	1	-0.790692621820564	1	1
"ENSG00000117448"	"ENSG00000117448"	2.44832709427857e-08	1.25978533533776e-09	3	1	0.192848549129524	1	1
"ENSG00000242372"	"ENSG00000242372"	1.23157659177447e-09	1.31567582490753e-09	3	1	0.198568951315139	1	1
"ENSG00000100568"	"ENSG00000100568"	1.23612813695747e-118	1.37327213090938e-09	4	1	0.795534307495229	1	1
"ENSG00000175756"	"ENSG00000175756"	4.80207580327571e-14	3.31365593469022e-09	5	2	0.25123160738797	1	1
"ENSG00000176261"	"ENSG00000176261"	1.25598469686126e-23	3.47639204943103e-09	10	1	-0.400626183024338	1	1
"ENSG00000136682"	"ENSG00000136682"	3.42357827290744e-35	3.48015885713389e-09	9	1	-0.417828655731004	1	1
"ENSG00000044115"	"ENSG00000044115"	3.98238201562317e-20	3.53117482799503e-09	6	1	0.48895756447402	1	1
"ENSG00000154001"	"ENSG00000154001"	1.09637018889313e-28	3.53218760872210e-09	7	1	-0.898539700693591	1	0.666666666666667
"ENSG00000184110"	"ENSG00000184110"	5.88312321014004e-57	4.02227177959768e-09	4	1	0.482497160771399	1	1
"ENSG00000171604"	"ENSG00000171604"	1.93407092006045e-14	4.80945601147483e-09	5	1	-0.278945973582403	1	1
"ENSG00000129116"	"ENSG00000129116"	3.24223119425218e-13	4.9468210184075e-09	4	1	0.564034218232212	1	1
"ENSG00000102931"	"ENSG00000102931"	1.02206562706759e-14	6.38000660772475e-09	4	1	0.794002780245477	1	0.833333333333333
"ENSG00000104695"	"ENSG00000104695"	9.31123794825967e-51	6.44202966587559e-09	5	1	0.449280062941572	1	1
"ENSG00000132254"	"ENSG00000132254"	1.80649254939936e-27	1.02334432230523e-08	5	1	-0.508089655725554	1	1
"ENSG00000146731"	"ENSG00000146731"	3.62014368761538e-25	1.14946349757305e-08	4	1	0.69144583095593	1	1
"ENSG00000086666"	"ENSG00000086666"	1.14153849160443e-37	1.26102344836505e-08	9	1	0.350028623401917	1	1
"ENSG00000115641"	"ENSG00000115641"	5.26392942284376e-44	1.28991564659228e-08	6	1	0.266666590292297	1	1
"ENSG00000100162"	"ENSG00000100162"	3.93472254015036e-11	1.32954769925519e-08	4	1	-0.510207098968889	1	1
"ENSG00000182934"	"ENSG00000182934"	3.99513781570488e-11	1.43568596955716e-08	4	2	0.336617512055666	1	1
"ENSG00000166037"	"ENSG00000166037"	2.25491570655428e-16	1.62877768414226e-08	6	1	0.566044311171858	1	1
"ENSG00000146963"	"ENSG00000146963"	1.84553301709033e-25	1.73792617688228e-08	8	1	-0.457622329059332	1	1
"ENSG00000104687"	"ENSG00000104687"	3.02078173098093e-12	2.29957777575649e-08	3	1	-0.530483236474155	1	1
"ENSG00000141030"	"ENSG00000141030"	1.43432970767087e-27	2.49876351045417e-08	6	1	0.626441960709191	1	1
"ENSG00000123992"	"ENSG00000123992"	3.65913909205668e-09	2.59839059259379e-08	7	2	-0.43039859519944	1	1
"ENSG00000170876"	"ENSG00000170876"	7.45765239765578e-12	2.7212154341257e-08	3	1	0.792340414151919	1	0.833333333333333
"ENSG00000132356"	"ENSG00000132356"	1.07889306348296e-10	2.75721330184002e-08	3	1	-0.649670917659937	1	1
"ENSG00000108244"	"ENSG00000108244"	8.5391507244957e-64	3.0402377953023e-08	5	1	0.200803373735085	1	1
"ENSG00000185104"	"ENSG00000185104"	6.22509147730974e-23	3.25376072806585e-08	5	1	-0.543829221696906	1	1
"ENSG00000100979"	"ENSG00000100979"	1.66315185106753e-26	4.62414528349188e-08	4	1	-0.794173321397505	1	1
"ENSG00000154640"	"ENSG00000154640"	7.92081240868071e-12	4.9916547487274e-08	3	1	-0.222458404813879	1	1
"ENSG00000176731"	"ENSG00000176731"	1.3649634545977e-07	5.42409571673971e-08	3	2	0.241255572150982	1	1
"ENSG00000105176"	"ENSG00000105176"	1.32355966345187e-22	5.52888356205149e-08	7	3	0.379752736825212	1	0.833333333333333
"ENSG00000139644"	"ENSG00000139644"	2.08500722861539e-21	5.77080086096803e-08	3	1	-0.287885618046558	1	1
"ENSG00000157601"	"ENSG00000157601"	4.58758733756373e-51	6.27252081771394e-08	5	1	-0.269103071018903	1	1
"ENSG00000147676"	"ENSG00000147676"	1.21214326599528e-07	6.61335577470414e-08	3	2	0.241145854096536	1	1
"ENSG00000015479"	"ENSG00000015479"	9.57279740960372e-20	7.01136734071876e-08	8	2	-0.454239654870506	1	1
"ENSG00000168575"	"ENSG00000168575"	4.94138145340641e-22	7.01572032612504e-08	6	2	-0.360586447559909	1	1
"ENSG00000168310"	"ENSG00000168310"	1.08053266568339e-13	7.05636379455137e-08	5	1	0.364624280579157	1	1
"ENSG00000115540"	"ENSG00000115540"	2.69841847911759e-11	7.88557824630667e-08	3	1	-0.529761727613415	1	1
"ENSG00000127022"	"ENSG00000127022"	5.33631286023468e-32	9.50395469612674e-08	4	1	0.428064582272907	1	1
"ENSG00000173575"	"ENSG00000173575"	3.98908100861259e-17	1.26317056560484e-07	5	1	-0.483218975313671	1	1
"ENSG00000235098"	"ENSG00000235098"	1.30977770904112e-15	1.46050153803613e-07	9	1	-0.426551083617833	1	1
"ENSG00000171206"	"ENSG00000171206"	6.5687692525654e-13	1.52603149728522e-07	3	2	-0.865050121142612	1	1
"ENSG00000115129"	"ENSG00000115129"	3.93217075083703e-23	1.65210223009228e-07	9	1	-0.390761707664768	1	1
"ENSG00000229891"	"ENSG00000229891"	4.59650785056311e-07	1.74676906738454e-07	3	1	-0.717938813209183	1	1
"ENSG00000163166"	"ENSG00000163166"	2.16477338935059e-06	1.76495270582195e-07	3	2	0.439452405241678	1	1
"ENSG00000165175"	"ENSG00000165175"	4.78234994530622e-21	1.86682140608039e-07	4	1	-0.480096112169294	1	1
"ENSG00000029993"	"ENSG00000029993"	8.07178293220658e-18	1.99862154430255e-07	4	1	0.392636720849308	1	1
"ENSG00000236287"	"ENSG00000236287"	1.67754724262999e-10	2.04510307163196e-07	4	2	0.5258823655008	1	1
"ENSG00000159658"	"ENSG00000159658"	2.06050290696973e-09	2.9434233340584e-07	3	1	0.535714966243091	1	1
"ENSG00000100083"	"ENSG00000100083"	1.20005236350306e-16	2.99992177986307e-07	4	2	-0.492945330416592	1	1
"ENSG00000176945"	"ENSG00000176945"	1.42177969211428e-16	3.19966305538665e-07	6	1	-0.331139163215363	1	1
"ENSG00000094755"	"ENSG00000094755"	3.71946328713544e-15	3.37305929937391e-07	7	1	0.541701314468868	1	0.833333333333333
"ENSG00000245694"	"ENSG00000245694"	3.15209635458067e-47	4.07531660973864e-07	7	1	-0.387095397914176	1	1
"ENSG00000270647"	"ENSG00000270647"	7.34215328581759e-29	4.61086553496273e-07	7	1	-0.300307042902633	1	1
"ENSG00000143870"	"ENSG00000143870"	1.40586267827941e-28	4.7161128999008e-07	3	1	0.193555967403573	1	1
"ENSG00000187244"	"ENSG00000187244"	2.07127009816911e-32	4.8021963778154e-07	3	1	-0.261250570323449	1	1
"ENSG00000110921"	"ENSG00000110921"	1.55209864417445e-07	4.82153893496065e-07	6	2	0.306963342640937	1	1
"ENSG00000198736"	"ENSG00000198736"	1.07398849576835e-08	4.84773961716091e-07	4	1	0.402408325006337	1	1
"ENSG00000157259"	"ENSG00000157259"	1.09870634658987e-08	4.87852194897091e-07	4	1	0.472308186882735	1	1
"ENSG00000040341"	"ENSG00000040341"	1.03002273350663e-11	5.32276132313125e-07	5	1	-0.580744652922055	1	1
"ENSG00000104852"	"ENSG00000104852"	3.19031166905938e-15	5.89563361944015e-07	4	1	0.213654646361721	1	1
"ENSG00000119328"	"ENSG00000119328"	2.35829043004709e-10	7.20022373887668e-07	4	1	-0.510284857569882	1	1
"ENSG00000113712"	"ENSG00000113712"	4.06803011332635e-99	7.82533919026345e-07	9	1	-0.394834960583018	1	1
"ENSG00000100890"	"ENSG00000100890"	2.83594482279369e-07	8.10370182991874e-07	5	1	0.721717999557968	1	1
"ENSG00000174628"	"ENSG00000174628"	2.55304059601491e-16	8.45054608420652e-07	10	1	0.423304371662605	1	1
"ENSG00000178057"	"ENSG00000178057"	3.51871611766817e-20	8.60462203461934e-07	5	1	0.262590982547189	1	1
"ENSG00000168268"	"ENSG00000168268"	7.84528852766524e-06	9.36558312766497e-07	3	2	0.495937630882171	1	1
"ENSG00000139537"	"ENSG00000139537"	7.91761036714809e-13	1.00237891203806e-06	3	1	0.578323018567937	1	1
"ENSG00000110696"	"ENSG00000110696"	9.06976713510585e-06	1.00715483146165e-06	3	2	-0.213245775458184	1	1
"ENSG00000065882"	"ENSG00000065882"	1.1246291724328e-15	1.02482342280149e-06	5	1	0.659886230044333	1	1
"ENSG00000178104"	"ENSG00000178104"	5.26637148393575e-08	1.03744059772269e-06	3	1	-0.671200883437005	1	1
"ENSG00000101246"	"ENSG00000101246"	5.87261174470997e-17	1.1286939973986e-06	7	1	0.419691348245182	1	1
"ENSG00000111802"	"ENSG00000111802"	8.41406897829914e-21	1.31235259924298e-06	3	1	0.474551004428862	1	1
"ENSG00000140416"	"ENSG00000140416"	5.83892438265647e-42	1.34020118096194e-06	5	2	0.538103549276532	1	1
"ENSG00000155660"	"ENSG00000155660"	1.26913946588869e-19	1.37646386568149e-06	4	1	0.464477001896101	1	1
"ENSG00000072110"	"ENSG00000072110"	9.26836978511936e-63	1.41145050343049e-06	5	1	-0.571605528145507	1	1
"ENSG00000052126"	"ENSG00000052126"	1.15230051054537e-09	1.44345012880682e-06	4	1	-0.700623448622344	1	0.833333333333333
"ENSG00000143198"	"ENSG00000143198"	1.74072394491547e-06	1.49134227188259e-06	3	1	-0.178981165975902	1	1
"ENSG00000167397"	"ENSG00000167397"	5.06749473718713e-06	1.53158058697745e-06	5	2	-0.34865812386657	1	1
"ENSG00000163932"	"ENSG00000163932"	4.67699945527973e-13	1.76582304525004e-06	6	2	-0.263158887485076	1	1
"ENSG00000172493"	"ENSG00000172493"	2.52231307601824e-06	1.95766110911731e-06	4	1	0.63664695200765	1	1
"ENSG00000186184"	"ENSG00000186184"	1.52440279703532e-10	2.08363229902472e-06	5	2	0.340171385092044	1	1
"ENSG00000164494"	"ENSG00000164494"	3.02588271750935e-06	2.14674197874913e-06	3	2	0.524866863331157	1	1
"ENSG00000141759"	"ENSG00000141759"	1.13328761537701e-14	2.24995298887397e-06	4	1	0.630136911458209	1	1
"ENSG00000099899"	"ENSG00000099899"	3.98683696164725e-08	2.36741647756358e-06	5	1	0.643780740137552	1	1
"ENSG00000103429"	"ENSG00000103429"	2.82289057181e-16	2.7585588221018e-06	6	1	0.383561538862723	1	1
"ENSG00000157778"	"ENSG00000157778"	2.62808422577033e-37	2.82319894878322e-06	7	2	0.538875119993258	1	1
"ENSG00000067082"	"ENSG00000067082"	1.57904338950862e-18	2.83953967587298e-06	4	1	0.539744617948266	1	1
"ENSG00000134108"	"ENSG00000134108"	1.25284590331334e-07	2.85858981703902e-06	4	1	-0.586450561842602	1	1
"ENSG00000182165"	"ENSG00000182165"	1.44650951854172e-12	3.00809490997065e-06	5	2	-0.18113539152571	1	1
"ENSG00000258289"	"ENSG00000258289"	1.85378079265362e-05	3.10906110272111e-06	3	2	-0.382266830216408	1	1
"ENSG00000147274"	"ENSG00000147274"	2.25491570655428e-16	3.14128899435007e-06	4	1	0.365215819147104	1	1
"ENSG00000133275"	"ENSG00000133275"	1.31891492399913e-05	3.7969171676688e-06	3	2	0.568084429566217	1	1
"ENSG00000065809"	"ENSG00000065809"	1.59997747967475e-05	4.15571190832377e-06	7	1	0.385858459715075	1	1
"ENSG00000111142"	"ENSG00000111142"	1.58025980267208e-20	4.15653322023292e-06	7	1	0.186038787098272	1	1
"ENSG00000182670"	"ENSG00000182670"	1.67367308204042e-97	4.18352772420281e-06	10	1	-0.377212971408094	1	1
"ENSG00000019582"	"ENSG00000019582"	5.70209619520023e-08	5.06224876002373e-06	4	1	-0.586776034073462	1	1
"ENSG00000149196"	"ENSG00000149196"	2.98428293974841e-11	5.08245577347727e-06	3	1	0.316767044426724	1	1
"ENSG00000134504"	"ENSG00000134504"	1.58286527907364e-05	5.55827765164209e-06	7	2	0.349877798582887	1	1
"ENSG00000159346"	"ENSG00000159346"	5.53210595665249e-10	5.6374454884508e-06	3	1	-0.294231447736625	1	1
"ENSG00000005486"	"ENSG00000005486"	3.19021107515897e-10	5.9546237756508e-06	6	1	-0.380506538524063	1	1
"ENSG00000138069"	"ENSG00000138069"	8.14014752326521e-07	6.38996773729954e-06	5	1	0.201900998404997	1	1
"ENSG00000155438"	"ENSG00000155438"	2.53153363679209e-16	6.44511436467134e-06	4	2	0.264043915684749	1	1
"ENSG00000064601"	"ENSG00000064601"	1.3208337402461e-09	7.79016501802221e-06	5	2	-0.28810126041196	1	1
"ENSG00000012061"	"ENSG00000012061"	3.66328604570974e-13	8.09542617403717e-06	9	1	-0.465854027762157	1	1
"ENSG00000004961"	"ENSG00000004961"	4.83682513580313e-36	8.32083452075296e-06	6	1	0.759306460929959	1	1
"ENSG00000124074"	"ENSG00000124074"	1.1773056143284e-06	9.28495924090112e-06	5	1	0.444038926889161	1	1
"ENSG00000104979"	"ENSG00000104979"	1.37720809242506e-19	9.36809442954276e-06	4	2	0.893546357615938	1	1
"ENSG00000137996"	"ENSG00000137996"	2.46868330445253e-22	9.69118392570039e-06	4	1	-0.639712645709261	1	1
"ENSG00000218739"	"ENSG00000218739"	2.98152919894422e-06	1.02728696132329e-05	4	2	-0.387542403533557	1	1
"ENSG00000136830"	"ENSG00000136830"	1.2530787215131e-24	1.04684151781028e-05	5	2	0.64379588479612	1	1
"ENSG00000136261"	"ENSG00000136261"	2.7212801540382e-34	1.06474771296754e-05	6	1	0.413407913157084	1	1
"ENSG00000117528"	"ENSG00000117528"	9.04995401889998e-14	1.15929633892945e-05	4	2	0.781261833874993	1	1
"ENSG00000158435"	"ENSG00000158435"	1.03583028010175e-09	1.17711627463771e-05	5	1	0.377781635427806	1	1
"ENSG00000137274"	"ENSG00000137274"	7.38017292169633e-26	1.19132170130982e-05	4	1	0.72993788816876	1	0.833333333333333
"ENSG00000105700"	"ENSG00000105700"	7.18526568357825e-13	1.20108787033245e-05	3	1	0.34588783425422	1	1
"ENSG00000204852"	"ENSG00000204852"	2.70998867572196e-19	1.2183973643318e-05	7	2	-0.479896278692327	1	1
"ENSG00000114686"	"ENSG00000114686"	2.21790024074659e-05	1.39663491045076e-05	4	2	-0.192241551013032	1	1
"ENSG00000011009"	"ENSG00000011009"	1.03624415452573e-07	1.47658826481271e-05	5	1	0.391876608565108	1	1
"ENSG00000203667"	"ENSG00000203667"	4.68805336211468e-08	1.55560604740586e-05	5	1	-0.465623860494942	1	1
"ENSG00000102030"	"ENSG00000102030"	2.14910260709831e-11	1.59209648420994e-05	4	2	-0.840306284996521	1	0.833333333333333
"ENSG00000110619"	"ENSG00000110619"	1.77585962371819e-13	1.70883885058135e-05	6	2	-0.459663146951424	1	1
"ENSG00000167543"	"ENSG00000167543"	8.02490026719071e-13	1.81473567691088e-05	4	1	0.323113375103904	1	1
"ENSG00000260916"	"ENSG00000260916"	4.85812960642797e-14	1.90559229706622e-05	4	1	-0.475530624073675	1	1
"ENSG00000133318"	"ENSG00000133318"	8.03278257941765e-12	2.25970446784575e-05	4	1	-0.265992927191578	1	1
"ENSG00000115685"	"ENSG00000115685"	3.02031625408106e-21	2.31962449509191e-05	5	1	0.391526263159681	1	1
"ENSG00000124596"	"ENSG00000124596"	6.28019337832312e-27	2.3830556192621e-05	11	1	-0.296608660807827	1	1
"ENSG00000269858"	"ENSG00000269858"	8.23487278237957e-07	2.56318363633895e-05	5	1	0.211857492266737	1	1
"ENSG00000170873"	"ENSG00000170873"	1.24430664806767e-06	2.92811879589686e-05	5	1	0.362426789368693	1	1
"ENSG00000186480"	"ENSG00000186480"	0.000172521307045986	3.30977481586189e-05	3	2	0.344645875192693	1	1
"ENSG00000176597"	"ENSG00000176597"	3.2234954787728e-14	3.31946473792763e-05	4	1	0.82447784214031	1	0.666666666666667
"ENSG00000124882"	"ENSG00000124882"	6.60210385507116e-05	3.37910096638079e-05	3	1	0.580979168962214	1	1
"ENSG00000105281"	"ENSG00000105281"	4.70124766571719e-14	3.58386172140148e-05	4	1	0.211124129551609	1	1
"ENSG00000039068"	"ENSG00000039068"	2.55197261666439e-21	3.61916106325272e-05	6	1	0.582855820777984	1	1
"ENSG00000183255"	"ENSG00000183255"	4.43480221955618e-13	3.82979524448384e-05	4	1	-0.442331996232027	1	1
"ENSG00000134779"	"ENSG00000134779"	2.81701100265279e-33	4.14027822755082e-05	8	1	0.361812928400006	1	1
"ENSG00000122877"	"ENSG00000122877"	1.53608075423506e-05	4.14307031794304e-05	4	1	-0.719528698337003	1	0.833333333333333
"ENSG00000183426"	"ENSG00000183426"	2.31851973012197e-11	4.338815892696e-05	4	2	-0.762761484941137	1	1
"ENSG00000148248"	"ENSG00000148248"	5.24128867666239e-18	4.63159998025089e-05	7	2	0.278065035496236	1	1
"ENSG00000160972"	"ENSG00000160972"	0.000296221512494285	4.74510516979035e-05	3	3	0.330509903699243	1	1
"ENSG00000099849"	"ENSG00000099849"	3.60488279064256e-11	4.84922024590738e-05	8	1	0.301018371794005	1	1
"ENSG00000182979"	"ENSG00000182979"	4.8980246880532e-17	5.37686862740103e-05	7	1	0.40624882095071	1	1
"ENSG00000083896"	"ENSG00000083896"	8.7836677123973e-30	5.58085440591631e-05	7	1	-0.338246233410704	1	1
"ENSG00000185651"	"ENSG00000185651"	8.3349282301697e-05	5.65931158535851e-05	3	1	0.539725980475637	1	1
"ENSG00000143502"	"ENSG00000143502"	3.23368098497733e-11	5.80078055827134e-05	6	1	-0.407274592515553	1	1
"ENSG00000196576"	"ENSG00000196576"	1.5926973809056e-45	6.09820240317719e-05	8	1	0.499999582824874	1	1
"ENSG00000104419"	"ENSG00000104419"	3.80687607878049e-07	6.11330041135444e-05	7	1	0.226962251599712	1	1
"ENSG00000114638"	"ENSG00000114638"	0.000223942066254065	6.20866276372052e-05	3	1	-0.186170127899328	1	1
"ENSG00000123472"	"ENSG00000123472"	7.58994582583119e-08	6.285194405828e-05	6	2	0.405644525902032	1	1
"ENSG00000149658"	"ENSG00000149658"	5.21638689692154e-05	6.29744923294246e-05	4	1	0.56300636427964	1	1
"ENSG00000125505"	"ENSG00000125505"	2.2148022286604e-05	6.45080565796818e-05	5	1	0.548253419232098	1	1
"ENSG00000186522"	"ENSG00000186522"	1.08110280066635e-12	6.69935700774989e-05	5	1	-0.647290812040636	1	1
"ENSG00000134363"	"ENSG00000134363"	2.77498196508072e-06	6.74419703956691e-05	3	1	-0.453968518415113	1	1
"ENSG00000132376"	"ENSG00000132376"	2.47823973102113e-06	7.16534814469686e-05	3	1	-0.500678718062757	1	1
"ENSG00000151715"	"ENSG00000151715"	1.69683188169867e-05	7.25125064248945e-05	4	2	0.288094556955751	1	1
"ENSG00000071051"	"ENSG00000071051"	1.9632954131536e-07	7.36768768278021e-05	5	1	0.506595687890053	1	0.833333333333333
"ENSG00000257923"	"ENSG00000257923"	1.00687457012907e-09	7.40005472826256e-05	5	2	0.38295013732301	1	1
"ENSG00000150779"	"ENSG00000150779"	4.19632421261719e-25	7.56904161444108e-05	5	2	-0.276022765194232	1	1
"ENSG00000142599"	"ENSG00000142599"	4.91797452221958e-08	7.58877927712769e-05	5	1	0.43085564465585	1	1
"ENSG00000113812"	"ENSG00000113812"	2.35449995128632e-05	7.71700696379241e-05	3	1	-0.557603013712293	1	1
"ENSG00000100926"	"ENSG00000100926"	6.41920397146119e-20	7.90198128951343e-05	5	1	-0.286027009254063	1	1
"ENSG00000108604"	"ENSG00000108604"	3.02416052263559e-05	9.45385190706917e-05	3	1	0.438830181184305	1	1
"ENSG00000013374"	"ENSG00000013374"	4.33156967375958e-10	9.97602510455666e-05	3	1	0.507266334562075	1	1
"ENSG00000103415"	"ENSG00000103415"	1.24817378212858e-25	0.000103164294123788	7	1	0.359342020969819	1	1
"ENSG00000135919"	"ENSG00000135919"	0.00015050857337002	0.000103692610722865	3	2	-0.447858190560791	1	1
"ENSG00000171124"	"ENSG00000171124"	1.47468665621631e-10	0.000104845437044006	8	1	0.230949918976948	1	1
"ENSG00000185813"	"ENSG00000185813"	2.32050806482291e-23	0.000105101439215215	8	1	-0.428571551508367	1	1
"ENSG00000157954"	"ENSG00000157954"	7.69882843703371e-18	0.000108484334119919	10	1	-0.322292704478432	1	1
"ENSG00000205707"	"ENSG00000205707"	0.000113577969156379	0.000110150010516806	3	2	-0.201053394445402	1	1
"ENSG00000112237"	"ENSG00000112237"	3.75490080929695e-13	0.000117577013504683	6	1	-0.281662281032918	1	1
"ENSG00000162949"	"ENSG00000162949"	0.00130311179068588	0.00011939451790529	4	1	-0.194326075075419	1	1
"ENSG00000132485"	"ENSG00000132485"	2.79835716369547e-06	0.00012059872740711	3	1	-0.366336121638317	1	1
"ENSG00000090487"	"ENSG00000090487"	2.57176083617698e-14	0.00012413258948291	5	1	0.304097915066572	1	1
"ENSG00000175575"	"ENSG00000175575"	1.58286527907364e-05	0.000134123239743012	6	1	0.300145379159321	1	1
"ENSG00000169220"	"ENSG00000169220"	3.79576846600977e-20	0.00013994028776903	6	1	0.321618381580028	1	1
"ENSG00000114209"	"ENSG00000114209"	3.18679963793794e-08	0.000146550461955828	4	1	0.241209321191166	1	1
"ENSG00000135363"	"ENSG00000135363"	1.13345784449362e-47	0.000148581772749856	9	1	-0.295728509926563	1	1
"ENSG00000100379"	"ENSG00000100379"	0.00352044366503421	0.000149767263895752	5	1	0.379508429221446	1	1
"ENSG00000136802"	"ENSG00000136802"	8.64217414917954e-05	0.000166273725856086	3	2	-0.41553328577606	1	1
"ENSG00000132676"	"ENSG00000132676"	7.42629582984011e-05	0.00017345668525006	8	1	-0.352442426624883	1	1
"ENSG00000132155"	"ENSG00000132155"	4.22587957519002e-05	0.000181173763133543	4	1	0.453234295713748	1	1
"ENSG00000115514"	"ENSG00000115514"	7.00794336734202e-10	0.000185583150850529	3	1	-0.253084698995008	1	1
"ENSG00000152439"	"ENSG00000152439"	0.000201591670034991	0.000189562634533177	3	1	0.712974054260948	1	0.666666666666667
"ENSG00000122218"	"ENSG00000122218"	1.30410417260612e-07	0.000190466359066181	5	1	-0.530040663490452	1	1
"ENSG00000124155"	"ENSG00000124155"	1.33316615566624e-08	0.000193157302007789	4	1	0.314599611090461	1	1
"ENSG00000155329"	"ENSG00000155329"	1.33051209922479e-08	0.000204673269357367	8	1	0.326620723516634	1	1
"ENSG00000128699"	"ENSG00000128699"	2.09473258445933e-24	0.000207441648111052	5	1	0.563680660443674	1	1
"ENSG00000156256"	"ENSG00000156256"	2.30182754728772e-17	0.000210266353237155	7	1	-0.404344550229358	1	1
"ENSG00000103194"	"ENSG00000103194"	1.80162181924973e-08	0.000212453912830504	4	1	0.396985127593542	1	1
"ENSG00000122861"	"ENSG00000122861"	3.03404140239055e-06	0.000213004159200302	5	1	-0.300674601229041	1	1
"ENSG00000136827"	"ENSG00000136827"	0.000568085650327864	0.000213147991728489	3	1	0.232203409001453	1	1
"ENSG00000162981"	"ENSG00000162981"	0.0019621838552466	0.000215295972646241	3	2	0.331297354359562	1	1
"ENSG00000168066"	"ENSG00000168066"	9.56845629733006e-21	0.00023176220679689	5	1	0.20276446513387	1	1
"ENSG00000069509"	"ENSG00000069509"	1.59118250516561e-17	0.000247773314962429	4	1	0.643220930502241	1	1
"ENSG00000108590"	"ENSG00000108590"	5.54221904434195e-08	0.000256888147310218	3	1	0.729632981531198	1	0.833333333333333
"ENSG00000198960"	"ENSG00000198960"	1.81419595000244e-14	0.000258666680202527	6	1	-0.598690932866266	1	1
"ENSG00000156515"	"ENSG00000156515"	5.18873573381735e-08	0.000260981274135659	3	1	-0.261107585999589	1	1
"ENSG00000197728"	"ENSG00000197728"	0.000777817208505683	0.000261047225955554	3	2	-0.264109318914448	1	1
"ENSG00000141298"	"ENSG00000141298"	1.38876921069774e-06	0.000273154241832873	5	2	0.259215490962551	1	1
"ENSG00000105388"	"ENSG00000105388"	0.000709697191801651	0.000281035067387352	4	2	0.659165273649799	1	1
"ENSG00000114353"	"ENSG00000114353"	2.22666425131014e-05	0.000282201911164524	3	1	0.177289850456426	1	1
"ENSG00000187054"	"ENSG00000187054"	1.95936116314437e-06	0.000293992814144843	4	1	-0.723840625147409	1	0.666666666666667
"ENSG00000068438"	"ENSG00000068438"	1.59103071874631e-05	0.000296173394761172	4	2	0.333194632461893	1	1
"ENSG00000001084"	"ENSG00000001084"	5.76899228269902e-46	0.000296194634157519	6	1	-0.398151193374154	1	1
"ENSG00000196591"	"ENSG00000196591"	6.24113668637814e-19	0.000306560073594917	4	2	0.219111375890877	1	1
"ENSG00000096872"	"ENSG00000096872"	2.233867882766e-05	0.000307275508175178	6	1	-0.565543851669472	1	1
"ENSG00000101782"	"ENSG00000101782"	3.12851181553918e-26	0.000318651892552154	6	1	0.660700287073027	1	1
"ENSG00000163001"	"ENSG00000163001"	8.03278257941765e-12	0.000327861420337624	4	1	0.460141038822247	1	1
"ENSG00000107164"	"ENSG00000107164"	5.13909515658591e-07	0.000357515219366701	3	1	-0.311706239117723	1	1
"ENSG00000176095"	"ENSG00000176095"	5.08037884145012e-09	0.000358136050356032	4	1	-0.53333604501576	1	1
"ENSG00000133265"	"ENSG00000133265"	4.74341759265635e-05	0.000362548493526819	4	1	0.380036443521112	1	1
"ENSG00000189171"	"ENSG00000189171"	2.57897372381029e-14	0.000364503963537955	4	2	-0.225621615650593	1	1
"ENSG00000122643"	"ENSG00000122643"	4.50393265990922e-11	0.000368584461442467	7	1	0.260942379812595	1	1
"ENSG00000186468"	"ENSG00000186468"	0.00394773812954204	0.000369345278046866	4	2	0.209650081896345	1	1
"ENSG00000206199"	"ENSG00000206199"	0.000268338954866294	0.000381658719113227	5	1	0.377115252484773	1	1
"ENSG00000149231"	"ENSG00000149231"	8.7016442389194e-05	0.000388405022409457	3	1	-0.708971599786341	1	0.666666666666667
"ENSG00000173039"	"ENSG00000173039"	1.47654932421169e-11	0.000396352879159666	5	1	0.662983470167214	1	1
"ENSG00000157764"	"ENSG00000157764"	2.91835828895866e-11	0.000403954121393354	6	1	0.51569658866663	1	1
"ENSG00000108588"	"ENSG00000108588"	0.00180468360341901	0.000423773652762829	3	1	-0.230011239514095	1	1
"ENSG00000126602"	"ENSG00000126602"	0.00146375198209587	0.000467095143925246	3	2	-0.204437839726735	1	1
"ENSG00000060237"	"ENSG00000060237"	1.75659032572452e-33	0.000478189086182949	8	1	-0.644018681896713	1	1
"ENSG00000072364"	"ENSG00000072364"	2.07628125165468e-09	0.000526464472184313	5	1	0.355984771183896	1	1
"ENSG00000105357"	"ENSG00000105357"	1.64354305367779e-17	0.000529916583232546	5	1	0.491795222780747	1	1
"ENSG00000125850"	"ENSG00000125850"	0.000579865812625793	0.000543405474702864	4	1	0.268006938159066	1	1
"ENSG00000092621"	"ENSG00000092621"	0.00276882066300957	0.00054710435760694	3	2	0.248697345819783	1	1
"ENSG00000125652"	"ENSG00000125652"	0.00342775364736162	0.000556990086171618	3	1	0.200581394968201	1	1
"ENSG00000145687"	"ENSG00000145687"	1.5015899027727e-09	0.000558703967013768	6	1	0.311792542706262	1	1
"ENSG00000168026"	"ENSG00000168026"	0.000947728952482082	0.000568521467193298	4	1	0.669531915396142	1	0.833333333333333
"ENSG00000184640"	"ENSG00000184640"	1.62105082984462e-33	0.000646179050006685	7	1	0.507433663038407	1	1
"ENSG00000172239"	"ENSG00000172239"	8.12741441882435e-41	0.00066795946747496	6	1	0.301698186785362	1	1
"ENSG00000106330"	"ENSG00000106330"	0.00125707485189327	0.000671588834760332	3	1	-0.223782503073429	1	1
"ENSG00000136436"	"ENSG00000136436"	5.00211503330228e-12	0.000682562213508528	6	2	0.621414811174259	1	0.833333333333333
"ENSG00000142867"	"ENSG00000142867"	1.90540484315774e-05	0.000691444905741962	3	1	0.219097249883917	1	1
"ENSG00000178719"	"ENSG00000178719"	0.000696175824682038	0.000721417669991211	3	1	-0.646990567727313	0.833333333333333	0.833333333333333
"ENSG00000271109"	"ENSG00000271109"	0.000136852068309228	0.000725364414566774	4	1	-0.679100274952073	1	0.833333333333333
"ENSG00000113163"	"ENSG00000113163"	8.28596753329858e-07	0.000735581262566804	5	2	-0.252061250522717	1	1
"ENSG00000101911"	"ENSG00000101911"	7.84528852766524e-06	0.000772767258241213	3	1	-0.260693347216642	1	1
"ENSG00000108784"	"ENSG00000108784"	7.62029146020404e-05	0.000781973517525106	4	1	0.313936881242741	1	1
"ENSG00000129226"	"ENSG00000129226"	6.16649118054938e-09	0.000795389627345495	3	1	-0.487054171911051	1	0.833333333333333
"ENSG00000165698"	"ENSG00000165698"	1.97457059746297e-05	0.000802293460026561	4	1	0.371703917637365	1	1
"ENSG00000183346"	"ENSG00000183346"	0.000979103929260567	0.000807754761085543	5	1	0.213466568554645	1	1
"ENSG00000135245"	"ENSG00000135245"	0.0045693870904981	0.000928143908198766	3	2	-0.184646442465605	1	1
"ENSG00000107581"	"ENSG00000107581"	3.32464486688774e-12	0.00103276958395899	4	1	-0.519461248095267	1	1
"ENSG00000120805"	"ENSG00000120805"	1.89363448780861e-05	0.00103402132888264	3	1	0.215569314794481	1	1
"ENSG00000141580"	"ENSG00000141580"	1.50553824421086e-05	0.00104278576794791	4	1	0.224271101992255	1	1
"ENSG00000121310"	"ENSG00000121310"	5.7481469345929e-12	0.00113848593629496	7	1	0.308149434843088	1	1
"ENSG00000198729"	"ENSG00000198729"	9.26242912338302e-20	0.00116256691287807	4	1	-0.311012922788265	1	1
"ENSG00000110721"	"ENSG00000110721"	0.00200646118049891	0.00120096239695922	3	1	0.593866635990016	1	0.833333333333333
"ENSG00000130349"	"ENSG00000130349"	3.44271291651086e-13	0.00120520604706677	4	1	0.739781220187284	1	1
"ENSG00000144659"	"ENSG00000144659"	5.605854591818e-06	0.00121924487165409	4	1	-0.664172887528576	1	0.833333333333333
"ENSG00000185049"	"ENSG00000185049"	8.92420446560787e-07	0.00122874126346835	5	1	0.53192436857889	1	1
"ENSG00000141971"	"ENSG00000141971"	0.000288537930171605	0.00126857710659349	3	1	-0.205673672539854	1	1
"ENSG00000124214"	"ENSG00000124214"	1.14933545141597e-19	0.0012699928168964	7	1	-0.163287622847986	1	1
"ENSG00000126698"	"ENSG00000126698"	5.67753143897758e-06	0.0013026782080681	3	1	-0.183644994712826	1	1
"ENSG00000139323"	"ENSG00000139323"	1.37815756613286e-11	0.00138224203180729	3	1	0.839639686404832	1	1
"ENSG00000013563"	"ENSG00000013563"	1.62927330492307e-07	0.00139706796270601	4	1	-0.445764678126214	1	1
"ENSG00000105865"	"ENSG00000105865"	0.00115754476739581	0.00149327613221127	4	1	0.565381707854343	1	1
"ENSG00000137492"	"ENSG00000137492"	0.00261955331174054	0.00155086429143652	6	1	0.373758358777132	1	1
"ENSG00000168374"	"ENSG00000168374"	1.72749467692391e-08	0.00157680392288682	3	1	-0.167874981771928	1	1
"ENSG00000153066"	"ENSG00000153066"	0.00722892895763068	0.00161338784313501	3	2	0.601199095456849	1	0.833333333333333
"ENSG00000122884"	"ENSG00000122884"	5.7561929206923e-08	0.00164737172896193	5	1	0.687872407871957	1	0.833333333333333
"ENSG00000135924"	"ENSG00000135924"	0.000970232586191538	0.00165580846119385	3	1	0.194015682496574	1	1
"ENSG00000070731"	"ENSG00000070731"	3.12851181553918e-26	0.00171454950173267	9	1	0.367516305537339	1	1
"ENSG00000197756"	"ENSG00000197756"	0.00835572306122099	0.00171711349313733	3	1	-0.51468525473263	1	1
"ENSG00000166411"	"ENSG00000166411"	0.000174903940071679	0.00173498888077823	4	1	-0.394798755250595	1	1
"ENSG00000135750"	"ENSG00000135750"	2.00901197430755e-09	0.0017528114157008	3	1	0.397152736973047	1	1
"ENSG00000088726"	"ENSG00000088726"	2.44288303257258e-07	0.00176789632813313	6	3	-0.24481473712755	1	1
"ENSG00000070190"	"ENSG00000070190"	8.16242708062438e-06	0.00177694054112414	3	1	-0.47960185451291	1	1
"ENSG00000115694"	"ENSG00000115694"	2.53170269739835e-26	0.00177961150373407	8	1	-0.457516603459443	1	1
"ENSG00000108587"	"ENSG00000108587"	2.84792578981134e-24	0.00186010972870613	5	1	-0.420137999912793	1	1
"ENSG00000153113"	"ENSG00000153113"	6.55672032571127e-27	0.00187262678424139	12	1	0.328947086002703	1	1
"ENSG00000156675"	"ENSG00000156675"	3.92630432609633e-05	0.00191881385990099	3	1	-0.316713533037252	1	1
"ENSG00000237441"	"ENSG00000237441"	0.00986904677878731	0.00198284577328019	3	2	-0.413652487590065	1	1
"ENSG00000138668"	"ENSG00000138668"	8.88168217230174e-11	0.00199430050317725	7	1	0.167051660626135	1	1
"ENSG00000107643"	"ENSG00000107643"	0.00120739049255585	0.00203186406020968	5	1	0.504913342320627	1	0.833333333333333
"ENSG00000099958"	"ENSG00000099958"	0.00564663385831048	0.00205914806142902	5	1	0.715679421925058	0.833333333333333	0.666666666666667
"ENSG00000108423"	"ENSG00000108423"	1.96743278075868e-07	0.0020777535387664	6	1	0.52742015379806	0.833333333333333	0.5
"ENSG00000231925"	"ENSG00000231925"	2.57369864870385e-24	0.00212645173619872	6	4	-0.897332375909325	1	1
"ENSG00000132716"	"ENSG00000132716"	7.57237816612605e-11	0.00212660021998816	6	1	-0.744234664751969	1	0.833333333333333
"ENSG00000112312"	"ENSG00000112312"	0.00913205396581864	0.00212916280995435	3	2	-0.244123706728257	1	1
"ENSG00000145632"	"ENSG00000145632"	2.14841644250287e-11	0.0021636263072709	4	1	0.277857300968618	1	1
"ENSG00000162819"	"ENSG00000162819"	8.48584128556567e-19	0.00219384089187212	6	1	-0.547573020553607	1	1
"ENSG00000116679"	"ENSG00000116679"	2.96270774777852e-19	0.00228492011299189	5	1	-0.507143699198283	1	1
"ENSG00000137500"	"ENSG00000137500"	2.85391904465827e-24	0.00231710887248989	9	1	0.535499607516502	1	1
"ENSG00000214046"	"ENSG00000214046"	4.54920293666924e-11	0.0023399078315202	6	1	0.252756992347633	1	1
"ENSG00000006118"	"ENSG00000006118"	2.55785769098692e-08	0.00237576881969823	3	1	-0.289137764394564	1	1
"ENSG00000087470"	"ENSG00000087470"	0.00305572637170563	0.00255886807317447	3	1	-0.610514467654554	1	0.833333333333333
"ENSG00000134398"	"ENSG00000134398"	0.0113107412595003	0.0025884936800857	3	1	0.313970381703194	1	1
"ENSG00000068120"	"ENSG00000068120"	2.98118992851965e-13	0.00259955216467035	5	1	0.263213598182896	1	1
"ENSG00000160211"	"ENSG00000160211"	0.000282126617150153	0.00260607852904372	4	1	0.295709899484251	1	1
"ENSG00000151929"	"ENSG00000151929"	1.47207158152852e-08	0.00262797442729417	4	1	-0.3142126729861	1	1
"ENSG00000152767"	"ENSG00000152767"	0.000176223839292744	0.00266828822982124	4	1	-0.226634761930631	1	1
"ENSG00000163597"	"ENSG00000163597"	8.51250051360618e-83	0.00267788678199294	10	1	0.228195459146479	1	1
"ENSG00000125166"	"ENSG00000125166"	1.35482267033421e-07	0.0026905501361614	4	1	-0.224951229078785	1	1
"ENSG00000180098"	"ENSG00000180098"	0.00398566187381994	0.00269853509006865	6	1	0.244318568074602	1	1
"ENSG00000138386"	"ENSG00000138386"	0.000131060136730621	0.00273106088425844	4	1	0.580129204818424	1	0.833333333333333
"ENSG00000197451"	"ENSG00000197451"	7.29034199376688e-05	0.00273139342026932	4	1	0.181852244610733	1	1
"ENSG00000108639"	"ENSG00000108639"	0.012971436588593	0.00276068850546399	3	2	-0.190861683352797	1	1
"ENSG00000161921"	"ENSG00000161921"	5.98962438598596e-20	0.00276599665942288	7	1	0.218121668783514	1	1
"ENSG00000184182"	"ENSG00000184182"	9.49617335450268e-13	0.00278539313954192	5	1	0.44088683968469	1	1
"ENSG00000100124"	"ENSG00000100124"	0.00127019556949566	0.00278939022523081	5	1	0.414582666430655	1	1
"ENSG00000069812"	"ENSG00000069812"	0.00192193221141191	0.00286467511873639	3	1	-0.626471268647617	1	0.833333333333333
"ENSG00000276234"	"ENSG00000276234"	0.00265844344770821	0.00286725531767869	4	1	0.680328033536015	1	0.833333333333333
"ENSG00000135148"	"ENSG00000135148"	4.68944403558505e-07	0.00289579512849097	3	1	0.615209901113296	1	1
"ENSG00000154102"	"ENSG00000154102"	0.0126563558472676	0.0029093773299106	3	1	0.166242475088363	1	1
"ENSG00000163161"	"ENSG00000163161"	0.00529281954102401	0.00298917096361835	3	2	0.359523439852938	1	1
"ENSG00000081154"	"ENSG00000081154"	9.01388005837026e-08	0.00301374738108781	5	1	-0.198863738230981	1	1
"ENSG00000161896"	"ENSG00000161896"	1.15632027877114e-05	0.00307160500621946	3	1	0.709078498279151	1	0.666666666666667
"ENSG00000166471"	"ENSG00000166471"	0.000260630338069514	0.00307196018446199	3	1	0.481676704528333	1	1
"ENSG00000180900"	"ENSG00000180900"	1.63789288335547e-16	0.00326525404085798	9	1	0.335062376725145	1	1
"ENSG00000136235"	"ENSG00000136235"	0.000152893993914946	0.00329593983237361	6	1	-0.223853816229362	1	1
"ENSG00000069943"	"ENSG00000069943"	0.00665593134726068	0.00337467989064863	5	1	-0.679484923974165	1	0.833333333333333
"ENSG00000151491"	"ENSG00000151491"	4.42624117221542e-05	0.00358238398727153	4	1	0.305768237813555	1	1
"ENSG00000113161"	"ENSG00000113161"	5.66715515829988e-16	0.00361656458184083	6	1	0.431816315045155	1	1
"ENSG00000204574"	"ENSG00000204574"	2.6243388827471e-14	0.00368062118581668	4	1	0.833929073018819	1	0.666666666666667
"ENSG00000186665"	"ENSG00000186665"	0.00503783298379223	0.00372157663452412	5	1	0.652310034112607	1	1
"ENSG00000177917"	"ENSG00000177917"	0.00123337023128616	0.00381160685371471	4	1	-0.325863838481391	1	1
"ENSG00000159714"	"ENSG00000159714"	4.29459265394652e-05	0.00386771806896049	7	1	-0.281660168128409	1	1
"ENSG00000108946"	"ENSG00000108946"	2.32376539682258e-12	0.00387303235168407	6	2	0.352001015360557	1	0.833333333333333
"ENSG00000122642"	"ENSG00000122642"	0.000151219903452001	0.0038831473897073	3	1	0.485203119037761	1	1
"ENSG00000002586"	"ENSG00000002586"	2.00320993319116e-05	0.00389436483204036	3	1	-0.178639007807422	1	1
"ENSG00000119537"	"ENSG00000119537"	0.00142758697857088	0.0039340642170501	3	1	-0.241005119212446	1	1
"ENSG00000188603"	"ENSG00000188603"	7.20862983274895e-10	0.00397802929271617	4	1	0.258583867201017	1	1
"ENSG00000078618"	"ENSG00000078618"	1.94912247201059e-06	0.00420424410560188	6	1	-0.276266743454391	1	1
"ENSG00000256683"	"ENSG00000256683"	0.0180595994017432	0.00424247998079666	3	2	0.322843865031648	1	1
"ENSG00000119950"	"ENSG00000119950"	2.83165933711417e-07	0.00432896613454525	6	1	-0.273072497749911	1	1
"ENSG00000137494"	"ENSG00000137494"	3.29384512250774e-09	0.00438361616249242	3	1	-0.911982514636397	1	0.833333333333333
"ENSG00000118096"	"ENSG00000118096"	0.00554600433436341	0.00440344244146917	3	1	0.359477073921106	1	1
"ENSG00000167380"	"ENSG00000167380"	2.87636374482762e-05	0.00442796191933393	7	1	0.304638281205635	1	1
"ENSG00000066697"	"ENSG00000066697"	3.72095637537438e-09	0.00447736316824458	6	1	0.432500617941275	1	0.833333333333333
"ENSG00000081721"	"ENSG00000081721"	9.39667162057107e-15	0.004623508015679	3	1	0.482899907043741	1	1
"ENSG00000095383"	"ENSG00000095383"	0.000154449891814552	0.00469232814874767	4	1	0.226975382160683	1	1
"ENSG00000213563"	"ENSG00000213563"	1.51102487410455e-07	0.0048351697161137	4	1	0.246227747628607	1	1
"ENSG00000108349"	"ENSG00000108349"	3.82452617905857e-06	0.00490541836884183	5	1	-0.366638476298144	1	1
"ENSG00000177106"	"ENSG00000177106"	0.00563862398703768	0.00507962655074061	8	1	0.187158759541618	1	1
"ENSG00000172058"	"ENSG00000172058"	0.0167955339493734	0.00515560365110315	3	1	0.227775765766745	1	1
"ENSG00000129158"	"ENSG00000129158"	0.00890062512958476	0.00525716144223	4	1	0.427527514154074	1	1
"ENSG00000100462"	"ENSG00000100462"	0.000577633151147929	0.00531384444508107	4	1	-0.358094606469338	1	1
"ENSG00000114416"	"ENSG00000114416"	4.33412819798433e-07	0.00541871520389132	9	1	-0.169520844798599	1	1
"ENSG00000196169"	"ENSG00000196169"	0.00644690487455302	0.00544357623050901	4	2	0.449832747871085	1	1
"ENSG00000205133"	"ENSG00000205133"	0.00366342373227729	0.00555042329858634	7	1	0.418430955978307	1	1
"ENSG00000248508"	"ENSG00000248508"	2.87499322639843e-05	0.00582512030659262	4	1	0.632934176828884	1	0.833333333333333
"ENSG00000108219"	"ENSG00000108219"	0.00132387353437796	0.00583420341955661	4	1	0.435025048163163	1	1
"ENSG00000176444"	"ENSG00000176444"	0.013421400682602	0.00587031891178939	3	1	-0.510619710702348	1	0.833333333333333
"ENSG00000071626"	"ENSG00000071626"	3.62424806761854e-09	0.00601524565372057	5	1	0.28303120816347	1	1
"ENSG00000070476"	"ENSG00000070476"	0.00835816679962612	0.00612078564079957	4	1	0.363035225206847	1	1
"ENSG00000128510"	"ENSG00000128510"	1.52558626808274e-13	0.00614736063458215	6	1	0.602113795203206	1	1
"ENSG00000149179"	"ENSG00000149179"	0.000901115451486727	0.00618628254182057	8	1	0.224308887914897	1	1
"ENSG00000184432"	"ENSG00000184432"	3.52002089069289e-06	0.00623136061112471	3	1	-0.160697793735044	1	1
"ENSG00000164548"	"ENSG00000164548"	3.11533121615011e-10	0.00627408229383295	4	1	0.4792584170801	1	1
"ENSG00000177830"	"ENSG00000177830"	1.57318824309313e-17	0.00627936633561691	5	1	-0.607043115415941	1	1
"ENSG00000183742"	"ENSG00000183742"	3.46832979226765e-23	0.0063192933134258	9	2	-0.439984414795893	1	1
"ENSG00000160993"	"ENSG00000160993"	2.12449405631606e-07	0.00634751423948144	4	1	0.473596025404092	1	1
"ENSG00000143401"	"ENSG00000143401"	6.22772156713435e-05	0.00637026972731513	5	1	-0.446610516125176	1	1
"ENSG00000140575"	"ENSG00000140575"	1.56139423060526e-13	0.00638792145740665	4	1	0.390128363442193	1	1
"ENSG00000131844"	"ENSG00000131844"	3.02961539143193e-14	0.00643182382409975	6	2	0.694360488334688	1	1
"ENSG00000149043"	"ENSG00000149043"	0.00198699168309456	0.00680928885505751	7	1	-0.223875066211884	1	1
"ENSG00000177963"	"ENSG00000177963"	1.91817069883771e-16	0.00697731397182207	9	1	0.362798628753068	1	1
"ENSG00000177410"	"ENSG00000177410"	0.00150090656024352	0.00698500794118284	4	1	-0.164340403794431	1	1
"ENSG00000135932"	"ENSG00000135932"	0.0309484382761059	0.00712482549427108	3	1	-0.164714685218378	1	1
"ENSG00000225973"	"ENSG00000225973"	0.0188276668643471	0.00713168965029689	4	1	-0.27141800423472	1	1
"ENSG00000105856"	"ENSG00000105856"	8.3505998528426e-14	0.00730838714420171	4	1	-0.327346984085221	1	1
"ENSG00000166352"	"ENSG00000166352"	5.12189321948679e-12	0.0073284917537587	7	1	-0.202897219420765	1	1
"ENSG00000141349"	"ENSG00000141349"	0.00120808790731038	0.00745054745455784	4	1	0.45022696809531	1	1
"ENSG00000073792"	"ENSG00000073792"	0.0109591207883684	0.00754368959929624	3	1	0.221515223609763	1	1
"ENSG00000050820"	"ENSG00000050820"	3.65913909205668e-09	0.00754916726103957	7	1	0.369503530625022	1	1
"ENSG00000103067"	"ENSG00000103067"	3.46767627299914e-06	0.00755391405451712	6	1	0.54806491545562	1	0.833333333333333
"ENSG00000204054"	"ENSG00000204054"	7.12975006210308e-07	0.00756945995464216	8	1	-0.171096078530923	1	1
"ENSG00000106263"	"ENSG00000106263"	0.00893454589286905	0.00768294932197052	4	1	-0.226855004100572	1	1
"ENSG00000170788"	"ENSG00000170788"	2.67624147138769e-07	0.0077610779465004	7	1	0.5	1	0.833333333333333
"ENSG00000155287"	"ENSG00000155287"	0.00020849262151743	0.00783575501148177	3	1	0.280319371210368	1	1
"ENSG00000144802"	"ENSG00000144802"	5.59132228174448e-13	0.00806034963827594	7	1	0.411035181748039	1	1
"ENSG00000175482"	"ENSG00000175482"	4.40551000341446e-17	0.00812348901219564	9	1	0.229172035325551	1	1
"ENSG00000100949"	"ENSG00000100949"	0.00068771103875511	0.00817424172898888	4	1	-0.348172283632176	1	1
"ENSG00000107960"	"ENSG00000107960"	0.000191185936535606	0.00819416677421027	4	1	0.203670183312515	1	1
"ENSG00000103942"	"ENSG00000103942"	6.88891166161142e-06	0.00837925830137033	4	1	-0.165507892889043	1	1
"ENSG00000151023"	"ENSG00000151023"	1.53844253022295e-07	0.00839853917946687	3	1	-0.251569669148805	1	1
"ENSG00000150527"	"ENSG00000150527"	8.44772561432975e-07	0.00854085667043698	6	1	-0.33679114922033	1	1
"ENSG00000133597"	"ENSG00000133597"	0.0330717768408636	0.00855641909289119	3	1	0.24723730134732	1	1
"ENSG00000093144"	"ENSG00000093144"	6.56514522922516e-26	0.00859150945273847	7	1	-0.183449868827433	1	1
"ENSG00000120159"	"ENSG00000120159"	0.0228283937112163	0.00870767454370467	3	1	-0.3366492829693	1	1
"ENSG00000204520"	"ENSG00000204520"	2.49514002578515e-12	0.008776374060186	5	1	0.53218516284865	1	1
"ENSG00000136247"	"ENSG00000136247"	0.0486612301277722	0.0092060700441988	5	1	0.162142835467472	1	1
"ENSG00000181061"	"ENSG00000181061"	8.71598864095004e-15	0.00921971362181285	4	1	-0.146494058065515	1	1
"ENSG00000213676"	"ENSG00000213676"	0.025319546158016	0.00927353018172893	3	2	-0.407411816691127	1	1
"ENSG00000139168"	"ENSG00000139168"	1.08767149503658e-06	0.00942467858434272	3	1	0.850905050689688	1	0.833333333333333
"ENSG00000070087"	"ENSG00000070087"	2.03901230888362e-09	0.00949429589827843	5	2	-0.339400225033837	1	1
"ENSG00000132670"	"ENSG00000132670"	0.00120096608603966	0.00954051050549917	3	1	0.674027549702042	0.833333333333333	0.833333333333333
"ENSG00000127720"	"ENSG00000127720"	1.35713039406205e-08	0.00957978575618723	3	2	0.646743914740109	1	1
"ENSG00000163121"	"ENSG00000163121"	0.0122465900499011	0.0095892847390296	4	1	-0.392836850714961	1	1
"ENSG00000066136"	"ENSG00000066136"	3.33979695065582e-06	0.00971326958728413	5	1	-0.444523935008465	1	1
"ENSG00000099875"	"ENSG00000099875"	1.19900446188037e-05	0.00977081117022477	5	1	-0.181343408025538	1	1
"ENSG00000167113"	"ENSG00000167113"	4.54920293666924e-11	0.00992389474447213	5	1	-0.191550357618028	1	1
"ENSG00000064490"	"ENSG00000064490"	1.32859752613005e-26	0.0100303710735835	7	1	-0.45610166459034	1	1
"ENSG00000072401"	"ENSG00000072401"	0.0421758629835894	0.0103905406924268	3	2	0.240741116217719	1	1
"ENSG00000163093"	"ENSG00000163093"	3.32917985187054e-09	0.0106961525927155	5	1	-0.543859119880847	1	1
"ENSG00000124444"	"ENSG00000124444"	0.0089597776309618	0.0107400039061824	5	1	0.517555051650942	1	1
"ENSG00000109814"	"ENSG00000109814"	0.000159527925987106	0.0109262979876147	5	3	-0.377212486614301	1	1
"ENSG00000099204"	"ENSG00000099204"	0.00040820135893663	0.0110952187920418	7	1	0.222417458926332	1	1
"ENSG00000141002"	"ENSG00000141002"	6.60826385180417e-35	0.0112352394436681	7	1	0.26015514354285	1	1
"ENSG00000145431"	"ENSG00000145431"	9.59752697402689e-09	0.0114426034427246	4	1	-0.575802661373161	1	0.666666666666667
"ENSG00000132313"	"ENSG00000132313"	4.64647233813153e-05	0.0114430348534149	3	1	-0.502998810997548	1	1
"ENSG00000111276"	"ENSG00000111276"	1.90417767869946e-06	0.0116256812716643	3	1	-0.200045269534261	1	1
"ENSG00000119630"	"ENSG00000119630"	0.0216092181039879	0.011789025286111	3	1	0.402434875973901	1	1
"ENSG00000116663"	"ENSG00000116663"	6.61781350208111e-05	0.0118757731064671	3	1	0.359774244914625	1	1
"ENSG00000127328"	"ENSG00000127328"	0.000830826192799107	0.0120559631942259	5	1	-0.553995879026038	1	0.666666666666667
"ENSG00000151287"	"ENSG00000151287"	0.0403692461503515	0.0121353050553406	4	1	-0.240524552581951	1	1
"ENSG00000184012"	"ENSG00000184012"	0.0127962506509738	0.0121640207352786	6	1	0.396620580740638	1	1
"ENSG00000126858"	"ENSG00000126858"	0.000935947151607384	0.0122053895047081	6	1	-0.357406932335635	1	1
"ENSG00000196275"	"ENSG00000196275"	0.000975198728743514	0.0123958356134825	4	1	0.538573936720568	0.833333333333333	0.833333333333333
"ENSG00000053770"	"ENSG00000053770"	2.21842639148719e-05	0.012400946029944	5	2	0.397978428856427	1	1
"ENSG00000107372"	"ENSG00000107372"	9.29347367272509e-11	0.0127541815173271	6	1	0.193632582907506	1	1
"ENSG00000198466"	"ENSG00000198466"	0.0093653024834183	0.0128979859677673	3	1	0.444402996052928	1	1
"ENSG00000068079"	"ENSG00000068079"	1.23371515590229e-07	0.0129311582787751	3	1	0.204926063136828	1	1
"ENSG00000140995"	"ENSG00000140995"	0.000329342310792213	0.0131125475160739	3	1	0.240730322648814	1	1
"ENSG00000106261"	"ENSG00000106261"	0.00373450422850104	0.0137061179731987	3	1	-0.345997368543011	1	1
"ENSG00000148985"	"ENSG00000148985"	5.03465892176738e-08	0.0137162862039572	12	1	-0.18970479580576	1	1
"ENSG00000197461"	"ENSG00000197461"	4.87135775791985e-09	0.0141463534115579	5	2	-0.367797097593005	1	1
"ENSG00000239305"	"ENSG00000239305"	2.41377833451479e-06	0.0141581425180178	4	1	-0.421465367631535	1	1
"ENSG00000147140"	"ENSG00000147140"	2.12872868454673e-07	0.0142290938201117	5	1	0.178402023300684	1	1
"ENSG00000100934"	"ENSG00000100934"	0.000407965217786904	0.0143233865275447	3	1	0.380744949505025	1	1
"ENSG00000086504"	"ENSG00000086504"	0.00034545829307002	0.0144359483636205	3	1	0.70062134574001	1	0.666666666666667
"ENSG00000130560"	"ENSG00000130560"	2.15723664529529e-84	0.0144365058358488	6	1	-0.588880340157713	1	1
"ENSG00000154518"	"ENSG00000154518"	0.000930200454396376	0.0149664174078283	5	1	0.196377843826916	1	1
"ENSG00000183735"	"ENSG00000183735"	0.00250767611307072	0.0149711757178941	7	1	-0.192827928620806	1	1
"ENSG00000213930"	"ENSG00000213930"	1.06792767277642e-05	0.0150590609849367	4	1	-0.702484678991602	1	0.833333333333333
"ENSG00000094841"	"ENSG00000094841"	0.00232909688194131	0.0151283830459885	3	1	0.366928766202341	1	1
"ENSG00000169314"	"ENSG00000169314"	5.4286131660642e-08	0.0153926901193675	6	1	-0.148505495004094	1	1
"ENSG00000117228"	"ENSG00000117228"	1.55358146005017e-12	0.0154193072477053	5	1	-0.308059521194787	1	1
"ENSG00000147548"	"ENSG00000147548"	7.89603513101417e-06	0.0159894953607595	5	1	0.540965587313802	1	0.666666666666667
"ENSG00000110074"	"ENSG00000110074"	0.0260861864315118	0.0160437606598133	3	1	-0.299950796941857	1	1
"ENSG00000167165"	"ENSG00000167165"	0.0477216341100735	0.0162809234050938	3	1	0.204560816531624	1	1
"ENSG00000165238"	"ENSG00000165238"	2.2680445407438e-09	0.0165973665803554	5	1	0.636363207952457	1	0.666666666666667
"ENSG00000156171"	"ENSG00000156171"	7.55935506876988e-05	0.0166954734550643	6	1	0.259415651326526	1	1
"ENSG00000160688"	"ENSG00000160688"	2.2505016383553e-07	0.0168632904989616	5	1	-0.198580629093502	1	1
"ENSG00000225484"	"ENSG00000225484"	5.70452320298052e-11	0.0169292769580994	9	2	-0.291980843799241	1	1
"ENSG00000205571"	"ENSG00000205571"	0.000109139337216244	0.0169594083400224	5	1	-0.269851527927233	1	1
"ENSG00000162231"	"ENSG00000162231"	8.0518836889146e-17	0.0172473969915171	4	1	0.778093544844601	1	1
"ENSG00000126522"	"ENSG00000126522"	1.92463166865055e-12	0.0175768825628943	9	1	-0.535779921362388	1	0.833333333333333
"ENSG00000140254"	"ENSG00000140254"	2.75068363348893e-09	0.0177361674321299	5	1	-0.388118555359997	1	1
"ENSG00000129636"	"ENSG00000129636"	1.01421739287888e-24	0.0177699478860982	6	1	-0.439172079896576	1	1
"ENSG00000162736"	"ENSG00000162736"	0.000578706116209906	0.0179701775554935	3	1	-0.232734355636558	1	1
"ENSG00000149115"	"ENSG00000149115"	6.28817323259182e-29	0.0180289160188261	10	1	0.518894265562072	1	1
"ENSG00000242247"	"ENSG00000242247"	0.000665425146614246	0.0185213290404457	3	1	-0.184024243401646	1	1
"ENSG00000039650"	"ENSG00000039650"	0.0274397234810181	0.0185235007335342	4	1	0.220630095037771	1	1
"ENSG00000157500"	"ENSG00000157500"	3.94577650639792e-06	0.0187883279022624	4	1	0.621862377904583	1	0.666666666666667
"ENSG00000177311"	"ENSG00000177311"	2.8621024498482e-09	0.0188049445219703	7	1	0.167480076908621	1	1
"ENSG00000198492"	"ENSG00000198492"	1.57735284108083e-14	0.0188199070996784	5	1	0.147449755392717	1	1
"ENSG00000134461"	"ENSG00000134461"	0.00015233980008931	0.0189211113168174	4	1	-0.38537436634371	1	0.833333333333333
"ENSG00000114770"	"ENSG00000114770"	0.0197949102853165	0.0189251174562553	5	1	0.327121134074599	1	1
"ENSG00000163516"	"ENSG00000163516"	0.00711461712359304	0.0190779687549269	5	1	0.303938800264968	1	1
"ENSG00000204954"	"ENSG00000204954"	1.05156311673854e-06	0.0190971856086422	5	1	-0.374960396213238	1	1
"ENSG00000186073"	"ENSG00000186073"	1.74915560829387e-05	0.0191210782482602	5	1	-0.423820263779151	1	0.833333333333333
"ENSG00000104611"	"ENSG00000104611"	1.63158166356099e-19	0.0191640807293578	7	1	0.252247523617057	1	1
"ENSG00000129696"	"ENSG00000129696"	3.98683696164725e-08	0.0192816772300817	4	1	0.528074565300416	1	1
"ENSG00000111906"	"ENSG00000111906"	0.00283944927787647	0.0202534115195761	7	1	-0.157790672870774	1	1
"ENSG00000271133"	"ENSG00000271133"	2.23864167291763e-09	0.0208999190267165	5	1	0.78246221053295	1	0.833333333333333
"ENSG00000172831"	"ENSG00000172831"	2.59550276163845e-13	0.0209849018879683	4	1	0.617211653610668	1	1
"ENSG00000156313"	"ENSG00000156313"	0.00716779325369526	0.0219224865700005	5	1	0.350068927777611	1	1
"ENSG00000102158"	"ENSG00000102158"	0.0144795947084617	0.0220864363793604	3	1	-0.527333219365765	1	1
"ENSG00000136044"	"ENSG00000136044"	1.09002499841786e-05	0.0221115845474136	4	1	-0.283687707089713	1	1
"ENSG00000234465"	"ENSG00000234465"	1.47028908385382e-05	0.0221188951795388	5	1	-0.396196700540322	1	1
"ENSG00000120802"	"ENSG00000120802"	0.000434529028674273	0.0221934456616108	4	1	0.40180970895519	1	1
"ENSG00000155324"	"ENSG00000155324"	1.74658587198803e-14	0.0223442140303421	10	1	0.293504951090879	1	1
"ENSG00000141504"	"ENSG00000141504"	4.42500202816339e-14	0.023012786018695	4	1	-0.353325871245397	1	1
"ENSG00000183751"	"ENSG00000183751"	5.98962438598596e-20	0.0230409536600021	3	1	-0.882631519670396	1	1
"ENSG00000101447"	"ENSG00000101447"	0.00254939811422348	0.0230525135890615	3	1	-0.55652252530498	1	1
"ENSG00000112419"	"ENSG00000112419"	0.00465072525415491	0.0238028114276629	4	1	0.21692269604361	1	1
"ENSG00000177082"	"ENSG00000177082"	1.45288501687608e-29	0.0241625313891194	6	2	-0.63076519544706	1	1
"ENSG00000012211"	"ENSG00000012211"	0.00052778663379633	0.0242478587459557	3	1	-0.17733326988865	1	1
"ENSG00000186654"	"ENSG00000186654"	0.000134472351175227	0.0244905312612515	4	1	-0.26447640917906	1	1
"ENSG00000142102"	"ENSG00000142102"	0.0205789035951144	0.024788358477799	3	1	0.606649755456969	1	0.666666666666667
"ENSG00000130640"	"ENSG00000130640"	4.2307782794955e-30	0.0249039794036675	7	1	-0.335998854342345	1	1
"ENSG00000172590"	"ENSG00000172590"	2.54599985939231e-05	0.0251970732210838	9	1	0.215524919923773	1	1
"ENSG00000213782"	"ENSG00000213782"	0.0147864833696391	0.025276963355647	4	1	0.188786595765834	1	1
"ENSG00000012822"	"ENSG00000012822"	0.000136852068309228	0.0259046215282058	5	1	-0.216603673266687	1	1
"ENSG00000071127"	"ENSG00000071127"	5.05312065965396e-10	0.0262867157993397	4	1	-0.272936561989886	1	1
"ENSG00000065054"	"ENSG00000065054"	2.19425435588278e-11	0.0263855197320834	7	1	-0.161052497591257	1	1
"ENSG00000141696"	"ENSG00000141696"	8.41156564306226e-07	0.026838646880249	3	1	0.660287901179061	1	1
"ENSG00000141198"	"ENSG00000141198"	0.000166274542178804	0.0269905156960232	6	1	-0.223863442814969	1	1
"ENSG00000212694"	"ENSG00000212694"	0.000382565748121489	0.027171866603911	4	1	0.495026475520839	1	1
"ENSG00000243989"	"ENSG00000243989"	0.000323405908252067	0.0275216970154449	3	1	-0.207222061263409	1	1
"ENSG00000178307"	"ENSG00000178307"	8.0053765207035e-24	0.0281866038110649	3	1	-0.716927071947587	1	1
"ENSG00000114861"	"ENSG00000114861"	1.1157205663886e-16	0.0293696909567931	14	1	-0.167269940818186	1	1
"ENSG00000181085"	"ENSG00000181085"	0.0109935545408102	0.029464425742787	6	1	0.28349645258177	1	1
"ENSG00000139428"	"ENSG00000139428"	3.57737001186101e-06	0.0299227188354187	3	1	0.386949909817144	1	1
"ENSG00000260136"	"ENSG00000260136"	4.28814098218555e-07	0.0304392485639458	6	1	0.384615451070721	1	1
"ENSG00000142166"	"ENSG00000142166"	9.26348784356125e-19	0.0305117730737611	3	1	0.900951147755212	1	0.833333333333333
"ENSG00000111596"	"ENSG00000111596"	2.03331405113702e-16	0.0305886228808488	7	1	0.335846929977648	1	1
"ENSG00000166949"	"ENSG00000166949"	0.00128995858394554	0.0310281810647383	5	1	0.4075007906975	1	1
"ENSG00000074696"	"ENSG00000074696"	0.00254939811422348	0.0313608788881757	3	1	-0.155400046827244	1	1
"ENSG00000171793"	"ENSG00000171793"	0.000241312892473557	0.031778493905802	3	1	-0.506551941021442	1	1
"ENSG00000103174"	"ENSG00000103174"	0.0242480881337537	0.0317980510876932	4	1	-0.378163749414865	1	1
"ENSG00000168884"	"ENSG00000168884"	1.01685278754634e-07	0.0319962803062724	4	1	0.206828037580118	1	1
"ENSG00000056972"	"ENSG00000056972"	7.80150768503326e-13	0.0328050599561039	5	1	-0.559904167651301	1	0.666666666666667
"ENSG00000107968"	"ENSG00000107968"	9.16211695234347e-23	0.0338044581674348	7	1	0.398548511285672	1	1
"ENSG00000104067"	"ENSG00000104067"	2.91487355390913e-14	0.034423229699177	3	1	0.371200772405582	1	1
"ENSG00000143507"	"ENSG00000143507"	0.0139752996461481	0.0345241476827418	5	1	-0.344538373090715	1	1
"ENSG00000198522"	"ENSG00000198522"	0.0477216341100735	0.0350543293048541	3	1	0.301925455445629	1	1
"ENSG00000128951"	"ENSG00000128951"	0.000202318937224045	0.0351270057478044	4	1	-0.118455281036254	1	1
"ENSG00000121680"	"ENSG00000121680"	0.00946560977485052	0.0356051967931761	3	1	-0.780784084747416	0.833333333333333	0.833333333333333
"ENSG00000174652"	"ENSG00000174652"	0.0178440938606081	0.0360741071095353	3	1	-0.591304526963859	1	1
"ENSG00000173226"	"ENSG00000173226"	5.65448415562818e-28	0.0366436972115772	4	1	0.596419290391689	1	1
"ENSG00000073350"	"ENSG00000073350"	0.000318388857745859	0.0377639723288318	5	1	-0.301064985532116	1	1
"ENSG00000230513"	"ENSG00000230513"	0.00481294104811159	0.0380698834159471	3	1	-0.477920066793122	1	0.833333333333333
"ENSG00000173540"	"ENSG00000173540"	0.0258294971029644	0.0382002267238195	4	1	-0.23358478545138	1	1
"ENSG00000180104"	"ENSG00000180104"	1.72178715444127e-08	0.0384908865211116	5	1	-0.574929762140352	1	1
"ENSG00000165782"	"ENSG00000165782"	0.0250193905989466	0.0389602049777076	4	1	0.233269668124682	1	1
"ENSG00000250479"	"ENSG00000250479"	1.0696012910195e-05	0.0394428958308339	4	1	0.564652741747484	1	0.833333333333333
"ENSG00000058600"	"ENSG00000058600"	0.0165086497333882	0.039633455019441	3	1	-0.417845398430287	1	1
"ENSG00000122482"	"ENSG00000122482"	5.49162719601337e-22	0.0397432077000276	10	1	-0.389654723828141	1	1
"ENSG00000187531"	"ENSG00000187531"	1.52329247712882e-05	0.0398103374847413	5	1	-0.201567589455973	1	1
"ENSG00000214078"	"ENSG00000214078"	1.33615624899408e-13	0.0402435806553983	10	1	0.146552087012514	1	1
"ENSG00000111331"	"ENSG00000111331"	0.0147529371766717	0.0404201565897539	3	1	-0.23878191643455	1	1
"ENSG00000070495"	"ENSG00000070495"	0.0212704149298488	0.0415281422698901	4	1	-0.283625230211212	1	1
"ENSG00000071994"	"ENSG00000071994"	7.68057451800958e-15	0.0428410572941193	7	1	0.478366048180437	1	1
"ENSG00000105821"	"ENSG00000105821"	1.82709608514498e-14	0.0436888104514213	7	1	0.354165539377182	1	1
"ENSG00000254560"	"ENSG00000254560"	9.09945323980873e-06	0.0436975688254245	6	1	0.269963357723119	1	1
"ENSG00000025293"	"ENSG00000025293"	0.00529662897973878	0.0438197678562262	3	1	-0.196705352060311	1	1
"ENSG00000282851"	"ENSG00000282851"	0.0435635966038266	0.0441049738674835	3	1	0.576866491557439	1	1
"ENSG00000137312"	"ENSG00000137312"	2.62668014202461e-08	0.0446499563656088	3	1	0.2423685871349	1	1
"ENSG00000113916"	"ENSG00000113916"	8.64744986884206e-17	0.0451046178307152	5	1	0.672351965519325	1	1
"ENSG00000068305"	"ENSG00000068305"	0.000207593673210978	0.0451131917586649	3	1	0.711196454724393	1	0.833333333333333
"ENSG00000182087"	"ENSG00000182087"	4.42444013079112e-07	0.0454577993329672	8	1	-0.195870977982087	1	1
"ENSG00000213626"	"ENSG00000213626"	1.31328140723369e-09	0.0466129534318988	3	1	-0.986218269474142	1	0.5
"ENSG00000173598"	"ENSG00000173598"	4.03165197133501e-29	0.0468318452058051	4	1	-0.216582623791499	1	1
"ENSG00000142230"	"ENSG00000142230"	0.000138765826413941	0.0469735018849303	4	1	-0.23281239408535	1	1
"ENSG00000137824"	"ENSG00000137824"	2.31427042728569e-09	0.047072949672257	3	1	-0.350048726408388	1	1
"ENSG00000082438"	"ENSG00000082438"	5.68597128487603e-08	0.0473089261041387	7	1	0.245998529785524	1	1
"ENSG00000169093"	"ENSG00000169093"	0.0313484623353258	0.0480500866413815	3	1	0.172910287027069	1	1
"ENSG00000125743"	"ENSG00000125743"	2.2430774899717e-08	0.0490964803812028	4	1	-0.637529963452666	1	1
"ENSG00000135838"	"ENSG00000135838"	0.000318388857745859	0.0493934935166188	4	1	-0.281447163206755	1	1
"ENSG00000073921"	"ENSG00000073921"	1.14361756957221e-10	0.0498190838603332	5	1	-0.60575824881822	1	1
"ENSG00000268350"	"ENSG00000268350"	1.01045172599867e-05	0.0498458218253599	6	1	0.395176126030874	1	1
