"gene_ID","gene_qvalue","minimal_tx_qvalue","number_tx","number_significant_tx","max(Basal_VIC01_72hpi_child_Infected-Basal_uninfected_child_Uninfected)","pct_gene_expr","max_pct_tx_expr"
"ENSG00000159128",3.44439671835784e-17,1,5,0,-0.961136169174425,1,0.5
"ENSG00000198830",6.10161405948192e-18,7.82763533797307e-06,4,1,-0.942034703808649,1,0.833333333333333
"ENSG00000170296",1.83707797492741e-06,0.00460354797655377,3,1,-0.931743700494385,1,0.833333333333333
"ENSG00000183844",5.45563459026243e-08,1,4,0,-0.915769235592171,1,0.5
"ENSG00000205084",0.00462990464858712,0.652055065161333,3,0,0.897470067511054,0.833333333333333,0.5
"ENSG00000104408",5.10294973522167e-54,1,5,0,-0.894700551607213,1,0.833333333333333
"ENSG00000067167",5.45563459026243e-08,3.57193544502515e-05,3,1,0.887238081057999,1,1
"ENSG00000160087",2.27336168772043e-10,1,5,0,0.886883491195263,1,0.5
"ENSG00000177570",4.90024668245402e-05,0.558466719371793,3,0,-0.885119614392419,1,0.666666666666667
"ENSG00000125520",0.00259369338299837,1,3,0,-0.880116964836473,1,0.5
"ENSG00000085733",1.15255719170898e-05,1,6,0,-0.874999773536166,0.833333333333333,0.666666666666667
"ENSG00000136986",9.51134661811536e-06,1.15814057096232e-05,4,1,0.865635584847595,1,0.666666666666667
"ENSG00000245910",1.14547876276603e-06,1,4,0,-0.856817722175278,1,0.666666666666667
"ENSG00000154813",1.11288410175338e-05,0.000785778387888255,4,1,-0.852836532702176,1,0.666666666666667
"ENSG00000164919",1.08382365370297e-47,1.74005930966652e-49,3,2,0.852119178077501,1,1
"ENSG00000129951",0.00351754644069369,1,3,0,-0.84679941315638,0.666666666666667,0.5
"ENSG00000171206",7.96697669222332e-05,1,3,0,-0.843292954881371,1,0.833333333333333
"ENSG00000113387",2.95464370545282e-21,9.69615292674132e-11,3,2,-0.839308860735888,1,1
"ENSG00000177830",7.87037049577971e-06,1.46767902136406e-05,3,1,-0.838494891447326,1,0.666666666666667
"ENSG00000171490",1.11288410175338e-05,1,3,0,0.833293658750751,0.833333333333333,0.666666666666667
"ENSG00000170017",2.00216041867195e-06,1,5,0,-0.831598417986995,1,0.833333333333333
"ENSG00000168300",6.85915320995288e-19,1,3,0,0.827818619566768,1,0.833333333333333
"ENSG00000120256",1.38874081598973e-18,1,3,0,-0.827275464683479,1,0.833333333333333
"ENSG00000112655",0.00589262934076676,0.491013516693037,3,0,-0.827082711319447,0.833333333333333,0.666666666666667
"ENSG00000131941",0.000464204196840701,1,3,0,0.820642279750449,1,0.5
"ENSG00000143416",1.15286474059123e-28,2.88002735750905e-15,5,1,-0.819313803973512,1,1
"ENSG00000184887",0.00586813684679106,1,5,0,-0.814950740827782,1,0.5
"ENSG00000196754",5.93007164542257e-73,3.14142968275914e-22,5,2,0.802028081269816,1,1
"ENSG00000103876",0.00610550762496366,1,4,0,-0.798798738243631,0.833333333333333,0.666666666666667
"ENSG00000141562",1.85164197827136e-05,1,5,0,-0.794039174102662,1,0.5
"ENSG00000166508",5.04028122034674e-06,1,4,0,-0.79370417203207,1,0.5
"ENSG00000174748",5.56702675564634e-123,7.26472220111425e-32,4,2,-0.792750126077315,1,1
"ENSG00000070831",1.11337510147127e-41,1,3,0,-0.780281691761319,1,0.833333333333333
"ENSG00000104881",1.11288410175338e-05,1,3,0,-0.779871134923215,0.833333333333333,0.666666666666667
"ENSG00000164930",1.52322582153807e-05,1,5,0,-0.772542588276943,1,0.666666666666667
"ENSG00000135205",3.89456564561535e-05,0.335969011117542,3,0,-0.771512841628648,1,1
"ENSG00000099810",0.00494177702946404,1,4,0,0.768477757954229,0.833333333333333,0.5
"ENSG00000142973",6.5308689371839e-101,1,6,0,-0.766478799145226,1,1
"ENSG00000004961",1.34891990645189e-07,1,5,0,0.766155903524236,0.833333333333333,0.833333333333333
"ENSG00000102054",7.36929341518295e-09,1,4,0,0.762598697355343,1,1
"ENSG00000090263",3.05061599452011e-27,1,5,0,0.756252536570286,1,0.833333333333333
"ENSG00000163634",1.71269421518113e-08,0.00163110707985972,4,1,-0.754300855692644,1,1
"ENSG00000155621",0.016803967476399,1,4,0,-0.749999999999957,1,0.666666666666667
"ENSG00000115677",0.000921167805062887,1,3,0,-0.748125431018462,0.833333333333333,0.666666666666667
"ENSG00000134058",0.000201609013208472,1,5,0,-0.747907391558917,0.833333333333333,0.5
"ENSG00000198589",0.0454814338709387,1,4,0,-0.746851091838076,0.833333333333333,0.666666666666667
"ENSG00000152894",0.00855210374266137,1,3,0,-0.74517847724775,1,0.666666666666667
"ENSG00000166200",6.13927978211132e-05,1,3,0,-0.743259518687679,1,0.833333333333333
"ENSG00000041357",2.81175841785459e-05,0.0145302906606805,5,2,0.739030384708231,1,0.833333333333333
"ENSG00000119487",0.0335944029959089,1,3,0,0.737063323966915,0.833333333333333,0.5
"ENSG00000120533",3.31692419524415e-13,1,4,0,-0.736842517785252,1,0.833333333333333
"ENSG00000165410",0.00263956634596675,1,5,0,-0.735280658595891,0.833333333333333,0.5
"ENSG00000142627",3.26360507036278e-08,1,4,0,-0.732216563149593,1,0.833333333333333
"ENSG00000127914",0.0109843768143795,1,4,0,0.729009750525901,0.833333333333333,0.666666666666667
"ENSG00000130560",1.83085921588279e-12,1,4,0,0.728445310629296,1,1
"ENSG00000226067",0.00567644638667237,1,4,0,-0.72182196995407,1,0.666666666666667
"ENSG00000101882",3.209570119046e-05,1,3,0,-0.721040988991928,1,1
"ENSG00000148700",0.000266787904152278,6.44445500339602e-05,3,1,-0.716252111269074,1,1
"ENSG00000138162",0.000421780622986282,1,5,0,-0.716133692691151,1,0.5
"ENSG00000213246",1.14988669707569e-05,0.00236102777797313,4,1,0.714151974771508,1,1
"ENSG00000187118",3.52671684863168e-09,1,5,0,-0.711337358307098,1,1
"ENSG00000230124",1.81204927177471e-11,1,5,0,0.711294814364032,1,1
"ENSG00000021355",8.71145028083721e-13,1.15338608161975e-09,3,1,0.70724275229558,1,0.833333333333333
"ENSG00000167272",3.85327677268286e-05,1,6,0,0.698989121989872,1,0.5
"ENSG00000140254",0.0157670046090662,0.0188280901951973,3,1,0.697184854455328,1,0.666666666666667
"ENSG00000125743",0.034646321502231,1,3,0,0.695206233183825,1,0.666666666666667
"ENSG00000156413",0.000197229268904066,1,5,0,0.693251467084183,1,0.666666666666667
"ENSG00000149929",0.00717645105824232,1,4,0,-0.685527980045358,1,0.5
"ENSG00000105220",7.19939650343588e-11,1,5,0,0.684210522211308,1,0.5
"ENSG00000092820",0.00179777104546529,0.39232756771914,4,0,-0.680144448416902,1,0.833333333333333
"ENSG00000102024",0.0320117263398037,0.0212532050020201,4,1,-0.672506640990171,1,0.833333333333333
"ENSG00000224383",0.00529034947563646,1,3,0,0.671901738651039,0.833333333333333,0.666666666666667
"ENSG00000110536",0.0195735002711841,1,6,0,-0.666666666666672,1,0.666666666666667
"ENSG00000167699",1.10929023519524e-05,1,5,0,-0.666664687377443,1,0.833333333333333
"ENSG00000076554",7.47649619471164e-13,1,8,0,0.665235814967665,1,0.666666666666667
"ENSG00000244879",0.0118060127477189,0.0394184318704604,4,1,-0.662555635603966,1,0.666666666666667
"ENSG00000151239",5.67906747263416e-06,0.0664165163926142,5,0,-0.65998938676134,0.833333333333333,0.666666666666667
"ENSG00000159658",0.0222927312123515,1,3,0,0.657937481977467,1,0.833333333333333
"ENSG00000108588",2.8716019176397e-07,0.00113599881048009,3,1,-0.656720090668486,1,1
"ENSG00000152558",1.75762553801494e-09,1,3,0,0.655242343339022,1,1
"ENSG00000169599",4.75845338090347e-08,1,6,0,0.654157960277622,1,0.5
"ENSG00000143153",8.86075369750688e-10,0.562208774098725,4,0,0.653423369312711,1,1
"ENSG00000164062",0.00345653647539731,1,3,0,0.653391280550129,0.833333333333333,0.666666666666667
"ENSG00000093010",2.42471610875993e-11,1,8,0,-0.652469132487484,1,0.833333333333333
"ENSG00000166869",6.64959252239673e-06,0.166832375037282,3,0,0.639287423867304,1,1
"ENSG00000137492",0.00140568299436285,0.102193189865657,4,0,-0.63856571370478,0.833333333333333,0.666666666666667
"ENSG00000189403",1.05660082747542e-67,1,6,0,0.637230399368284,1,1
"ENSG00000137699",0.00270183293332129,0.001163867181255,3,1,-0.635980728086538,1,0.833333333333333
"ENSG00000146072",0.000987715235577886,0.024205974298029,3,1,0.634367173981225,1,1
"ENSG00000183255",7.42377927078741e-06,8.65370795368208e-05,4,1,0.625957675796369,1,0.833333333333333
"ENSG00000029993",0.019848892109297,0.0278361957244926,4,1,-0.62299886886129,1,1
"ENSG00000113240",0.0117149956172018,1,4,0,-0.61916540265425,1,0.833333333333333
"ENSG00000092108",1.68185794691997e-09,1,7,0,-0.619046954848532,1,0.833333333333333
"ENSG00000132356",0.0227509820829819,0.731982981780433,3,0,-0.617180453871041,1,1
"ENSG00000175582",0.0356060535934598,1,4,0,0.61525730412535,1,0.833333333333333
"ENSG00000088832",1.09802060455132e-14,6.61164100005179e-11,4,1,0.614130364919933,1,1
"ENSG00000055211",0.00350411632506602,0,2,2,-0.610030700270317,1,0.833333333333333
"ENSG00000109339",0.00135293861489532,0.00150060129421203,10,1,-0.603065468040311,1,0.833333333333333
"ENSG00000130702",0.00889231439686631,1,5,0,-0.599999999999989,1,0.666666666666667
"ENSG00000158423",0.000782056305304334,1,6,0,-0.599999998402114,1,0.666666666666667
"ENSG00000114126",0.0435408537716414,1,6,0,-0.599998953673056,0.833333333333333,0.666666666666667
"ENSG00000106105",0.00143404752304087,1,7,0,-0.598648985988807,0.833333333333333,0.833333333333333
"ENSG00000165175",5.45563459026243e-08,1,4,0,0.598239412925506,1,1
"ENSG00000173486",4.33864044882722e-18,3.39264679256898e-14,3,1,0.595336164868769,1,1
"ENSG00000118181",3.13520425516802e-181,1,3,0,-0.591644423932481,1,1
"ENSG00000245694",7.58543671986568e-18,3.37784088468895e-09,6,1,-0.59135531794254,1,1
"ENSG00000198692",0.00555182132654463,0,2,2,0.589315352999537,1,1
"ENSG00000143398",0.0328116476516365,1,3,0,-0.588088432415212,0.833333333333333,0.666666666666667
"ENSG00000127022",2.81829280460909e-10,0.00599834168872846,5,1,-0.587652056581602,1,1
"ENSG00000214046",5.50347087452099e-06,1,7,0,-0.586557678224656,1,0.833333333333333
"ENSG00000169228",0.0110321312070343,1,4,0,0.58545047515733,0.833333333333333,0.833333333333333
"ENSG00000138772",4.99325826403949e-20,1,4,0,0.581095809539183,1,1
"ENSG00000260916",2.4676597931043e-10,1,5,0,0.581008663480589,1,0.833333333333333
"ENSG00000172845",0.00277257440095029,0.0245401542475373,5,1,-0.575757575757572,1,0.833333333333333
"ENSG00000140575",0.000333564891203144,1,5,0,0.575446669715948,0.833333333333333,0.5
"ENSG00000263001",1.53598232945157e-06,0.00341472133138157,4,1,0.575147329152144,1,0.833333333333333
"ENSG00000006118",0.00232062486284496,0.0507219940369535,3,0,-0.574169810414246,1,0.833333333333333
"ENSG00000079805",0.000360062078383327,1,5,0,-0.571260639166916,1,0.833333333333333
"ENSG00000108784",0.0303902388683184,1,4,0,-0.570557760602906,1,0.833333333333333
"ENSG00000116212",0.0152721719356927,0.00803577556330723,4,1,-0.569577971911446,1,1
"ENSG00000173457",1.10095605010203e-22,1.20441957107116e-12,3,1,0.569339942701619,1,1
"ENSG00000138119",2.95322594558592e-13,1,4,0,-0.569261141350838,1,1
"ENSG00000077312",0.00143404752304087,1,3,0,-0.568887851174926,1,1
"ENSG00000172590",0.0446216015654863,1,5,0,-0.568624716592658,0.833333333333333,0.666666666666667
"ENSG00000151491",0.0183878849632108,1,3,0,0.56850047307642,1,0.833333333333333
"ENSG00000175221",0.0025118433586392,1,4,0,-0.568047380643932,0.833333333333333,0.666666666666667
"ENSG00000036054",1.07205474234152e-05,1,6,0,0.559999740010606,1,0.833333333333333
"ENSG00000189376",3.39362419793903e-10,1,6,0,-0.55898528196509,1,1
"ENSG00000248508",0.016803967476399,1,4,0,0.552345788176528,0.833333333333333,0.666666666666667
"ENSG00000167978",1.30529060672658e-05,1,9,0,-0.551045726141486,1,0.666666666666667
"ENSG00000099326",0.00125723193419698,0.187298934444468,4,0,0.549520044483444,1,0.666666666666667
"ENSG00000025708",1.41664662198419e-18,5.75057357125693e-09,5,2,0.543045262373919,1,1
"ENSG00000163399",1.15458274828493e-27,0.00718108854576371,5,1,-0.542568605595894,1,1
"ENSG00000117226",0.00055769625011162,1,7,0,0.541665750074005,1,0.666666666666667
"ENSG00000156256",0.0210105385041784,1,4,0,0.541571947055116,0.833333333333333,0.5
"ENSG00000089356",1.21114355423951e-64,2.90299894491216e-63,3,2,0.539995683698285,1,1
"ENSG00000083535",0.0480469240803758,0,2,2,-0.537584327110292,1,1
"ENSG00000178585",1.03351539478537e-06,1.24181407919566e-05,5,1,-0.537474471267438,1,1
"ENSG00000164904",1.11772066488368e-07,1,8,0,0.535344013276204,1,0.5
"ENSG00000029363",2.46080404919791e-06,1,8,0,-0.53305166505862,1,0.666666666666667
"ENSG00000128699",0.0397291034260402,1,4,0,0.530302213881611,1,1
"ENSG00000075151",0.000168599585545086,1,7,0,0.529411182762586,1,0.833333333333333
"ENSG00000103342",0.00108362725560387,1,4,0,-0.528771142569505,1,1
"ENSG00000100979",0.000291190154676541,0.0320562157247458,4,1,-0.525399365193426,1,0.833333333333333
"ENSG00000136826",0.00228289972654087,0.00462837296268354,4,1,-0.524852971962163,1,1
"ENSG00000099956",0.0108609999117443,0,2,2,-0.524751275535132,1,1
"ENSG00000117751",0.0380250673649646,1,4,0,0.524046075376916,0.833333333333333,0.666666666666667
"ENSG00000051620",1.19221790252309e-19,1.39713117782856e-11,4,1,0.523809796175654,1,1
"ENSG00000178741",2.02795639486753e-25,1.60854519562575e-15,3,1,0.523183769914614,1,1
"ENSG00000170425",0.0150873628609339,1,3,0,-0.519740545249573,0.833333333333333,0.666666666666667
"ENSG00000080824",3.94478504940268e-12,2.97736052978461e-10,3,1,-0.51920336742737,1,1
"ENSG00000149273",2.51598686210761e-169,0,2,2,0.518296013952643,1,1
"ENSG00000047457",1.23385482556196e-06,1,8,0,0.516422721555774,1,0.5
"ENSG00000160688",0.0231713139014869,1,3,0,0.515437697746558,0.833333333333333,0.666666666666667
"ENSG00000070731",0.0250895123716232,0.223535700075686,4,0,0.515151510776938,1,0.833333333333333
"ENSG00000105821",0.019848892109297,0.676746743191311,5,0,-0.514575988251717,1,0.833333333333333
"ENSG00000068120",0.00650947523073118,0.0172438950082031,4,1,0.513742017560128,1,1
"ENSG00000157778",0.0298407293088154,0.0443471754468718,5,1,0.509090756435753,1,0.833333333333333
"ENSG00000152763",0.00107915725763054,1,5,0,-0.505519408324737,1,0.833333333333333
"ENSG00000117395",0.000118273577089046,0.0542311282805352,4,0,-0.504420486548231,1,1
"ENSG00000133818",5.39386509965635e-05,0.0818067105338645,4,0,-0.50355415552768,1,0.833333333333333
"ENSG00000278311",0.0366392273062782,1,5,0,-0.503508233689555,1,0.666666666666667
"ENSG00000168310",0.000830330649241524,0.0425840465341118,5,1,0.503026844567758,1,0.833333333333333
"ENSG00000116661",4.20687844906403e-09,1,3,0,-0.502580057432284,1,1
"ENSG00000120438",1.30529060672658e-05,0.0070788654503903,3,1,-0.502111436838685,1,1
"ENSG00000115685",0.00377028969111762,1,5,0,0.502088950255521,1,0.833333333333333
"ENSG00000136560",0.0358354366650934,0.0169125750543355,4,1,0.499999999996969,1,1
"ENSG00000116729",0.0146508816891278,1,6,0,-0.499999889330694,0.666666666666667,0.666666666666667
"ENSG00000173801",9.8675441898021e-12,0.120373855908328,7,0,-0.499999360478578,1,1
"ENSG00000214022",0.00059782554206573,0.823051602417025,5,0,-0.499997057157569,1,0.833333333333333
"ENSG00000125944",2.32486021140074e-18,1,9,0,-0.499994287616251,1,0.833333333333333
"ENSG00000158234",1.25022799650785e-05,0.591899436307334,5,0,-0.499506857523716,1,0.666666666666667
"ENSG00000100722",0.00579825197962811,1,3,0,0.498421295163552,1,0.833333333333333
"ENSG00000104695",9.44997861947604e-12,2.58702796549887e-08,5,1,0.495901852585555,1,1
"ENSG00000116285",0.00022957764768048,0.000156966222053159,3,1,0.494468201353676,1,1
"ENSG00000196642",0.0236409068665872,0,2,2,0.494341762843393,1,1
"ENSG00000136830",0.0138542696725699,0.314274008223112,3,0,-0.494027612963551,1,0.833333333333333
"ENSG00000258752",7.03008068132085e-05,0.0226479579465536,3,1,-0.491014749396947,1,1
"ENSG00000149547",8.1136126623456e-06,0.000218951229760735,3,1,0.487277710487234,1,1
"ENSG00000101144",0.0157139061392089,0,2,2,-0.48487782378244,1,1
"ENSG00000183421",0.016118061697982,0.159454641331876,3,0,-0.484752842644465,1,1
"ENSG00000100359",3.84200261399777e-09,0.00830304155983402,8,1,0.478223038759338,1,0.833333333333333
"ENSG00000256061",3.05790353815128e-05,1,5,0,0.477294102391772,1,0.833333333333333
"ENSG00000177459",0.0185352400276531,0.0310599623535012,3,1,0.476683762573307,1,1
"ENSG00000108587",8.1136126623456e-06,1,4,0,-0.474934294688919,1,1
"ENSG00000067334",0.0231713139014869,1,3,0,0.471302430823572,1,1
"ENSG00000013275",3.87430310501767e-09,0,2,2,0.467091061832627,1,1
"ENSG00000114125",7.86841464283465e-09,0.00920483559661478,3,1,-0.466585336300297,1,1
"ENSG00000104765",0.0430563829306592,0.108397588256711,3,0,0.465661132946451,1,1
"ENSG00000205981",0.00697742607425316,0.31289953767609,5,0,0.462293874018503,1,0.833333333333333
"ENSG00000103415",0.0332066556417698,0.0411375093091747,3,1,-0.460258583381656,1,1
"ENSG00000184007",6.89707403030137e-06,2.42649577639794e-05,3,1,-0.45747606586055,1,1
"ENSG00000135951",0.00716209463087662,0.914974810143649,5,0,-0.457131776946131,1,0.833333333333333
"ENSG00000102738",4.28487929772119e-23,1,5,0,-0.456851458597961,1,1
"ENSG00000167986",0.0498055443907389,0.0338294110394734,3,1,-0.454815784562316,1,1
"ENSG00000004455",3.05823645169498e-05,0.0039472397214797,4,1,-0.454545454543054,0.833333333333333,0.833333333333333
"ENSG00000129187",0.0108609999117443,1,6,0,-0.45454472387098,1,0.833333333333333
"ENSG00000070756",1.32186478162349e-16,4.58709093890529e-09,6,1,0.450896127459525,1,1
"ENSG00000100592",0.00811647858925323,1,5,0,-0.449800127732714,1,1
"ENSG00000044115",0.049081547036169,1,5,0,0.448558575212336,1,0.666666666666667
"ENSG00000115561",9.02914253878038e-09,9.3471668542833e-06,3,1,0.448529502902799,1,1
"ENSG00000183742",0.0200952768768055,0.578329637584764,5,0,-0.448405458635793,1,0.833333333333333
"ENSG00000145779",0.00249089806689767,1,5,0,0.448289161429812,1,0.833333333333333
"ENSG00000133265",0.00015181585115214,0.000657472971706253,5,1,0.447618649084768,1,1
"ENSG00000102854",3.61472381735436e-08,0.718411933860683,8,0,0.447080036388892,1,0.833333333333333
"ENSG00000185055",0.048083039793137,0.0566827104053986,4,0,0.444899206378343,1,1
"ENSG00000148719",0.000657430007883115,1,8,0,0.444872247036989,1,0.833333333333333
"ENSG00000160113",1.06673484522043e-10,2.24594479344632e-07,4,2,-0.434061198139945,1,1
"ENSG00000132581",5.1208389926706e-06,1,4,0,0.432443515688817,1,0.833333333333333
"ENSG00000167920",0.0035864054709458,0.00850846450382284,6,1,-0.431737533809121,1,0.833333333333333
"ENSG00000184709",0.00387946249048362,1,3,0,0.431349848333303,1,1
"ENSG00000132470",3.89456564561535e-05,1,7,0,-0.428572071555322,1,1
"ENSG00000135052",1.74093673949046e-05,0.642308384761147,4,0,0.427341003581649,1,1
"ENSG00000177879",0.000756956772853921,0.000359494420603745,3,1,0.423145525748171,1,1
"ENSG00000175334",5.70125219596068e-11,1,5,0,0.420548808613847,1,1
"ENSG00000183172",0.00296733077377411,0.0258747824166464,6,1,0.419351790585482,1,1
"ENSG00000114209",1.34891990645189e-07,0.00379418643351571,7,1,0.419050293955122,1,0.833333333333333
"ENSG00000185825",1.13949697700424e-09,2.62686891668681e-08,4,1,-0.416785400772115,1,1
"ENSG00000234545",0.0168868800747629,0.923486238055455,5,0,-0.413928755860087,1,1
"ENSG00000135363",3.5331066228369e-05,1,6,0,-0.413295969653793,1,0.833333333333333
"ENSG00000166979",0.000421818576382393,1,6,0,-0.411763389948175,1,0.833333333333333
"ENSG00000124942",0.0303675931925447,0,2,2,-0.410788087276037,1,1
"ENSG00000104529",1.76596891702478e-09,1.19226638109133e-09,4,2,0.406486771115794,1,1
"ENSG00000118705",0.00570383546465011,0.0399128223372218,4,1,0.404299457929511,1,1
"ENSG00000023191",3.71778703383138e-07,4.08005295810133e-08,5,2,-0.403948679069131,1,1
"ENSG00000119333",4.57974715116144e-08,1,3,0,-0.401331381921974,1,1
"ENSG00000149084",0.017402716352311,1,4,0,0.398967222798199,1,1
"ENSG00000106682",0.00434003001790888,0.0701860520257079,3,0,0.397516891488641,0.833333333333333,0.833333333333333
"ENSG00000143947",1.56917657480998e-82,0,2,2,-0.394990579986382,1,1
"ENSG00000073584",1.14427979049283e-05,1,11,0,-0.391304201512979,1,0.833333333333333
"ENSG00000110321",1.23231112968997e-06,0.0200257901007311,7,1,0.390485591150251,1,1
"ENSG00000107164",0.0389400335539009,1,3,0,-0.387911545340005,1,1
"ENSG00000108523",0.0231713139014869,0.735951448334988,7,0,0.382912307699446,1,1
"ENSG00000203985",0.000654273981244556,1,8,0,0.382393419586156,1,0.666666666666667
"ENSG00000103005",0.0320117263398037,1,3,0,-0.379296790092483,0.833333333333333,0.833333333333333
"ENSG00000007174",0.000612578279959232,0.451350634253224,7,0,0.378683654660161,0.833333333333333,0.833333333333333
"ENSG00000103495",0.0274376568289057,0.518964496628592,5,0,0.377481768250418,1,1
"ENSG00000113163",0.00508985278720521,1,5,0,0.376017046334953,1,1
"ENSG00000175756",0.0313104837984451,0.00611544703131846,4,1,0.375052424250707,1,1
"ENSG00000186594",0.0306509660085253,1,6,0,0.374971236718549,1,0.833333333333333
"ENSG00000175324",2.70050690653735e-07,1,3,0,-0.374228943278939,1,1
"ENSG00000167965",0.0255884668039859,1,4,0,0.368747782423976,1,1
"ENSG00000160752",2.54649770810053e-14,1,6,0,-0.368465965423066,1,1
"ENSG00000165644",0.00129625509306202,0.336522589781382,3,0,-0.3639075250715,1,1
"ENSG00000122359",1.02666411177099e-07,0.000495641262230826,7,1,-0.362179017197173,1,1
"ENSG00000117616",0.0389400335539009,0.147264138434959,6,0,-0.36096299960484,1,0.833333333333333
"ENSG00000113712",2.11904441126295e-25,1,10,0,0.360458972884125,1,0.5
"ENSG00000119801",0.000164324976290305,1,7,0,-0.359121684296011,1,0.833333333333333
"ENSG00000166598",0.000110471289444998,0.00252645597854315,4,1,0.355363826791243,1,1
"ENSG00000171314",2.95464370545282e-21,1,3,0,-0.352393916655436,1,1
"ENSG00000160799",0.00027193289296249,0.0384167384661744,6,1,0.349524899477614,1,1
"ENSG00000072110",4.4149719813288e-06,1,5,0,-0.349465548387131,1,1
"ENSG00000128309",6.96622126837422e-09,0.11303076237019,5,0,0.348431584423071,1,1
"ENSG00000148334",0.0118817688250892,1,5,0,0.34789930887448,1,1
"ENSG00000146457",0.0196806687272651,1,8,0,0.344266329506263,1,0.666666666666667
"ENSG00000281649",0.00922413348516708,0.117980347701317,6,0,-0.342879365033276,1,0.833333333333333
"ENSG00000182670",0.00140870727001748,1,7,0,-0.338447474186304,1,1
"ENSG00000100129",4.1558958331328e-08,1,6,0,0.337986711045238,1,1
"ENSG00000158864",0.000253173950894841,0,2,2,0.336773834315156,1,1
"ENSG00000140943",0.0375123308769392,0.52192024037343,3,0,0.335742098793641,1,1
"ENSG00000178057",3.54694419549155e-07,1,6,0,0.334718637513036,1,1
"ENSG00000196344",2.59520178229374e-07,1,4,0,-0.33341032677538,1,1
"ENSG00000124596",0.00109847571416209,1,10,0,-0.333332495121098,0.833333333333333,0.666666666666667
"ENSG00000203666",0.000535659088014077,1,6,0,-0.332193533339497,1,0.833333333333333
"ENSG00000079999",0.0102354755159815,1,4,0,-0.331762447516282,1,1
"ENSG00000072042",0.0157139061392089,0,2,2,0.328870185744821,1,1
"ENSG00000175866",0.0222237815452921,1,7,0,0.328065385100369,0.833333333333333,0.666666666666667
"ENSG00000141504",0.00211357023273823,1,5,0,-0.327182171661307,1,1
"ENSG00000156508",2.79725211887868e-289,0,2,2,0.326941783646971,1,1
"ENSG00000147676",0.00926877359000841,0.00429040836914062,3,1,-0.32292873466028,1,1
"ENSG00000161921",0.000289680412705262,1,5,0,-0.321901393359778,1,1
"ENSG00000179403",0.019848892109297,0.986787411921697,3,0,-0.320564164560035,1,1
"ENSG00000154582",7.30861675833598e-05,1,10,0,0.320020196794565,1,0.833333333333333
"ENSG00000125826",0.00322016523196959,0.95562268463149,6,0,-0.319332795556479,1,1
"ENSG00000052802",0.0126756719297348,0.0138999104862819,4,1,0.318968463011357,1,1
"ENSG00000111328",0.0117153268952655,1,5,0,-0.318696581036274,1,1
"ENSG00000063854",1.08046406998616e-10,0.00825023287018498,5,1,-0.318580300686903,1,1
"ENSG00000133318",0.00586813684679106,1,5,0,0.317072903950875,1,1
"ENSG00000168036",0.00480016681639493,1,8,0,-0.316822002564903,1,0.833333333333333
"ENSG00000117362",0.0109125556729009,0.0054826501224479,3,1,-0.315301462450126,1,1
"ENSG00000189067",0.00341417931635316,0.169254658616094,5,0,0.314735230464383,1,1
"ENSG00000090060",0.000188665640910723,1,5,0,0.314446569023052,1,1
"ENSG00000082153",7.75717895673216e-05,0.760694353397426,4,0,0.31330942470498,1,1
"ENSG00000147654",0.000130621547744227,1,6,0,-0.312235829304432,1,1
"ENSG00000173812",3.78066165581536e-15,5.02920919798609e-16,3,1,-0.311758993705379,1,1
"ENSG00000136147",0.00810086322898793,1,6,0,0.310605994084273,1,0.833333333333333
"ENSG00000169062",0.00268577405642299,0.54770212651189,7,0,-0.30831646704104,1,1
"ENSG00000137752",0.0291808080279805,0.218077679701961,5,0,-0.30769884448315,1,1
"ENSG00000141905",0.00127710928425641,1,7,0,-0.307694093070896,1,0.833333333333333
"ENSG00000138674",0.0400193251225805,1,6,0,-0.307692307692298,1,0.833333333333333
"ENSG00000101940",1.16105027496757e-05,1,5,0,-0.304347889016675,1,1
"ENSG00000204385",6.81074035410027e-08,0.345941132518513,4,0,-0.300899625717903,1,1
"ENSG00000110958",2.43566517154444e-09,0.751561020902193,4,0,0.300680372751219,1,1
"ENSG00000104611",0.0231713139014869,0.901996419117072,6,0,-0.300307106456699,1,0.833333333333333
"ENSG00000162949",4.05611549121037e-05,0.0411151835457208,6,1,-0.300140671708956,1,1
"ENSG00000100650",2.27336168772043e-10,1,5,0,-0.297245545541888,1,1
"ENSG00000131051",8.05464990150566e-05,1,12,0,-0.297236139923749,1,0.833333333333333
"ENSG00000146223",0.00524590890077273,1,7,0,0.295614392630088,1,0.833333333333333
"ENSG00000176393",0.00366397681982331,1,4,0,-0.295452257849183,1,1
"ENSG00000106305",0.00290154986406807,1,3,0,0.294821463361145,1,1
"ENSG00000204580",5.76342192513929e-05,1,7,0,-0.294117103076188,0.833333333333333,0.833333333333333
"ENSG00000128272",0.00157996878430622,0.0385898827959053,4,1,0.293197480454681,1,1
"ENSG00000166145",4.47947127074901e-05,0.136749101436142,9,0,-0.291664751529953,1,0.833333333333333
"ENSG00000115484",8.1837163388144e-07,1,5,0,-0.291468681386237,1,1
"ENSG00000147889",9.97417822249135e-07,0.288332659371094,8,0,0.288888180214604,1,1
"ENSG00000177106",0.00204800743094103,1,9,0,-0.285714285714286,1,0.833333333333333
"ENSG00000167136",0.000562645619366348,0.279922363375145,3,0,-0.28504215548923,1,1
"ENSG00000150773",0.00312581185411094,1,5,0,-0.283838296224388,1,1
"ENSG00000137776",0.00100766594354789,0.130169110092414,8,0,0.282903652054149,1,1
"ENSG00000151327",0.000577135079075502,1,6,0,-0.282058092280949,1,1
"ENSG00000111639",1.95743745285496e-12,0.0738693098530276,6,0,-0.281579323234168,1,1
"ENSG00000206053",0.0274376568289057,1,4,0,-0.281578543442194,1,1
"ENSG00000135185",0.000577504587114834,1,6,0,-0.280181396061289,1,0.833333333333333
"ENSG00000105974",0.0118817688250892,0.0489939028308079,5,1,-0.279352948365394,1,1
"ENSG00000197070",0.0214029342123571,1,5,0,-0.278006680048215,1,1
"ENSG00000104886",0.000126044342488191,0.610975342884309,7,0,0.277832566362864,1,1
"ENSG00000105289",0.0410591827223975,1,6,0,-0.277777432742958,1,1
"ENSG00000130640",0.00169108506803341,1,6,0,-0.277773859737965,0.833333333333333,0.833333333333333
"ENSG00000131236",3.72575779470524e-10,1,9,0,-0.272086849807066,1,1
"ENSG00000186081",2.73234820518417e-98,1,3,0,0.268447905987136,1,1
"ENSG00000175193",0.0472228366260146,0.634313268327257,4,0,0.268440174739582,1,1
"ENSG00000169223",2.43566517154444e-09,1,3,0,0.266522816121068,1,1
"ENSG00000149196",0.0445483386909076,1,4,0,-0.264421173852748,1,0.833333333333333
"ENSG00000168610",0.00179777104546529,1,6,0,0.262613315563655,1,1
"ENSG00000031698",0.00219007171859705,1,3,0,-0.262016720832992,1,1
"ENSG00000173272",3.90823418831389e-07,1,6,0,-0.260866525045454,1,1
"ENSG00000163660",3.88239404426205e-09,1,12,0,-0.260351317894565,1,1
"ENSG00000137098",0.00167677919102111,0.592999752217432,8,0,-0.260307996151015,1,1
"ENSG00000115457",1.51848759968196e-09,2.36556767213314e-09,3,2,-0.259675212236367,1,1
"ENSG00000114354",7.50064372951071e-06,0.0505558151448993,5,0,0.258064493922031,1,1
"ENSG00000197956",2.78858615652951e-299,1,3,0,-0.254589571253461,1,1
"ENSG00000176532",0.00727663418385132,1,5,0,-0.250003342529343,1,1
"ENSG00000144504",0.00166909929286849,1,10,0,-0.249999861456984,1,0.666666666666667
"ENSG00000123159",2.25668888421684e-17,1,8,0,-0.249999649274146,1,1
"ENSG00000064490",0.00100273122153762,0.962215186158897,6,0,0.249211436291954,1,1
"ENSG00000127129",0.0404344730164338,0,2,2,-0.248957081951301,1,1
"ENSG00000120992",0.00129625509306202,1,5,0,0.243214604209756,1,1
"ENSG00000166946",0.0498055443907389,0.0361912473672252,4,1,0.241856388127505,1,1
"ENSG00000112096",7.45940721014476e-05,1,9,0,0.241388046206014,1,0.833333333333333
"ENSG00000122644",1.2080570856691e-07,0.208138941059073,6,0,-0.234042552772413,1,1
"ENSG00000173467",8.71730617183146e-08,0.000382586582893818,4,1,0.232089517570376,1,1
"ENSG00000197982",0.0121767713604499,1,3,0,0.231528605607042,1,1
"ENSG00000139218",0.0388051547142136,0.627775450386384,5,0,-0.23132389301488,1,1
"ENSG00000241468",0.0145385070441598,0.0127561262061163,3,2,-0.231299029550673,1,1
"ENSG00000116350",0.00124060897559528,0.0396144606270089,4,1,0.231127721181266,1,1
"ENSG00000130511",0.0227509820829819,1,8,0,0.230801401182328,1,1
"ENSG00000084234",0.00345653647539731,1,9,0,-0.228250000598919,1,1
"ENSG00000112110",0.00462990464858712,1,4,0,-0.227302916267392,1,1
"ENSG00000228723",0.0246399520077856,1,5,0,-0.225835591059514,1,1
"ENSG00000093144",8.53529398653483e-07,1,7,0,-0.225806632513598,1,1
"ENSG00000163466",3.91006795383183e-08,2.30313889734999e-09,3,1,-0.224817096130677,1,1
"ENSG00000128016",8.67652400250462e-06,0.00362061456635024,3,1,-0.224351747733314,1,1
"ENSG00000136810",2.58251996231645e-98,1,4,0,-0.22420530157347,1,1
"ENSG00000117525",2.26108994845274e-07,0.396520620690117,4,0,0.223972829884365,1,1
"ENSG00000127125",0.00062187731989005,1,7,0,0.223824323784419,1,1
"ENSG00000126524",7.03008068132085e-05,1,3,0,-0.222359018611997,1,1
"ENSG00000157992",0.0134235969184917,1,7,0,0.222246133520035,1,1
"ENSG00000157601",6.45352907503999e-06,1,7,0,-0.22222267885814,1,1
"ENSG00000042753",0.0302191721794153,0.0114389042196257,4,1,-0.218388730572721,1,1
"ENSG00000178951",0.0157139061392089,0.133738864567025,6,0,-0.218012092820427,1,1
"ENSG00000141232",0.0406224866013294,0,2,2,-0.216261174982582,1,1
"ENSG00000111237",0.0177839359818652,0.00933834026180206,3,1,0.215502571763968,1,1
"ENSG00000100138",0.00304961784629325,1,7,0,-0.213536558444949,1,1
"ENSG00000163832",0.00559641958215915,1,8,0,-0.213173006932547,1,1
"ENSG00000166710",3.1853991505291e-08,1,6,0,-0.213135582678453,1,1
"ENSG00000115963",0.00129625509306202,1,6,0,0.211110345454996,1,1
"ENSG00000112699",0.0217077619984326,1,4,0,-0.210196690033698,1,1
"ENSG00000162076",0.0035637911399309,1,4,0,0.209932937839591,1,1
"ENSG00000172239",0.00047989860422472,1,7,0,-0.206895911890563,1,1
"ENSG00000169764",0.0126770785382721,1,6,0,0.204156471837229,1,1
"ENSG00000159588",0.00494177702946404,1,13,0,-0.203354101395306,1,0.833333333333333
"ENSG00000104852",0.000877099277383349,1,5,0,-0.202123800835735,1,1
"ENSG00000163938",0.0222237815452921,1,3,0,-0.201825502393074,1,1
"ENSG00000147403",1.5160336792947e-13,4.48712909432097e-08,9,1,0.200436124288005,1,1
"ENSG00000147140",0.0217077619984326,0.823924179688373,7,0,0.199999966802808,1,1
"ENSG00000185499",8.86075369750688e-10,1,10,0,-0.199999953274957,1,1
"ENSG00000138085",7.76737244534412e-10,1,6,0,0.198830269422988,1,1
"ENSG00000163382",0.0238632410899252,1,3,0,0.198715318996572,1,1
"ENSG00000069011",0.0426624835778392,0.922738975523598,5,0,-0.197456919617067,1,1
"ENSG00000167460",0.0420811305319695,0.635499129160558,6,0,-0.19067086692236,1,1
"ENSG00000137648",0.0195735002711841,1,6,0,-0.188345922799555,1,1
"ENSG00000115310",0.00595442591220234,1,5,0,0.188171706224353,1,1
"ENSG00000004838",1.23231112968997e-06,0.0205933016428937,4,1,-0.188031468017178,1,1
"ENSG00000162909",0.000441132407645343,0,2,2,-0.188020505022001,1,1
"ENSG00000166164",0.0388051547142136,1,4,0,0.187973961708216,1,1
"ENSG00000099282",0.045399864297807,0.224829241500649,4,0,-0.186699173408127,1,1
"ENSG00000144381",0.025417010687421,0.100986139584014,3,0,-0.185346331216831,1,1
"ENSG00000122545",0.00529034947563646,1,7,0,0.183783570285976,1,1
"ENSG00000154640",0.000579156493629126,1,5,0,-0.18334247533203,1,1
"ENSG00000162496",2.22888934641473e-09,0.842477003388408,8,0,0.182351173811887,1,1
"ENSG00000081870",0.0423656632089875,0.606241548258997,6,0,-0.18182812223549,1,1
"ENSG00000118515",0.000524873423690094,1,4,0,-0.181707580198615,1,1
"ENSG00000099901",0.0323373857646444,0.0139380789162772,3,1,0.18142782275341,1,1
"ENSG00000100219",0.000314269175140295,1,5,0,0.1797245727164,1,1
"ENSG00000184584",0.0291808080279805,1,6,0,-0.179505990221537,1,1
"ENSG00000108244",0.0306930754593095,0.216745519077824,3,0,-0.179440041146493,1,1
"ENSG00000104763",0.00101638374305438,1,7,0,0.178685207098335,1,1
"ENSG00000135373",0.00483125976314185,1,4,0,-0.178571637375317,1,1
"ENSG00000109332",0.0406266203216809,1,7,0,0.177205322759611,1,1
"ENSG00000165474",0.0112906083742631,1,3,0,-0.17654758490773,1,1
"ENSG00000163319",0.0267407348850809,1,6,0,0.176016216417902,1,1
"ENSG00000143420",0.000732041544291525,1,4,0,-0.173597674117125,1,1
"ENSG00000168066",0.0225224088436929,1,4,0,0.173395832057523,1,1
"ENSG00000167671",0.0459396044691477,1,5,0,-0.173174415317623,1,1
"ENSG00000175183",0.0118817688250892,0.841773286143056,4,0,-0.171866725657924,1,1
"ENSG00000185201",0.00100273122153762,0.504895459180788,4,0,0.171030465887534,1,1
"ENSG00000164032",1.9255670636938e-06,1,3,0,-0.169798201942874,1,1
"ENSG00000172725",1.22237577812068e-05,1,3,0,-0.16767222024757,1,1
"ENSG00000163565",0.000206525225216068,1,14,0,-0.167415145865268,1,0.833333333333333
"ENSG00000069849",0.00175833677821862,1,3,0,-0.167263070951141,1,1
"ENSG00000183291",0.0309389379280353,1,4,0,-0.166757253191834,1,1
"ENSG00000267795",0.00109592748847315,0.352205783932061,7,0,-0.166666415889124,1,1
"ENSG00000143222",2.43895813675726e-14,1,4,0,-0.166467750995867,1,1
"ENSG00000099783",1.12514940462873e-05,1,7,0,0.165880478488165,1,1
"ENSG00000165119",0.000266787904152278,1,7,0,-0.163789818958776,1,1
"ENSG00000120885",0.00157996878430622,1,4,0,-0.162096667967191,1,1
"ENSG00000068697",4.51063689605156e-13,1,4,0,-0.161203913353515,1,1
"ENSG00000123395",0.0313104837984451,0.323246821505076,3,0,-0.156964175695613,1,1
"ENSG00000105854",0.0359072859720662,0.873292831706613,4,0,0.156352656010957,1,1
"ENSG00000213145",0.000996491740160418,0.297665265529393,6,0,-0.156229995611138,1,1
"ENSG00000087842",0.00531244504883185,1,4,0,0.152829226756376,1,1
"ENSG00000198355",0.0152213760869669,1,3,0,-0.152704502854863,1,1
"ENSG00000114956",0.0195735002711841,1,6,0,0.152141644293531,1,1
"ENSG00000130255",0.0022744990436901,1,5,0,0.149358802346335,1,1
"ENSG00000177989",0.0209557106032679,1,15,0,0.14864624429571,1,1
"ENSG00000153774",0.000365163817358793,1,7,0,0.14583559456759,1,1
"ENSG00000065054",0.000365279497609706,1,5,0,-0.144639948819675,1,1
"ENSG00000175348",0.043852606202573,1,5,0,-0.139497799499995,1,1
"ENSG00000170035",0.0247543885847696,1,5,0,0.138715018243404,1,1
"ENSG00000115875",0.00276615455200725,1,5,0,0.138304899410876,1,1
"ENSG00000198643",1.14488255583571e-06,1,3,0,0.134597810287237,1,1
"ENSG00000178952",0.000252544076743542,0,2,2,0.134591713196823,1,1
"ENSG00000167757",0.000197229268904066,1,7,0,0.131693227148459,1,1
"ENSG00000111906",0.0171521622384877,1,6,0,0.13095236514081,1,1
"ENSG00000118680",5.25408423996718e-07,0,2,2,-0.129530832242888,1,1
"ENSG00000198242",1.12514940462873e-05,1,3,0,-0.129377137585801,1,1
"ENSG00000087460",5.7153241116142e-14,1,11,0,0.128432842680651,1,1
"ENSG00000185043",0.000440023217858837,0,2,2,-0.128100528725809,1,1
"ENSG00000147123",0.0222237815452921,1,5,0,0.126523027898585,1,1
"ENSG00000172500",0.000174675374817961,1,4,0,0.125897114602923,1,1
"ENSG00000120727",0.0446216015654863,1,3,0,0.125828479049372,0.833333333333333,0.833333333333333
"ENSG00000090238",0.0236409068665872,1,5,0,-0.123735084101803,1,1
"ENSG00000100360",5.13327411986425e-06,1,6,0,0.123477631362851,1,1
"ENSG00000179262",0.000445943247985675,1,4,0,0.121739133742843,1,1
"ENSG00000027697",0.0424960539498835,1,4,0,-0.12167423566351,1,1
"ENSG00000137575",0.0287168657041758,1,4,0,-0.121516444599989,1,1
"ENSG00000130429",8.17656022558045e-09,1,3,0,-0.119583618386777,1,1
"ENSG00000272398",0.000578028957775665,1,4,0,-0.119373669339548,1,1
"ENSG00000108654",0.0246701748377444,1,4,0,0.118127208665397,1,1
"ENSG00000161960",5.06733132356572e-05,1,3,0,0.117847294202853,1,1
"ENSG00000106211",1.86642393363726e-07,1,3,0,-0.115530182095361,1,1
"ENSG00000106853",0.00551493619668498,1,9,0,-0.115312487281287,1,1
"ENSG00000005001",0.0446216015654863,1,5,0,0.113924443166836,1,1
"ENSG00000060138",2.68531584530664e-07,1,6,0,0.108635486445269,1,1
"ENSG00000176209",0.00143404752304087,1,7,0,-0.108107900361179,1,1
"ENSG00000168374",0.0380250673649646,1,3,0,0.107142857186189,1,1
"ENSG00000166136",0.00444873865779391,1,4,0,0.10683645740162,1,1
"ENSG00000176788",0.0157139061392089,1,3,0,0.106673742383987,1,1
"ENSG00000109971",0.00166308659663202,1,4,0,-0.104298261347477,1,1
"ENSG00000148180",5.76342192513929e-05,1,7,0,0.103141804859788,1,1
"ENSG00000100902",0.0195977146092183,1,3,0,0.102679306896699,1,1
"ENSG00000116044",0.000314269175140295,1,7,0,0.10238087611543,1,1
"ENSG00000166165",0.010936925352366,1,3,0,0.102173108048686,1,1
"ENSG00000116478",0.0227509820829819,1,3,0,-0.0992677947611357,1,1
"ENSG00000172354",0.00597061840762062,1,6,0,0.0989432744356333,1,0.833333333333333
"ENSG00000138326",4.90024668245402e-05,1,4,0,0.0975909716461136,1,1
"ENSG00000136521",0.0419189945115526,1,3,0,0.0940510039270313,1,1
"ENSG00000169908",0.000929181938509882,1,3,0,-0.0930753259392822,1,1
"ENSG00000170345",0.000200039260586302,1,5,0,-0.0922379371509759,1,1
"ENSG00000205420",1.10836804897637e-24,1,3,0,-0.0921264933107062,1,1
"ENSG00000053371",6.41517779671518e-05,1,4,0,-0.0908532491038635,1,1
"ENSG00000132475",0.0187328066526597,1,3,0,0.0866689217765658,1,1
"ENSG00000130066",1.34891990645189e-07,1,4,0,0.0860691424485276,1,1
"ENSG00000136238",0.0270753737769095,1,3,0,0.0840010675434603,1,1
"ENSG00000075415",4.0595055162034e-09,1,3,0,-0.0837952929446395,1,1
"ENSG00000163435",1.24944486220435e-06,1,4,0,0.0828697007041113,1,1
"ENSG00000170421",0.0200952768768055,1,3,0,0.0804510545248389,1,1
"ENSG00000181019",0.016118061697982,1,5,0,-0.0761683418644602,1,1
"ENSG00000113648",0.0111040606350375,1,7,0,-0.0745339599426014,1,1
"ENSG00000135486",0.00167677919102111,1,5,0,0.0640541365246854,1,1
"ENSG00000163931",0.00316737914600981,1,3,0,0.0608008071871167,1,1
"ENSG00000184009",0.00618301368031187,0,2,2,0.0523931447379163,1,1
"ENSG00000057149",0.000314269175140295,0,2,2,0.0464781307937229,1,1
"ENSG00000174444",0.0246399520077856,0,2,2,0.0445703124277346,1,1
"ENSG00000187514",0.0419189945115526,0,2,2,0.0399511092527493,1,1
