"gene_ID"	"gene_qvalue"	"minimal_tx_qvalue"	"number_tx"	"number_significant_tx"	"max(Secretory_uninfected_child_Uninfected-Secretory_uninfected_adult_Uninfected)"	"pct_gene_expr"	"max_pct_tx_expr"
"ENSG00000131203"	"ENSG00000131203"	0.0342555471496336	0	2	2	0.670966825888644	0.833333333333333	0.666666666666667
"ENSG00000119242"	"ENSG00000119242"	0.00732920255323907	0	2	2	0.642029285034494	0.833333333333333	0.666666666666667
"ENSG00000174021"	"ENSG00000174021"	2.27587609968075e-205	0	2	2	-0.624006076320765	1	1
"ENSG00000129194"	"ENSG00000129194"	1.21086160273962e-06	0	2	2	-0.612448164284129	1	1
"ENSG00000149273"	"ENSG00000149273"	1.04031166619464e-239	0	2	2	-0.605362687373669	1	1
"ENSG00000166900"	"ENSG00000166900"	0.0117929996070428	0	2	2	-0.589690592544936	0.833333333333333	0.666666666666667
"ENSG00000204469"	"ENSG00000204469"	0.0204243144084472	0	2	2	-0.550434042229414	1	0.833333333333333
"ENSG00000068903"	"ENSG00000068903"	0.000891410655933108	0	2	2	0.546154044275198	0.833333333333333	0.833333333333333
"ENSG00000185619"	"ENSG00000185619"	0.038660108787707	0	2	2	-0.543480529172038	1	1
"ENSG00000170525"	"ENSG00000170525"	0.0289418848574223	0	2	2	-0.513830638627002	0.833333333333333	0.833333333333333
"ENSG00000160972"	"ENSG00000160972"	0.00140439251566099	0	2	2	0.510322360430438	1	0.833333333333333
"ENSG00000152154"	"ENSG00000152154"	0.0337859644065933	0	2	2	0.498157826960378	0.833333333333333	0.833333333333333
"ENSG00000134258"	"ENSG00000134258"	4.51213329031646e-05	0	2	2	-0.469225662314553	1	1
"ENSG00000198843"	"ENSG00000198843"	2.21846918697217e-08	0	2	2	-0.454137295590712	1	1
"ENSG00000149313"	"ENSG00000149313"	0.00179187568585459	0	2	2	-0.450748171584464	1	1
"ENSG00000224616"	"ENSG00000224616"	0.0379750631266765	0	2	2	0.447362203588885	0.833333333333333	0.833333333333333
"ENSG00000151502"	"ENSG00000151502"	0.0282867927011726	0	2	2	-0.408415757569545	1	1
"ENSG00000185262"	"ENSG00000185262"	9.2737439081469e-06	0	2	2	-0.40641423282669	1	1
"ENSG00000156508"	"ENSG00000156508"	1.04031166619464e-239	0	2	2	-0.34828551854069	1	1
"ENSG00000119411"	"ENSG00000119411"	0.0174827597849844	0	2	2	0.342537594409345	1	1
"ENSG00000109189"	"ENSG00000109189"	0.00956282233677286	0	2	2	-0.340845644863255	1	0.833333333333333
"ENSG00000163527"	"ENSG00000163527"	0.00800263708551917	0	2	2	-0.337147763590579	1	1
"ENSG00000147592"	"ENSG00000147592"	3.97873827788401e-05	0	2	2	0.336840267355167	1	1
"ENSG00000141579"	"ENSG00000141579"	0.030056592156472	0	2	2	-0.330737797518948	1	1
"ENSG00000134057"	"ENSG00000134057"	0.0288492606290914	0	2	2	0.323452020219946	0.833333333333333	0.833333333333333
"ENSG00000113811"	"ENSG00000113811"	4.55269620008232e-06	0	2	2	0.310740521355019	1	1
"ENSG00000143294"	"ENSG00000143294"	0.0148535721540975	0	2	2	-0.280111600528677	1	1
"ENSG00000168476"	"ENSG00000168476"	0.013912032672462	0	2	2	0.25031526841176	1	1
"ENSG00000138495"	"ENSG00000138495"	0.000175548764540384	0	2	2	0.221046172869058	1	1
"ENSG00000153485"	"ENSG00000153485"	0.00088097448259373	0	2	2	-0.219865006496682	1	1
"ENSG00000164405"	"ENSG00000164405"	2.64288340825676e-09	0	2	2	-0.212297586470985	1	1
"ENSG00000158864"	"ENSG00000158864"	0.000994619261094716	0	2	2	-0.20905186608733	1	1
"ENSG00000064726"	"ENSG00000064726"	0.0243526299848516	0	2	2	0.206407942974689	1	1
"ENSG00000170540"	"ENSG00000170540"	0.000820808367425937	0	2	2	-0.203529373735432	1	1
"ENSG00000013275"	"ENSG00000013275"	1.52649393569154e-08	0	2	2	-0.198057721381124	1	1
"ENSG00000159335"	"ENSG00000159335"	0.000254154098969988	0	2	2	0.197499380805959	1	1
"ENSG00000148700"	"ENSG00000148700"	0.0132559717320319	0	2	2	0.191410440437083	1	1
"ENSG00000176153"	"ENSG00000176153"	0.000190696907934794	0	2	2	0.188288758081119	1	1
"ENSG00000100744"	"ENSG00000100744"	0.0114939594096789	0	2	2	-0.183716408465799	1	1
"ENSG00000104549"	"ENSG00000104549"	0.00948766312678193	0	2	2	0.183491435371122	1	1
"ENSG00000129625"	"ENSG00000129625"	0.00466472937122747	0	2	2	-0.171200043932349	1	1
"ENSG00000115233"	"ENSG00000115233"	0.00153547095963202	0	2	2	-0.17048645171397	1	1
"ENSG00000159388"	"ENSG00000159388"	0.0161016286925052	0	2	2	-0.161965004504077	1	1
"ENSG00000160789"	"ENSG00000160789"	0.00013203529635219	0	2	2	-0.161810640973577	1	1
"ENSG00000085117"	"ENSG00000085117"	0.00163071415413576	0	2	2	-0.159739849683258	1	1
"ENSG00000091640"	"ENSG00000091640"	2.84794459167616e-05	0	2	2	0.157751207817657	1	1
"ENSG00000243147"	"ENSG00000243147"	0.00581299852926162	0	2	2	-0.154548440910159	1	1
"ENSG00000171962"	"ENSG00000171962"	0.0324720558117728	0	2	2	0.151650314931837	1	1
"ENSG00000213523"	"ENSG00000213523"	0.0127081029645076	0	2	2	-0.149991630606906	1	1
"ENSG00000019102"	"ENSG00000019102"	0.00249011643427046	0	2	2	0.142298471853435	1	1
"ENSG00000006007"	"ENSG00000006007"	0.0346701897730436	0	2	2	-0.139233841087673	1	1
"ENSG00000140319"	"ENSG00000140319"	2.10261328190049e-16	0	2	2	-0.133102570820477	1	1
"ENSG00000170477"	"ENSG00000170477"	0.0233470142974755	0	2	2	-0.108723854373077	1	1
"ENSG00000266472"	"ENSG00000266472"	0.0129618203019971	0	2	2	0.104839646583378	1	1
"ENSG00000156411"	"ENSG00000156411"	0.022584154929477	0	2	2	0.104212272421901	1	1
"ENSG00000162909"	"ENSG00000162909"	1.77334917024385e-05	0	2	2	0.0971312223169175	1	1
"ENSG00000118680"	"ENSG00000118680"	1.46937747412935e-07	0	2	2	0.087446337242606	1	1
"ENSG00000168291"	"ENSG00000168291"	0.0410106730066319	0	2	2	-0.0852667818417885	1	1
"ENSG00000100220"	"ENSG00000100220"	0.00716620863623603	0	2	2	0.0836834427316115	1	1
"ENSG00000105401"	"ENSG00000105401"	0.0288492606290914	0	2	2	0.0831536960488755	1	1
"ENSG00000117984"	"ENSG00000117984"	2.81236267825156e-05	0	2	2	0.0808896152634904	1	1
"ENSG00000145491"	"ENSG00000145491"	0.0159572856482405	0	2	2	0.0801296956788808	1	1
"ENSG00000187446"	"ENSG00000187446"	0.0197573790329619	0	2	2	-0.0778485504520373	1	1
"ENSG00000105438"	"ENSG00000105438"	0.0483455084188972	0	2	2	0.0736577341058116	1	1
"ENSG00000134339"	"ENSG00000134339"	0.00120631340483263	0	2	2	-0.0730516353261467	1	1
"ENSG00000161011"	"ENSG00000161011"	0.0359181174267003	0	2	2	0.07108170871077	1	1
"ENSG00000116251"	"ENSG00000116251"	1.24712872973635e-06	0	2	2	-0.0664750195255224	1	1
"ENSG00000241343"	"ENSG00000241343"	1.56329787072541e-05	0	2	2	-0.064202570913361	1	1
"ENSG00000168090"	"ENSG00000168090"	0.0031709942238273	0	2	2	-0.0567333832580514	1	1
"ENSG00000142676"	"ENSG00000142676"	0.000177077475893589	0	2	2	0.0553062549416976	1	1
"ENSG00000164032"	"ENSG00000164032"	3.27158295248983e-09	0	2	2	0.0529422204930566	1	1
"ENSG00000099341"	"ENSG00000099341"	0.0163247134034472	0	2	2	-0.0527705284616531	1	1
"ENSG00000101856"	"ENSG00000101856"	0.0357046316129857	0	2	2	-0.051255427305173	1	1
"ENSG00000150459"	"ENSG00000150459"	0.00854032804279629	0	2	2	0.0497954415394	1	1
"ENSG00000118181"	"ENSG00000118181"	0.0100012364815871	0	2	2	-0.0485711879101187	1	1
"ENSG00000104823"	"ENSG00000104823"	0.00155350660662047	0	2	2	-0.0466318310674282	1	1
"ENSG00000108826"	"ENSG00000108826"	0.00487124304234285	0	2	2	0.0461095534788402	1	1
"ENSG00000109861"	"ENSG00000109861"	0.0187821574083403	0	2	2	-0.0440658787474775	1	1
"ENSG00000137331"	"ENSG00000137331"	5.51159233286778e-05	0	2	2	0.0423339541069156	1	1
"ENSG00000103363"	"ENSG00000103363"	0.0277335313119545	0	2	2	-0.0393519519706711	1	1
"ENSG00000125968"	"ENSG00000125968"	0.000566533214247202	0	2	2	0.0350975878211366	1	1
"ENSG00000100300"	"ENSG00000100300"	3.58754555070358e-05	0	2	2	0.03458700951181	1	1
"ENSG00000187514"	"ENSG00000187514"	1.34070908083609e-05	0	2	2	-0.0320646500981093	1	1
"ENSG00000142541"	"ENSG00000142541"	0.00081280709631429	0	2	2	-0.0298111075915011	1	1
"ENSG00000128422"	"ENSG00000128422"	3.26115545584231e-26	0	2	2	0.0295159975823622	1	1
"ENSG00000197353"	"ENSG00000197353"	6.71391260435663e-11	0	2	2	-0.0279337366589892	1	1
"ENSG00000163739"	"ENSG00000163739"	0.0152516959064041	0	2	2	-0.0248299414315343	1	1
"ENSG00000132341"	"ENSG00000132341"	0.0491663370906498	0	2	2	0.0224482077637972	1	1
"ENSG00000221983"	"ENSG00000221983"	0.00738297843945353	0	2	2	0.0218623051135791	1	1
"ENSG00000188846"	"ENSG00000188846"	0.00509738322177347	0	2	2	-0.0203836122257358	1	1
"ENSG00000164919"	"ENSG00000164919"	9.10272707920309e-239	1.02231511023218e-238	3	2	-0.823514375376295	1	1
"ENSG00000211450"	"ENSG00000211450"	1.04031166619464e-239	6.34670121618841e-219	4	1	0.882229156612117	1	1
"ENSG00000122026"	"ENSG00000122026"	1.04031166619464e-239	2.00450941605625e-162	4	1	-0.36061515366619	1	1
"ENSG00000115457"	"ENSG00000115457"	2.45936832875148e-135	1.89379842065204e-123	4	2	0.8613817333154	1	1
"ENSG00000100650"	"ENSG00000100650"	1.45482696457278e-109	8.47982665259027e-73	5	1	-0.561596579719216	1	1
"ENSG00000104529"	"ENSG00000104529"	5.37006876605709e-77	7.67872944395039e-63	3	3	-0.445687589417798	1	1
"ENSG00000173486"	"ENSG00000173486"	8.63386712798922e-78	2.9688741289571e-49	4	1	0.580239068005214	1	1
"ENSG00000140307"	"ENSG00000140307"	2.66352766665987e-53	3.04168773738077e-48	3	1	-0.585096177738417	1	1
"ENSG00000143977"	"ENSG00000143977"	7.64481734756162e-70	7.24028747436957e-44	4	1	0.529579379943754	1	1
"ENSG00000174547"	"ENSG00000174547"	6.85312473035321e-72	5.17676135333773e-42	5	2	-0.831450012287818	1	1
"ENSG00000070756"	"ENSG00000070756"	1.06621772376951e-112	5.33121760189936e-39	6	1	-0.53082043065329	1	1
"ENSG00000162896"	"ENSG00000162896"	7.55009757269053e-102	1.66046614085114e-38	4	1	0.714551789229161	1	1
"ENSG00000178741"	"ENSG00000178741"	1.15289804881686e-77	3.53205683341657e-37	3	1	-0.440600555816433	1	1
"ENSG00000113387"	"ENSG00000113387"	8.95774008235302e-53	9.53486126906185e-37	3	1	0.753613972957181	1	1
"ENSG00000163399"	"ENSG00000163399"	5.56693048514608e-63	2.38257472230586e-36	5	1	0.616176063882762	1	1
"ENSG00000130414"	"ENSG00000130414"	1.32874151508964e-51	1.07967826569088e-32	3	1	-0.719579681029415	1	1
"ENSG00000203875"	"ENSG00000203875"	7.23499828235219e-32	1.74572956964796e-32	6	3	0.440403717564386	1	1
"ENSG00000100575"	"ENSG00000100575"	8.94781863658319e-31	7.68341987174779e-32	3	1	0.903573137838806	1	1
"ENSG00000068697"	"ENSG00000068697"	1.98675147416569e-39	2.13667965890563e-31	3	1	-0.201210224202847	1	1
"ENSG00000173171"	"ENSG00000173171"	7.29604866830374e-45	9.50901019803748e-31	3	1	-0.835841088788052	1	1
"ENSG00000137818"	"ENSG00000137818"	3.02105999402083e-28	2.19907174905748e-30	3	2	-0.334800322291013	1	1
"ENSG00000102144"	"ENSG00000102144"	7.47595538523996e-29	5.87619778653379e-30	3	2	-0.443262531561807	1	1
"ENSG00000174444"	"ENSG00000174444"	1.09206968027099e-36	1.70199732430377e-29	3	1	0.962817475385962	1	1
"ENSG00000231925"	"ENSG00000231925"	1.03759397822446e-29	3.35425385468754e-28	5	1	0.835382709559799	1	0.833333333333333
"ENSG00000169567"	"ENSG00000169567"	1.0865015629958e-41	1.44609341231658e-27	4	2	-0.845527780907332	1	1
"ENSG00000185825"	"ENSG00000185825"	2.48017264211581e-58	2.790649804088e-27	4	1	-0.440144736551221	1	1
"ENSG00000080824"	"ENSG00000080824"	8.28613015362458e-136	9.16947205772304e-24	3	1	0.718399980633897	1	1
"ENSG00000173113"	"ENSG00000173113"	1.69542195699939e-22	9.85179575264773e-22	3	2	-0.31518752726154	1	1
"ENSG00000067064"	"ENSG00000067064"	8.29298836816627e-35	2.3822513257266e-21	4	1	0.44682964368679	1	1
"ENSG00000173272"	"ENSG00000173272"	7.00490853911272e-29	4.87676867710345e-21	3	1	0.318018644030394	1	1
"ENSG00000105519"	"ENSG00000105519"	4.22712537476017e-49	1.6261339888854e-20	6	1	-0.341191570486178	1	1
"ENSG00000163931"	"ENSG00000163931"	7.32168167152782e-42	1.69022018695243e-20	3	1	-0.222463677908781	1	1
"ENSG00000120992"	"ENSG00000120992"	5.06925914391183e-32	5.1640675882176e-20	6	1	0.543918229839323	1	1
"ENSG00000163466"	"ENSG00000163466"	6.0879060179572e-25	7.08303392874073e-20	4	1	0.197255797222997	1	1
"ENSG00000161203"	"ENSG00000161203"	7.27185865636339e-47	7.29147213091474e-20	3	1	-0.190087398105899	1	1
"ENSG00000108244"	"ENSG00000108244"	1.2356285951814e-43	1.04405708733525e-19	3	1	0.244824007592087	1	1
"ENSG00000158747"	"ENSG00000158747"	4.7600248037733e-32	4.11486422878469e-18	5	1	-0.787162638602419	1	1
"ENSG00000004455"	"ENSG00000004455"	4.6119396086095e-22	1.52776709468426e-17	4	1	-0.625065329743767	1	1
"ENSG00000130164"	"ENSG00000130164"	3.26924254753263e-25	2.10513596864978e-16	3	2	-0.894731561846989	1	1
"ENSG00000150779"	"ENSG00000150779"	2.11347540040196e-27	4.11234550482834e-16	6	2	-0.526848974973144	1	1
"ENSG00000115963"	"ENSG00000115963"	5.30370849433152e-20	4.38614578125103e-16	5	2	-0.389875084192927	1	1
"ENSG00000167642"	"ENSG00000167642"	5.82298933652567e-15	5.25559954334161e-16	3	1	-0.214719680933536	1	1
"ENSG00000175110"	"ENSG00000175110"	2.53496220127807e-14	8.23706679666569e-16	4	2	0.521720570402273	1	1
"ENSG00000168310"	"ENSG00000168310"	4.55386632398675e-18	1.37846308265905e-15	4	1	-0.703516029085652	1	0.833333333333333
"ENSG00000164713"	"ENSG00000164713"	5.98082522386505e-16	1.47667209479596e-15	3	1	0.230562709414166	1	1
"ENSG00000120438"	"ENSG00000120438"	4.17415523052666e-34	1.54177128543639e-15	4	1	0.493429276361855	1	1
"ENSG00000116285"	"ENSG00000116285"	5.98082522386505e-16	2.71906898060968e-15	4	2	0.626406961918518	1	1
"ENSG00000175756"	"ENSG00000175756"	2.3378535686779e-13	4.8910900629557e-15	4	2	-0.336488577877652	1	1
"ENSG00000245532"	"ENSG00000245532"	1.81434004183686e-13	6.79951569902769e-15	4	1	0.271218827874803	1	1
"ENSG00000126934"	"ENSG00000126934"	1.19699394645549e-12	2.42266177684716e-14	5	2	0.406902655422905	1	1
"ENSG00000117394"	"ENSG00000117394"	9.98310903493107e-28	4.97587006232964e-14	4	1	-0.679320114405888	1	1
"ENSG00000170017"	"ENSG00000170017"	2.87228375004428e-16	3.64753465514171e-13	3	1	0.80454905931892	1	0.833333333333333
"ENSG00000067167"	"ENSG00000067167"	2.24044000713497e-22	4.61722806460021e-13	4	1	-0.822566559301287	1	0.833333333333333
"ENSG00000161013"	"ENSG00000161013"	6.62096063961066e-14	5.62612181527369e-13	4	3	0.64530369406082	1	0.833333333333333
"ENSG00000117523"	"ENSG00000117523"	1.09125310760543e-15	6.35387141301033e-13	4	1	0.70126430129275	1	1
"ENSG00000132274"	"ENSG00000132274"	2.97633260609945e-18	6.97447345719102e-13	6	1	-0.755350605013308	1	0.833333333333333
"ENSG00000065883"	"ENSG00000065883"	7.38934584325494e-14	8.4021148781033e-13	3	1	0.70743667192553	1	1
"ENSG00000143549"	"ENSG00000143549"	2.01614832189336e-76	1.0678649850391e-12	10	1	0.441441537686636	1	0.833333333333333
"ENSG00000185650"	"ENSG00000185650"	5.46465125567349e-43	1.31909588664561e-12	6	1	0.430302036756879	1	1
"ENSG00000257698"	"ENSG00000257698"	6.10889898960045e-65	1.78168783992571e-12	5	1	-0.789212887332394	1	0.833333333333333
"ENSG00000181163"	"ENSG00000181163"	2.4112199985066e-16	2.15186273759307e-12	3	1	-0.482426979687822	1	1
"ENSG00000116350"	"ENSG00000116350"	3.02038482205823e-19	2.24101513540815e-12	3	1	-0.392027060252502	1	1
"ENSG00000165175"	"ENSG00000165175"	5.85289494985134e-17	1.60807389495261e-11	4	1	-0.531001617835356	1	1
"ENSG00000110321"	"ENSG00000110321"	4.27492408493069e-31	1.71188656219101e-11	8	2	0.19584164987745	1	1
"ENSG00000078668"	"ENSG00000078668"	1.22130344712349e-20	2.21307298584558e-11	3	1	-0.315051328162932	1	1
"ENSG00000100979"	"ENSG00000100979"	5.31434027200831e-23	2.87603123503383e-11	4	1	0.730292577075185	1	1
"ENSG00000021355"	"ENSG00000021355"	1.68925518062359e-14	3.2344560935221e-11	5	2	-0.532478426258102	1	1
"ENSG00000065054"	"ENSG00000065054"	2.27219503573329e-27	4.99979779334777e-11	7	1	0.485961251540641	1	1
"ENSG00000257727"	"ENSG00000257727"	1.50746426822356e-32	1.14317528714279e-10	5	1	-0.837628528617653	1	1
"ENSG00000105176"	"ENSG00000105176"	1.87337470721457e-25	1.34403155432082e-10	9	1	-0.460484302816369	1	0.833333333333333
"ENSG00000104660"	"ENSG00000104660"	3.15611748876422e-17	4.4175691470588e-10	3	2	0.815316848380902	1	0.833333333333333
"ENSG00000101447"	"ENSG00000101447"	1.79538713151624e-09	4.49829047612623e-10	3	1	-0.658213893486815	1	1
"ENSG00000011009"	"ENSG00000011009"	2.88850240637215e-11	6.46803828610103e-10	5	1	0.41186075108295	1	1
"ENSG00000150787"	"ENSG00000150787"	4.68277853938954e-30	8.77197910406386e-10	3	1	-0.900886783005107	1	1
"ENSG00000178057"	"ENSG00000178057"	3.87521335045813e-19	8.82768310652983e-10	5	1	-0.290319730547093	1	1
"ENSG00000109180"	"ENSG00000109180"	6.67006184077064e-17	1.10822820183093e-09	5	1	0.289266367552652	1	1
"ENSG00000182853"	"ENSG00000182853"	2.35867155227596e-08	1.15772157791559e-09	3	1	0.175454668542282	1	1
"ENSG00000243955"	"ENSG00000243955"	2.22725576520345e-64	1.20418686428653e-09	3	1	-0.291327639767281	1	1
"ENSG00000241468"	"ENSG00000241468"	4.70897207782703e-12	1.33025092486876e-09	3	1	0.167093506687761	1	1
"ENSG00000102024"	"ENSG00000102024"	8.41390511399291e-11	2.7610528585313e-09	3	1	-0.650101341980338	1	1
"ENSG00000155957"	"ENSG00000155957"	8.04520859252048e-16	2.81161827410627e-09	5	3	-0.834465915279137	0.833333333333333	0.833333333333333
"ENSG00000115310"	"ENSG00000115310"	1.22904853240646e-34	3.47139194113717e-09	6	1	0.293505739682894	1	1
"ENSG00000245694"	"ENSG00000245694"	2.95405159410894e-39	4.2287914785424e-09	7	3	-0.297481358674096	1	1
"ENSG00000266412"	"ENSG00000266412"	3.22071886537747e-32	4.31745055837195e-09	9	2	0.687964119158484	1	0.833333333333333
"ENSG00000100568"	"ENSG00000100568"	1.72549312952285e-77	4.80999695470719e-09	3	1	-0.848780407143092	1	1
"ENSG00000151715"	"ENSG00000151715"	3.40322852178929e-07	6.07471213055454e-09	5	2	-0.345160636442248	1	1
"ENSG00000109083"	"ENSG00000109083"	2.29260809934064e-07	6.18367095541244e-09	4	2	-0.480748249367101	1	1
"ENSG00000102054"	"ENSG00000102054"	9.58870895718556e-60	8.43644805383969e-09	4	1	-0.871792378118045	1	1
"ENSG00000103415"	"ENSG00000103415"	9.27975483692689e-24	1.24988506258213e-08	5	1	-0.496609632017975	1	1
"ENSG00000146731"	"ENSG00000146731"	2.45325241473194e-15	1.46296447978927e-08	3	2	-0.595515571376803	1	1
"ENSG00000128510"	"ENSG00000128510"	5.76478598107228e-24	2.05651880510197e-08	6	2	-0.405431036502162	1	1
"ENSG00000198960"	"ENSG00000198960"	2.44931630960833e-11	2.08577463982547e-08	4	1	0.697659373023054	1	1
"ENSG00000151552"	"ENSG00000151552"	2.24620046845097e-08	4.31592496217741e-08	4	1	-0.532173076976384	1	1
"ENSG00000001084"	"ENSG00000001084"	6.99779571283816e-22	4.42904384124047e-08	7	1	0.456629710297347	1	1
"ENSG00000238227"	"ENSG00000238227"	1.79706965688084e-07	4.64031892646784e-08	4	1	-0.630921316046551	1	0.833333333333333
"ENSG00000162496"	"ENSG00000162496"	2.17352617381499e-76	6.30257785928264e-08	10	1	-0.194077717299562	1	1
"ENSG00000169926"	"ENSG00000169926"	2.18707345942354e-13	6.86284991307707e-08	5	1	-0.657562609608628	1	0.833333333333333
"ENSG00000072210"	"ENSG00000072210"	5.14091970872261e-30	1.03219347451447e-07	7	1	-0.355449954519872	1	1
"ENSG00000105894"	"ENSG00000105894"	3.47001013451163e-07	1.13306839463203e-07	3	1	-0.534525976246089	1	1
"ENSG00000125944"	"ENSG00000125944"	7.50017378272259e-96	1.24875955813614e-07	10	1	-0.358107802859604	1	1
"ENSG00000079739"	"ENSG00000079739"	3.71442573354375e-10	1.4765575714054e-07	3	1	0.491398212808138	1	1
"ENSG00000159658"	"ENSG00000159658"	4.05110734883353e-10	1.73243663753956e-07	4	1	-0.625123695229553	1	0.666666666666667
"ENSG00000095383"	"ENSG00000095383"	1.31229051266461e-07	1.86753577716925e-07	6	1	-0.606718316482172	1	1
"ENSG00000198355"	"ENSG00000198355"	4.11293807731401e-19	1.8985122747041e-07	4	1	-0.224130621270308	1	1
"ENSG00000060138"	"ENSG00000060138"	1.98075239263001e-34	2.05810629129679e-07	6	1	0.169380269816818	1	1
"ENSG00000115520"	"ENSG00000115520"	8.10042159390748e-12	2.09250321391984e-07	3	1	0.790264235399467	1	1
"ENSG00000118849"	"ENSG00000118849"	1.61151396837391e-06	2.79254595687949e-07	3	1	0.21340418530732	1	1
"ENSG00000111639"	"ENSG00000111639"	2.66536555475664e-33	3.11282946114911e-07	4	1	0.207169494041614	1	1
"ENSG00000189377"	"ENSG00000189377"	3.85353507073242e-06	3.51110439819755e-07	3	2	0.472385815637908	1	1
"ENSG00000177830"	"ENSG00000177830"	1.26012769089915e-11	3.55652124339131e-07	3	1	0.510024824961088	1	1
"ENSG00000100461"	"ENSG00000100461"	2.52417818810993e-06	3.65709620432041e-07	5	1	0.666634959349061	1	1
"ENSG00000136261"	"ENSG00000136261"	4.80302259156446e-17	3.69611721173289e-07	4	1	-0.427561985751431	1	1
"ENSG00000160226"	"ENSG00000160226"	1.29513632410435e-06	3.98829683584711e-07	3	1	0.486544168525258	1	1
"ENSG00000128272"	"ENSG00000128272"	7.26682074564894e-08	4.47588808969481e-07	4	1	-0.193402978063501	1	1
"ENSG00000029993"	"ENSG00000029993"	2.93792528583412e-07	4.63821786861825e-07	3	1	0.3457371741435	1	1
"ENSG00000213676"	"ENSG00000213676"	5.51313994064882e-06	4.92642919910022e-07	3	2	0.654470016638324	0.833333333333333	0.833333333333333
"ENSG00000065457"	"ENSG00000065457"	2.83283629209788e-07	5.08796205031282e-07	4	1	0.749343144084715	1	0.666666666666667
"ENSG00000129654"	"ENSG00000129654"	2.72491660076032e-14	5.76709606405591e-07	4	1	0.419796613646174	1	1
"ENSG00000132356"	"ENSG00000132356"	2.11110523441404e-12	5.84929349366961e-07	3	1	0.715924272637203	1	0.833333333333333
"ENSG00000258752"	"ENSG00000258752"	7.5457862522737e-14	6.05829112258646e-07	3	1	0.436538923578153	1	1
"ENSG00000113161"	"ENSG00000113161"	1.4665513915084e-09	6.38806063818427e-07	4	1	0.769374563428382	1	0.666666666666667
"ENSG00000187492"	"ENSG00000187492"	7.31350996836669e-13	6.43995050353761e-07	6	2	-0.384619177712486	1	1
"ENSG00000120860"	"ENSG00000120860"	2.22171820687065e-10	6.83160911368695e-07	3	1	-0.379124526382391	1	1
"ENSG00000171055"	"ENSG00000171055"	1.87872944011006e-11	8.33425359300968e-07	4	2	0.457174515507817	1	1
"ENSG00000149658"	"ENSG00000149658"	1.01288990530619e-07	8.69396382728681e-07	4	1	-0.622676689967173	1	1
"ENSG00000170873"	"ENSG00000170873"	5.67623628849958e-08	9.73605094928454e-07	5	1	-0.449955202007006	1	1
"ENSG00000147676"	"ENSG00000147676"	6.2714816718274e-10	9.78387771354431e-07	3	2	0.22809597590123	1	1
"ENSG00000116478"	"ENSG00000116478"	1.16990217544419e-10	1.15151147388717e-06	3	1	-0.200797722439469	1	1
"ENSG00000164105"	"ENSG00000164105"	4.96970643567378e-11	1.16431581483055e-06	4	1	0.577950476605863	1	1
"ENSG00000078618"	"ENSG00000078618"	3.6946380908237e-09	1.20929645693908e-06	6	1	0.440299375489452	1	1
"ENSG00000107968"	"ENSG00000107968"	7.60404546698061e-16	1.23237107054547e-06	6	1	-0.499998653046893	1	1
"ENSG00000102854"	"ENSG00000102854"	1.47988098553882e-17	1.41239953000069e-06	8	1	-0.253868861137445	1	1
"ENSG00000136425"	"ENSG00000136425"	2.28535254762994e-06	1.52251515833743e-06	4	1	-0.526216249098727	1	1
"ENSG00000146963"	"ENSG00000146963"	1.64238738756978e-15	1.61021902649107e-06	4	2	0.433057351993236	1	1
"ENSG00000114416"	"ENSG00000114416"	7.15151939267794e-13	2.08030370162978e-06	12	1	0.23451890735325	1	1
"ENSG00000134779"	"ENSG00000134779"	1.30714712262246e-40	2.13505887883623e-06	10	1	-0.300751677745122	1	1
"ENSG00000263001"	"ENSG00000263001"	1.4705730643341e-14	2.19148872541554e-06	5	1	0.393168685954235	1	1
"ENSG00000164442"	"ENSG00000164442"	2.84896838278975e-05	2.35556256451663e-06	3	2	-0.264016511422768	1	1
"ENSG00000157778"	"ENSG00000157778"	1.53812531995349e-16	2.36923015301495e-06	6	2	-0.306849563357891	1	1
"ENSG00000067182"	"ENSG00000067182"	1.13923852586487e-10	3.00436402964176e-06	3	1	0.345286251503375	1	1
"ENSG00000157916"	"ENSG00000157916"	1.78459478094683e-05	3.32946794460682e-06	3	2	0.249252018803694	1	1
"ENSG00000104960"	"ENSG00000104960"	1.70663588781215e-05	3.3324593069109e-06	3	2	0.615791837313265	1	0.833333333333333
"ENSG00000197746"	"ENSG00000197746"	3.62564974521826e-09	3.36237987461529e-06	3	1	0.393066579832984	1	1
"ENSG00000114354"	"ENSG00000114354"	1.16097793606293e-12	4.13317576164518e-06	4	1	0.273665002246516	1	1
"ENSG00000144589"	"ENSG00000144589"	1.15172806371547e-11	4.13442484151101e-06	3	1	0.901364507736128	1	0.833333333333333
"ENSG00000125743"	"ENSG00000125743"	3.9937664388419e-10	4.45875363759417e-06	3	1	0.672419616091811	1	0.833333333333333
"ENSG00000167920"	"ENSG00000167920"	4.99705260640786e-13	4.63173536034046e-06	5	1	-0.423527081975132	1	1
"ENSG00000173418"	"ENSG00000173418"	2.26341318971041e-05	6.44550495677395e-06	3	2	0.175212286411958	1	1
"ENSG00000177427"	"ENSG00000177427"	5.60886646281027e-09	7.3321727226604e-06	3	1	0.723727467126183	1	0.666666666666667
"ENSG00000025708"	"ENSG00000025708"	1.57172367291694e-21	7.76803657245712e-06	7	1	0.349150179996409	1	1
"ENSG00000144161"	"ENSG00000144161"	2.8089280492268e-07	7.96505655910235e-06	5	1	0.634678091688391	1	1
"ENSG00000204220"	"ENSG00000204220"	2.6544306278837e-09	8.26733638722417e-06	4	2	-0.437040167772725	1	1
"ENSG00000276422"	"ENSG00000276422"	1.65104145792836e-06	9.09249607899161e-06	5	1	0.288697691128898	1	1
"ENSG00000133265"	"ENSG00000133265"	5.16568279332354e-10	9.95196610657093e-06	4	1	-0.358049099515307	1	1
"ENSG00000102317"	"ENSG00000102317"	6.56771849750321e-12	1.08030310985456e-05	3	1	-0.23823318794685	1	1
"ENSG00000204385"	"ENSG00000204385"	5.20943288536716e-28	1.08273605005256e-05	5	1	0.439602401670688	1	1
"ENSG00000118705"	"ENSG00000118705"	1.12387842472422e-13	1.11932909004373e-05	3	1	-0.247206828648745	1	1
"ENSG00000164104"	"ENSG00000164104"	9.661069897015e-05	1.2008856591804e-05	3	2	0.352253359151501	1	1
"ENSG00000150093"	"ENSG00000150093"	3.28644813247929e-35	1.24801818593019e-05	5	1	0.505477700261957	1	1
"ENSG00000172845"	"ENSG00000172845"	6.05941507474913e-11	1.3087255241773e-05	4	1	0.505727201977027	1	0.833333333333333
"ENSG00000184432"	"ENSG00000184432"	5.43648488080484e-23	1.36420260912837e-05	5	1	-0.452844572299682	1	1
"ENSG00000125166"	"ENSG00000125166"	1.37266433029426e-06	1.50393312271098e-05	3	1	-0.258568272323162	1	1
"ENSG00000131089"	"ENSG00000131089"	1.39364262741389e-05	1.58946393408023e-05	3	1	-0.725723641713855	1	0.833333333333333
"ENSG00000160838"	"ENSG00000160838"	4.44617173544313e-05	1.71452551362663e-05	3	2	0.420977832441115	1	1
"ENSG00000206140"	"ENSG00000206140"	1.13564472203895e-07	1.76691495740994e-05	6	1	0.614494954996517	1	1
"ENSG00000120742"	"ENSG00000120742"	1.49097522154318e-42	2.18986359504289e-05	6	1	-0.444807268306959	1	1
"ENSG00000068120"	"ENSG00000068120"	7.17360967752096e-05	2.27210601849657e-05	5	1	-0.412588585521315	1	1
"ENSG00000185055"	"ENSG00000185055"	5.78152035027053e-22	2.27738529065402e-05	6	1	-0.308362531779654	1	1
"ENSG00000183431"	"ENSG00000183431"	5.56831534365421e-07	2.32778879962485e-05	3	1	-0.682669706324322	1	0.833333333333333
"ENSG00000147010"	"ENSG00000147010"	1.67351625174254e-12	2.53113525343142e-05	4	1	-0.808207187107445	1	1
"ENSG00000100243"	"ENSG00000100243"	5.97243047759219e-08	2.6011163404464e-05	3	1	-0.34500710192597	1	1
"ENSG00000042317"	"ENSG00000042317"	0.000192166589904857	2.77341237174008e-05	5	1	0.637881484571783	1	1
"ENSG00000102738"	"ENSG00000102738"	1.7061948167099e-11	2.94011029080943e-05	3	1	-0.251889042545714	1	1
"ENSG00000170296"	"ENSG00000170296"	1.95611295396844e-43	2.95799607190458e-05	5	2	0.895558341302897	1	1
"ENSG00000105619"	"ENSG00000105619"	1.37718925918484e-09	2.97966824449318e-05	5	1	-0.454545424261939	1	1
"ENSG00000064490"	"ENSG00000064490"	4.85713916015284e-13	3.20647640607446e-05	7	2	-0.263195033667337	1	1
"ENSG00000167136"	"ENSG00000167136"	1.47977218788817e-16	3.43195683946223e-05	3	1	0.277339098620981	1	1
"ENSG00000087903"	"ENSG00000087903"	3.49206148951978e-09	3.55342756188085e-05	4	1	-0.640443489318441	1	1
"ENSG00000126005"	"ENSG00000126005"	3.57907857268293e-06	4.09750956797897e-05	4	2	0.366553410534992	1	1
"ENSG00000137699"	"ENSG00000137699"	1.98256290282417e-14	4.18282774494638e-05	5	1	0.352361416077455	1	1
"ENSG00000154380"	"ENSG00000154380"	1.91657082924531e-13	4.32734409118235e-05	7	2	-0.391069620316394	1	1
"ENSG00000213246"	"ENSG00000213246"	2.16110797973174e-08	4.37558494525865e-05	4	1	-0.284385953832064	1	1
"ENSG00000181061"	"ENSG00000181061"	2.06304211107665e-08	4.38855749751162e-05	4	1	-0.199999694458346	1	1
"ENSG00000204618"	"ENSG00000204618"	2.14687265871079e-07	4.48738727303842e-05	4	2	0.284934805369897	1	1
"ENSG00000159166"	"ENSG00000159166"	1.83612506394001e-29	5.39449584170604e-05	3	1	0.578132427736642	1	1
"ENSG00000101361"	"ENSG00000101361"	0.000540399796334369	5.71305536562686e-05	4	2	0.329377272393233	1	1
"ENSG00000174780"	"ENSG00000174780"	1.68191122011556e-06	5.86305438265367e-05	4	1	0.17946088030112	1	1
"ENSG00000243989"	"ENSG00000243989"	5.86415933267562e-05	5.99238756917842e-05	3	1	0.37842034655393	1	1
"ENSG00000100644"	"ENSG00000100644"	1.42296742813462e-09	6.03988939532345e-05	8	1	0.469441047597383	1	0.833333333333333
"ENSG00000134108"	"ENSG00000134108"	8.34338040383787e-07	6.46346882877192e-05	3	1	-0.647616306506576	1	1
"ENSG00000157259"	"ENSG00000157259"	1.84538991538072e-07	7.31101175423258e-05	3	1	0.612976820415863	1	0.833333333333333
"ENSG00000128923"	"ENSG00000128923"	5.75668343763521e-06	7.36778021657009e-05	3	1	0.541227948976887	1	1
"ENSG00000112715"	"ENSG00000112715"	1.56484465212371e-06	7.85137405317723e-05	4	1	-0.592289500691179	1	1
"ENSG00000148719"	"ENSG00000148719"	3.21712690052953e-11	8.38890436769927e-05	9	1	0.389622185760048	1	1
"ENSG00000185499"	"ENSG00000185499"	1.22752481623167e-23	8.98185484331233e-05	6	1	0.18124865521178	1	1
"ENSG00000127314"	"ENSG00000127314"	1.71168291516129e-14	9.18591110270408e-05	3	1	-0.236553463080285	1	1
"ENSG00000121579"	"ENSG00000121579"	2.98265190207819e-06	0.000104050545750936	4	1	-0.366118814896451	1	1
"ENSG00000126581"	"ENSG00000126581"	2.07437763375937e-44	0.000126921544740596	6	1	0.365516139775152	1	1
"ENSG00000100926"	"ENSG00000100926"	2.80219348755001e-10	0.000142516641218777	6	1	0.31029282771487	1	1
"ENSG00000115484"	"ENSG00000115484"	0.000351904401588369	0.000146996646117803	4	1	0.166920156615647	1	1
"ENSG00000115514"	"ENSG00000115514"	3.14781314873448e-06	0.000176455018939477	3	1	0.206495454674607	1	1
"ENSG00000156642"	"ENSG00000156642"	2.77029308642555e-08	0.000180539067836806	3	1	-0.224416532240253	1	1
"ENSG00000140575"	"ENSG00000140575"	2.23904540456768e-07	0.000190472449481602	3	1	-0.412837975872427	1	0.833333333333333
"ENSG00000173226"	"ENSG00000173226"	2.4112199985066e-16	0.000196673114702768	4	2	-0.572835035443102	1	1
"ENSG00000064199"	"ENSG00000064199"	1.61781771772629e-18	0.000200429466017419	3	1	-0.968768905543879	1	1
"ENSG00000205336"	"ENSG00000205336"	1.82108761451214e-06	0.00020816179322208	5	1	0.613414944375076	1	0.666666666666667
"ENSG00000093010"	"ENSG00000093010"	2.61397818071541e-40	0.000219032657858555	6	1	0.806524716014587	1	1
"ENSG00000078808"	"ENSG00000078808"	3.37372590602987e-11	0.000219706009939991	3	1	0.254134292306072	1	1
"ENSG00000176658"	"ENSG00000176658"	4.17711700726149e-08	0.000241470984570342	5	1	-0.55441216117323	1	1
"ENSG00000108641"	"ENSG00000108641"	5.46330630279557e-14	0.000247233585074401	6	1	-0.523076923076915	1	1
"ENSG00000104979"	"ENSG00000104979"	1.89795137608205e-08	0.000267403427087895	4	1	-0.915530345100688	0.833333333333333	0.666666666666667
"ENSG00000132463"	"ENSG00000132463"	7.08764261637687e-13	0.000268421616448882	7	1	-0.452135513361171	1	0.833333333333333
"ENSG00000130826"	"ENSG00000130826"	3.79419103786317e-33	0.000296047770779689	4	1	0.738437894559957	1	1
"ENSG00000176945"	"ENSG00000176945"	2.56242524171704e-11	0.000298835405405737	7	1	0.14580483399947	1	1
"ENSG00000132676"	"ENSG00000132676"	5.69336369167348e-06	0.000300214958224594	8	1	0.342880650160429	1	1
"ENSG00000141380"	"ENSG00000141380"	2.23786924637081e-18	0.00030245845102591	7	1	-0.449157349781075	1	1
"ENSG00000114779"	"ENSG00000114779"	0.00209336112971638	0.000325565481612138	3	2	0.369879932916164	1	1
"ENSG00000113643"	"ENSG00000113643"	0.000227542148859648	0.000334860410901128	3	1	0.198037042037853	1	1
"ENSG00000065882"	"ENSG00000065882"	2.0553207268573e-06	0.000339130402296367	4	1	-0.628040592680731	0.833333333333333	0.833333333333333
"ENSG00000109046"	"ENSG00000109046"	8.07771676958587e-06	0.000343824370811001	6	1	0.408118720470985	1	1
"ENSG00000139154"	"ENSG00000139154"	0.000174813386831108	0.000345322657523212	3	1	0.461159268125883	1	1
"ENSG00000155660"	"ENSG00000155660"	5.57330363551674e-05	0.000362527508564429	3	1	-0.356981387686699	1	1
"ENSG00000197728"	"ENSG00000197728"	0.00259683920024332	0.000365052841137117	3	2	0.264328601398481	1	1
"ENSG00000065154"	"ENSG00000065154"	5.27416844842883e-08	0.000399235357689104	4	1	-0.218980561680992	1	1
"ENSG00000137098"	"ENSG00000137098"	4.44268863675622e-13	0.000412823369765695	10	1	0.279267962013608	1	1
"ENSG00000117528"	"ENSG00000117528"	0.000206445140653424	0.000417590650716256	3	1	-0.758299482273072	0.833333333333333	0.666666666666667
"ENSG00000114125"	"ENSG00000114125"	1.22737624891472e-07	0.000481757639550304	5	1	-0.30529618756276	1	1
"ENSG00000221838"	"ENSG00000221838"	0.00094802218721901	0.000557754163959259	6	1	0.593667251664031	1	1
"ENSG00000184983"	"ENSG00000184983"	0.00266602446444957	0.000584950529399323	3	1	-0.222284284093404	1	1
"ENSG00000111907"	"ENSG00000111907"	8.03984843018362e-45	0.000591598378774498	6	1	0.555372744473947	1	1
"ENSG00000107175"	"ENSG00000107175"	6.69389108936376e-06	0.000612093955566411	3	1	0.339414708204677	1	1
"ENSG00000185246"	"ENSG00000185246"	0.000274048298673384	0.00063735284802174	4	1	0.682438221343667	0.833333333333333	0.833333333333333
"ENSG00000132128"	"ENSG00000132128"	0.00461938467458656	0.000741828796798443	3	2	-0.427823433957882	1	1
"ENSG00000126653"	"ENSG00000126653"	1.13564472203895e-07	0.000757640583789244	6	3	-0.405642023280928	1	1
"ENSG00000174428"	"ENSG00000174428"	0.000432705587266412	0.000771177515936764	4	2	0.53293623509802	1	0.833333333333333
"ENSG00000105281"	"ENSG00000105281"	1.19888466853764e-08	0.000870995891688952	4	1	-0.244845599791942	1	1
"ENSG00000147654"	"ENSG00000147654"	1.76111592009756e-08	0.000871855173868352	4	1	0.30726732101108	1	1
"ENSG00000159346"	"ENSG00000159346"	1.25292430351603e-12	0.000882539875274201	4	1	-0.266787918107201	1	1
"ENSG00000111912"	"ENSG00000111912"	1.52208704073533e-21	0.000989808529006386	6	1	-0.275276326702644	1	1
"ENSG00000121858"	"ENSG00000121858"	0.00321262717576304	0.00107078597846688	3	2	-0.196745283309367	1	1
"ENSG00000186468"	"ENSG00000186468"	0.0055157103194674	0.00110809774678844	5	2	0.327426526845799	1	1
"ENSG00000100083"	"ENSG00000100083"	0.000229065079329875	0.00113172961947631	3	1	0.454995635920915	1	1
"ENSG00000248508"	"ENSG00000248508"	0.00266100415028807	0.00119610409345545	5	1	0.616671640472653	1	0.833333333333333
"ENSG00000104973"	"ENSG00000104973"	3.30959075251511e-05	0.0012152580845506	4	1	-0.426200280251395	1	1
"ENSG00000140527"	"ENSG00000140527"	0.00536811785927234	0.00125761718931193	3	2	0.437514472901075	1	1
"ENSG00000089127"	"ENSG00000089127"	0.000173099169423625	0.00137654285366638	5	1	0.414173132199856	1	1
"ENSG00000153113"	"ENSG00000153113"	3.79642953901453e-17	0.00138174953967614	10	1	-0.190582111466137	1	1
"ENSG00000106853"	"ENSG00000106853"	8.46539381359348e-10	0.00139403554041339	7	1	0.179938008938732	1	1
"ENSG00000205609"	"ENSG00000205609"	2.06102517212889e-08	0.00148173416880572	3	2	-0.791366251262934	1	1
"ENSG00000172831"	"ENSG00000172831"	6.8606919496499e-07	0.00148338657702067	3	1	-0.733836722381791	1	1
"ENSG00000111011"	"ENSG00000111011"	3.24281559197782e-07	0.00153231191558436	8	1	0.305489970639272	1	1
"ENSG00000086475"	"ENSG00000086475"	2.192527291545e-06	0.00159255489783999	4	1	0.456752363830937	1	0.833333333333333
"ENSG00000133142"	"ENSG00000133142"	7.7233254059168e-13	0.00165323166603078	5	1	0.177362262316428	1	1
"ENSG00000135269"	"ENSG00000135269"	1.46907456736037e-05	0.00170958938655768	3	1	0.81223653608367	1	0.5
"ENSG00000139990"	"ENSG00000139990"	0.00444371204308149	0.00170980050883644	3	1	0.445941669814318	1	1
"ENSG00000197982"	"ENSG00000197982"	0.00757785683394084	0.00172107429752088	3	1	0.184641923770037	1	1
"ENSG00000039068"	"ENSG00000039068"	2.07550819116024e-06	0.00172945642662513	4	1	-0.545770976279571	0.833333333333333	0.666666666666667
"ENSG00000108946"	"ENSG00000108946"	6.42921930580463e-13	0.00174662600920187	7	2	0.236961368528616	1	1
"ENSG00000270647"	"ENSG00000270647"	3.56960697092131e-11	0.00174768653763178	6	1	0.382052790599886	1	1
"ENSG00000238142"	"ENSG00000238142"	0.00203019764908919	0.00175590484765188	3	2	-0.433171429397159	1	1
"ENSG00000162777"	"ENSG00000162777"	0.00165305523816362	0.00177454238022556	3	1	-0.475095425609734	1	1
"ENSG00000101940"	"ENSG00000101940"	8.28854027826265e-29	0.00185943761467494	6	1	0.361962545875496	1	1
"ENSG00000125651"	"ENSG00000125651"	0.000953000031427087	0.0019411426602954	3	1	0.290556546331049	1	1
"ENSG00000144802"	"ENSG00000144802"	2.79798151699545e-09	0.00196331572096756	4	1	-0.545836779487297	1	1
"ENSG00000184584"	"ENSG00000184584"	3.68784270172846e-13	0.00197629020446944	8	1	0.276993531891941	1	1
"ENSG00000046647"	"ENSG00000046647"	0.00532176082956678	0.00202780287552152	4	1	0.489885654171085	1	1
"ENSG00000073169"	"ENSG00000073169"	3.62644265408263e-05	0.00207064804019214	3	1	0.942809798145459	1	0.666666666666667
"ENSG00000130349"	"ENSG00000130349"	3.40189066494474e-05	0.00213185361139827	3	1	-0.644353737499295	1	1
"ENSG00000186409"	"ENSG00000186409"	9.34320074048056e-06	0.00224197811621068	5	1	-0.575757575429895	1	1
"ENSG00000181789"	"ENSG00000181789"	0.00461938467458656	0.00224221799082929	3	1	0.215368131879527	1	1
"ENSG00000172977"	"ENSG00000172977"	0.0226955411909967	0.00230446983643702	6	1	0.1782607483481	1	1
"ENSG00000146733"	"ENSG00000146733"	1.27838933989308e-17	0.00234902821794772	5	1	-0.721525180904361	1	1
"ENSG00000245910"	"ENSG00000245910"	0.010342779589938	0.00239273191477738	3	1	0.203598934998199	1	1
"ENSG00000104695"	"ENSG00000104695"	1.07574833545445e-07	0.00248827815478965	4	2	-0.228088262616816	1	1
"ENSG00000120158"	"ENSG00000120158"	0.004045452132037	0.00259463781706959	5	1	0.31388380584816	1	1
"ENSG00000134504"	"ENSG00000134504"	0.0172800162578062	0.00267500417687429	4	1	-0.413739555415499	1	1
"ENSG00000237765"	"ENSG00000237765"	0.000606539670652684	0.00278517553030178	8	1	0.232887005753253	1	0.833333333333333
"ENSG00000164924"	"ENSG00000164924"	8.15864942009757e-09	0.00278584638863261	8	1	0.131781264897839	1	1
"ENSG00000105855"	"ENSG00000105855"	0.00210306088648403	0.00279749390108295	3	1	0.393476684767758	1	1
"ENSG00000278558"	"ENSG00000278558"	0.0141436937719699	0.00283102633535606	3	1	-0.545452823004267	1	0.833333333333333
"ENSG00000088727"	"ENSG00000088727"	0.00897094842932103	0.0029849215555362	4	2	-0.283412847549006	1	1
"ENSG00000203705"	"ENSG00000203705"	0.00225628532383704	0.00308508586844908	6	1	0.463529342126086	1	1
"ENSG00000244687"	"ENSG00000244687"	0.00146468711996194	0.00322623360948401	5	1	0.160032494266296	1	1
"ENSG00000136802"	"ENSG00000136802"	0.000556036404670617	0.00326669725588494	3	1	0.359912543424275	0.833333333333333	0.833333333333333
"ENSG00000114857"	"ENSG00000114857"	9.58946692424011e-07	0.0032819881823381	5	1	0.41666049695917	1	1
"ENSG00000126351"	"ENSG00000126351"	0.0163247134034472	0.00329222657117111	3	2	-0.639270380217744	1	0.833333333333333
"ENSG00000236287"	"ENSG00000236287"	4.19499692266757e-05	0.00338587605293134	4	1	-0.378065503641735	1	1
"ENSG00000122378"	"ENSG00000122378"	2.74796424814603e-06	0.00339354330526683	5	1	0.242790007550626	1	1
"ENSG00000186710"	"ENSG00000186710"	0.0226978455373258	0.00340534614664787	4	1	0.192653169183635	1	1
"ENSG00000124882"	"ENSG00000124882"	0.000577525999714108	0.0035232134343402	3	1	0.498577708182604	1	1
"ENSG00000125779"	"ENSG00000125779"	0.0146361331971039	0.00357091475204231	4	2	0.28097595459168	1	1
"ENSG00000257103"	"ENSG00000257103"	7.35266693630604e-37	0.00385793980933315	8	1	-0.576681224020887	1	0.833333333333333
"ENSG00000149547"	"ENSG00000149547"	2.23121568814296e-08	0.00393385183577245	7	1	-0.308573352319902	1	1
"ENSG00000189376"	"ENSG00000189376"	1.12311414714396e-07	0.00395317921241824	5	1	0.197863886272346	1	1
"ENSG00000071051"	"ENSG00000071051"	6.08878233336016e-06	0.00411636253557191	5	1	0.48351305990784	1	0.833333333333333
"ENSG00000122644"	"ENSG00000122644"	3.10984532955908e-18	0.00439801337565927	6	1	-0.221776023233918	1	1
"ENSG00000054282"	"ENSG00000054282"	5.1228837714536e-08	0.00448348738358618	5	1	0.591979642226417	1	1
"ENSG00000189366"	"ENSG00000189366"	0.00120297035117918	0.00459018840131327	4	1	0.202809142721192	1	1
"ENSG00000118246"	"ENSG00000118246"	0.00368961693558474	0.00460968292914673	4	1	0.617191621656377	1	1
"ENSG00000144118"	"ENSG00000144118"	0.0037291434232265	0.00478130040651321	3	1	0.4300084356326	1	1
"ENSG00000111142"	"ENSG00000111142"	4.50628830202589e-13	0.00479476124191121	5	1	-0.340050035347334	1	1
"ENSG00000132376"	"ENSG00000132376"	0.00146727884802012	0.0048110139307833	3	1	0.453470987688636	1	1
"ENSG00000110367"	"ENSG00000110367"	1.24964080394049e-05	0.00482772300047684	3	1	0.745211687912843	1	0.833333333333333
"ENSG00000146282"	"ENSG00000146282"	0.0268847312668508	0.00493497881434823	4	1	-0.215048935345965	1	1
"ENSG00000137575"	"ENSG00000137575"	2.39556669542197e-07	0.0049900815366228	3	1	-0.20262349855537	1	1
"ENSG00000151500"	"ENSG00000151500"	0.0120408249910487	0.00501012148071113	4	2	-0.225948095307815	1	1
"ENSG00000167685"	"ENSG00000167685"	0.00243901913565203	0.00502206092426481	3	1	-0.358771295350647	1	1
"ENSG00000130511"	"ENSG00000130511"	3.11612887932026e-07	0.00506273114193482	7	1	0.191189892885495	1	1
"ENSG00000109065"	"ENSG00000109065"	0.00266100415028807	0.00506382566463122	3	1	-0.514242301886384	0.833333333333333	0.833333333333333
"ENSG00000116731"	"ENSG00000116731"	2.2265487032517e-05	0.00514050917757649	7	1	-0.437443734791371	1	0.833333333333333
"ENSG00000129925"	"ENSG00000129925"	0.00146908457021544	0.0053522498226537	3	1	-0.617332988299247	0.833333333333333	0.833333333333333
"ENSG00000178104"	"ENSG00000178104"	0.0186043744432266	0.00545955211390569	3	2	-0.291802120041584	1	1
"ENSG00000122218"	"ENSG00000122218"	0.000417016333047392	0.00552617339760637	5	1	0.543974537930428	0.833333333333333	0.833333333333333
"ENSG00000135363"	"ENSG00000135363"	1.50228433668465e-09	0.00555140222601772	6	1	0.384196994009129	1	0.833333333333333
"ENSG00000178719"	"ENSG00000178719"	0.00157019534057216	0.00573830891268106	3	1	0.588482933002992	1	0.833333333333333
"ENSG00000163166"	"ENSG00000163166"	2.90692568946151e-08	0.00574605260870442	3	1	0.608018666704661	1	0.833333333333333
"ENSG00000117335"	"ENSG00000117335"	7.72151964850629e-10	0.00584981025393774	6	1	0.46927856855054	1	1
"ENSG00000159714"	"ENSG00000159714"	2.48364438081421e-17	0.00588447683369292	9	1	-0.326959711498473	1	1
"ENSG00000089737"	"ENSG00000089737"	1.23177035982744e-07	0.00598968886986179	5	1	-0.29508268006904	1	0.833333333333333
"ENSG00000204673"	"ENSG00000204673"	0.000132940212284038	0.00614108047200904	4	1	-0.568873036867597	1	1
"ENSG00000120709"	"ENSG00000120709"	0.0146781547723066	0.00621428634377348	3	1	-0.338222420481436	1	1
"ENSG00000262097"	"ENSG00000262097"	0.00541260672527101	0.00627535973627297	3	1	-0.67987573063508	0.833333333333333	0.666666666666667
"ENSG00000152439"	"ENSG00000152439"	0.00110966774933697	0.00642006051932065	3	1	0.659515113374972	1	0.666666666666667
"ENSG00000113312"	"ENSG00000113312"	0.00310324089381186	0.0064556230395849	3	1	-0.214336254413204	1	1
"ENSG00000141504"	"ENSG00000141504"	2.69006777668143e-12	0.00654261749494003	5	1	0.453705423792458	1	1
"ENSG00000176209"	"ENSG00000176209"	4.83082317374205e-15	0.00678656033877741	8	1	-0.163069760361375	1	1
"ENSG00000147535"	"ENSG00000147535"	3.43536120892837e-07	0.00681854222919734	9	1	0.24964702913674	1	1
"ENSG00000121310"	"ENSG00000121310"	2.50259883228568e-05	0.00698926276127839	8	1	-0.272814660314093	1	1
"ENSG00000100294"	"ENSG00000100294"	0.00685152850921478	0.00736937348499283	5	1	0.25206619075157	1	1
"ENSG00000140511"	"ENSG00000140511"	0.0208339910465313	0.00746355546939593	3	1	-0.458649227315001	1	1
"ENSG00000033170"	"ENSG00000033170"	8.61721692840502e-06	0.00751052818669572	3	1	0.592424224821893	1	0.833333333333333
"ENSG00000203697"	"ENSG00000203697"	0.00628652132579487	0.00755650344469542	3	1	-0.663586703379319	1	0.666666666666667
"ENSG00000128626"	"ENSG00000128626"	0.000148498490388015	0.00758518665812003	3	1	-0.26283228640988	1	1
"ENSG00000141030"	"ENSG00000141030"	9.43097938152436e-14	0.00759265419091672	6	1	-0.57592987846584	1	0.833333333333333
"ENSG00000004961"	"ENSG00000004961"	1.94735443366611e-23	0.0077911111803266	6	1	-0.651025000311136	1	1
"ENSG00000101191"	"ENSG00000101191"	0.0138245869830215	0.00796067693695406	3	1	0.477032548602611	1	1
"ENSG00000234465"	"ENSG00000234465"	1.72029666358353e-06	0.00804304415732442	4	1	0.718904606088333	1	0.666666666666667
"ENSG00000136044"	"ENSG00000136044"	1.12378144600746e-05	0.0080982523837954	4	1	-0.390555598492119	1	1
"ENSG00000175575"	"ENSG00000175575"	5.46330630279557e-14	0.00819032988889353	6	1	-0.706243604376426	1	1
"ENSG00000155438"	"ENSG00000155438"	4.57997764411196e-20	0.00825940582563678	5	1	-0.536980209517261	1	1
"ENSG00000107949"	"ENSG00000107949"	7.32418676375049e-05	0.00826520219513037	4	1	-0.279177866651828	1	1
"ENSG00000182944"	"ENSG00000182944"	1.22017522326724e-26	0.00826632931133884	13	1	0.242782682087453	1	1
"ENSG00000132424"	"ENSG00000132424"	2.62159949542217e-16	0.00829114995777128	8	1	0.625091273748768	1	1
"ENSG00000196502"	"ENSG00000196502"	2.02694145016086e-10	0.00840549008753291	5	1	-0.607073290651238	1	0.833333333333333
"ENSG00000156256"	"ENSG00000156256"	4.62862783194676e-09	0.00849161547631952	5	1	-0.4865897185286	1	0.833333333333333
"ENSG00000099810"	"ENSG00000099810"	1.43275900170446e-07	0.00851958256872904	4	1	-0.633213938522514	1	1
"ENSG00000116212"	"ENSG00000116212"	6.69389108936376e-06	0.00876013924274463	6	1	0.274572622615024	1	1
"ENSG00000148339"	"ENSG00000148339"	3.40939184606939e-05	0.00888333865317707	5	1	0.596915449068912	1	1
"ENSG00000067082"	"ENSG00000067082"	0.00459794632683494	0.00897471153446426	3	1	0.223954435909412	1	1
"ENSG00000139644"	"ENSG00000139644"	7.47263140001708e-22	0.00936061111706834	4	1	0.293825904395368	1	1
"ENSG00000065809"	"ENSG00000065809"	4.11874357105627e-15	0.00943706321836222	12	2	0.237599426741215	1	1
"ENSG00000149084"	"ENSG00000149084"	2.03423812341177e-15	0.00952079192257106	6	1	-0.345230487823374	1	1
"ENSG00000119950"	"ENSG00000119950"	6.72782740819338e-08	0.00974014806987902	7	1	-0.37412109257101	1	0.666666666666667
"ENSG00000136560"	"ENSG00000136560"	0.0491085147028033	0.00979707371644022	7	2	-0.302819593722515	1	1
"ENSG00000169592"	"ENSG00000169592"	0.00417925789588469	0.00991808751388495	3	1	-0.37930614760214	1	1
"ENSG00000157184"	"ENSG00000157184"	0.00759410406413874	0.00996386461235182	3	1	-0.372990440777427	1	1
"ENSG00000115380"	"ENSG00000115380"	4.22341231118538e-11	0.0100274488132483	7	1	-0.361979121125278	1	1
"ENSG00000175591"	"ENSG00000175591"	0.0259637034751217	0.0102051692863574	3	1	0.447007439132054	0.833333333333333	0.833333333333333
"ENSG00000164904"	"ENSG00000164904"	1.48095101655489e-37	0.0102583891451845	6	1	-0.812969138507494	1	0.833333333333333
"ENSG00000143418"	"ENSG00000143418"	1.3479587525455e-06	0.0102972785854956	3	1	0.754686173856898	1	0.833333333333333
"ENSG00000141424"	"ENSG00000141424"	1.8452195263235e-09	0.0105798051031543	4	2	0.522708133733567	1	1
"ENSG00000077942"	"ENSG00000077942"	2.83738367955648e-06	0.0106555281962807	4	1	-0.192576628288414	1	1
"ENSG00000124074"	"ENSG00000124074"	7.28545856469066e-05	0.0106797017814144	3	1	-0.348397184447919	1	1
"ENSG00000157954"	"ENSG00000157954"	4.07365672992162e-06	0.0108989126948637	9	1	0.336065462186293	1	0.833333333333333
"ENSG00000136436"	"ENSG00000136436"	2.2453785611831e-05	0.0112673091400063	3	1	-0.883778958305519	0.833333333333333	0.666666666666667
"ENSG00000197894"	"ENSG00000197894"	0.0289138926965588	0.0114160067614768	3	1	0.156635338065717	1	1
"ENSG00000142599"	"ENSG00000142599"	2.43629943801556e-06	0.0116102787610421	4	1	0.406610786688061	1	1
"ENSG00000056972"	"ENSG00000056972"	0.000508551711884208	0.0120559378877753	3	1	-0.660586756207568	1	1
"ENSG00000138785"	"ENSG00000138785"	0.0189257742055425	0.0120905412708948	3	1	-0.65710500796366	0.833333333333333	0.666666666666667
"ENSG00000171757"	"ENSG00000171757"	0.0152516959064041	0.0122386341393444	4	1	0.35560196844409	0.833333333333333	0.833333333333333
"ENSG00000185347"	"ENSG00000185347"	0.00840706634017722	0.0122654821438338	5	1	0.462501909525849	1	1
"ENSG00000131503"	"ENSG00000131503"	3.96715121996802e-09	0.0124072127277015	9	1	-0.231492211976541	1	1
"ENSG00000087365"	"ENSG00000087365"	0.00307164175852538	0.0126618382289424	4	1	0.370827341684522	1	0.833333333333333
"ENSG00000112539"	"ENSG00000112539"	2.35733204990061e-12	0.0127349771384197	7	1	0.355092889888558	1	1
"ENSG00000100592"	"ENSG00000100592"	1.24219850254804e-11	0.0130030124541901	4	1	0.359737781527406	1	1
"ENSG00000099875"	"ENSG00000099875"	1.27819578984584e-23	0.0132460160978501	5	1	-0.657469274728881	1	1
"ENSG00000271133"	"ENSG00000271133"	1.19898357096553e-09	0.0132534400999138	4	1	-0.62506069462542	1	1
"ENSG00000143727"	"ENSG00000143727"	0.0193178136168689	0.0135936008606652	5	1	0.177108135633764	1	1
"ENSG00000136826"	"ENSG00000136826"	3.44204339238871e-11	0.0136570232436348	6	1	-0.267485373882879	1	1
"ENSG00000163521"	"ENSG00000163521"	0.0278275528462002	0.0137337522597259	3	1	0.602577337825708	1	0.833333333333333
"ENSG00000186522"	"ENSG00000186522"	2.60163268929335e-15	0.0137457877987228	6	2	0.684210020150067	1	0.833333333333333
"ENSG00000115677"	"ENSG00000115677"	1.62349001945795e-30	0.013771605149703	4	1	0.51139581865978	1	1
"ENSG00000028116"	"ENSG00000028116"	0.00273847214910735	0.0138318288798082	3	1	-0.582791614799747	0.833333333333333	0.833333333333333
"ENSG00000221914"	"ENSG00000221914"	1.43653377605363e-22	0.0139307082458881	6	1	0.427564210207957	1	1
"ENSG00000166596"	"ENSG00000166596"	4.15836158592428e-07	0.0142924406219649	5	1	0.193277565031186	1	1
"ENSG00000136449"	"ENSG00000136449"	6.9116867882894e-06	0.0143646411836795	4	1	-0.527337743580714	0.833333333333333	0.833333333333333
"ENSG00000225484"	"ENSG00000225484"	0.000161215787653566	0.0144322921213151	5	1	-0.319372107146025	1	1
"ENSG00000162174"	"ENSG00000162174"	0.00631273807249591	0.0145591161104553	5	1	-0.29480599884843	1	1
"ENSG00000108963"	"ENSG00000108963"	2.11564146543696e-09	0.0146726734532223	4	1	0.438836384564797	1	1
"ENSG00000175582"	"ENSG00000175582"	7.37373372387557e-07	0.015021900284678	7	1	0.267950064823925	1	1
"ENSG00000155026"	"ENSG00000155026"	0.0002450036782522	0.0151275566522687	5	1	-0.419477155545544	1	0.833333333333333
"ENSG00000197714"	"ENSG00000197714"	0.0212255669736809	0.0151833879873827	3	1	0.668476406538834	0.833333333333333	0.666666666666667
"ENSG00000182934"	"ENSG00000182934"	5.82149450849511e-07	0.0154291422695552	3	1	0.253979615538787	1	1
"ENSG00000007376"	"ENSG00000007376"	0.0257624655574297	0.015480446773406	5	1	0.402055133633906	1	1
"ENSG00000140104"	"ENSG00000140104"	0.00567632900145515	0.015519299334474	4	1	0.540282652932003	1	0.833333333333333
"ENSG00000160688"	"ENSG00000160688"	0.0279914995856933	0.0156079656217226	4	2	-0.297023487264845	1	1
"ENSG00000137996"	"ENSG00000137996"	0.048388598222745	0.015636307543163	3	1	-0.219870685052061	1	1
"ENSG00000157873"	"ENSG00000157873"	0.000138319815186514	0.0158071623356641	7	1	0.29845503305638	1	1
"ENSG00000133640"	"ENSG00000133640"	0.00275565343010999	0.0159805903258072	4	1	0.449048941068511	0.833333333333333	0.833333333333333
"ENSG00000141499"	"ENSG00000141499"	0.0163247134034472	0.0161615696148739	4	1	-0.342911540026381	1	0.833333333333333
"ENSG00000145632"	"ENSG00000145632"	1.19351236217536e-09	0.0162126149389298	4	1	-0.207475648943682	1	1
"ENSG00000109390"	"ENSG00000109390"	0.00269164815378006	0.0171309497060406	4	1	-0.18420111497513	1	1
"ENSG00000162600"	"ENSG00000162600"	9.99663573164668e-06	0.0187635253691651	5	1	-0.372548013717051	1	1
"ENSG00000161010"	"ENSG00000161010"	0.000194100717770368	0.0190063263000569	4	1	0.247209903075076	1	1
"ENSG00000225138"	"ENSG00000225138"	0.0482427753263332	0.0191617755095635	3	1	0.471402024309077	0.833333333333333	0.833333333333333
"ENSG00000112339"	"ENSG00000112339"	0.0251996122886841	0.0193064672701057	4	1	-0.381928101115324	1	1
"ENSG00000124279"	"ENSG00000124279"	0.0186133609979281	0.0193617458863907	3	1	0.50625396463944	0.833333333333333	0.666666666666667
"ENSG00000123358"	"ENSG00000123358"	0.00765970572403958	0.0199102641467459	3	1	0.434044262287807	1	0.833333333333333
"ENSG00000013374"	"ENSG00000013374"	1.18441085577508e-10	0.0204762985005788	3	1	0.776121202424179	1	0.666666666666667
"ENSG00000143401"	"ENSG00000143401"	0.000553229243263697	0.0205126801517377	3	1	-0.298506148878724	1	0.833333333333333
"ENSG00000141985"	"ENSG00000141985"	2.34933123675592e-06	0.0205950571125417	4	1	0.163636472415304	1	1
"ENSG00000102805"	"ENSG00000102805"	0.0133133689609644	0.0207147298365855	3	1	0.376454032358898	1	1
"ENSG00000119333"	"ENSG00000119333"	7.94100350446014e-10	0.0218807013964967	3	1	0.256118252686916	1	1
"ENSG00000160014"	"ENSG00000160014"	0.0347797648131666	0.0223244533082007	5	1	0.322634695995453	1	1
"ENSG00000152942"	"ENSG00000152942"	0.00912389801335709	0.0224679090445698	3	1	-0.51939149149175	0.833333333333333	0.666666666666667
"ENSG00000186787"	"ENSG00000186787"	0.000658006556681027	0.02259134770529	7	1	0.391052363202863	0.833333333333333	0.833333333333333
"ENSG00000104129"	"ENSG00000104129"	0.0365081258740001	0.0226076704197928	3	1	0.250573585990448	1	1
"ENSG00000180881"	"ENSG00000180881"	2.083978259594e-10	0.0236111812893109	3	1	-0.867118295523415	0.833333333333333	0.666666666666667
"ENSG00000106617"	"ENSG00000106617"	0.000761256529301637	0.024359184791516	4	1	-0.363897853492631	1	1
"ENSG00000165650"	"ENSG00000165650"	0.0121090450527347	0.024770398095659	3	1	0.248777596093644	1	1
"ENSG00000034677"	"ENSG00000034677"	0.000805371372144767	0.0253416257384781	5	1	-0.408399788134355	1	1
"ENSG00000157191"	"ENSG00000157191"	0.0439588974335486	0.0254225979790188	4	1	0.251313380538656	1	1
"ENSG00000151923"	"ENSG00000151923"	8.64827381357102e-09	0.0255037952639213	9	1	-0.282697073469726	1	1
"ENSG00000121578"	"ENSG00000121578"	9.98691583849824e-05	0.0255640273158542	5	1	-0.196174137954786	1	1
"ENSG00000198729"	"ENSG00000198729"	2.67076488349406e-07	0.0256146003770021	4	1	-0.264349279527973	1	1
"ENSG00000166946"	"ENSG00000166946"	0.00133213991075257	0.025840801015936	3	1	-0.127462470657889	1	1
"ENSG00000188191"	"ENSG00000188191"	0.0413568957687138	0.0267587699760018	4	1	-0.509671183608275	1	0.833333333333333
"ENSG00000139835"	"ENSG00000139835"	0.0288492606290914	0.0269948105641898	4	1	0.142453905602519	1	1
"ENSG00000129636"	"ENSG00000129636"	1.93935146431156e-08	0.0273315653853581	4	1	0.400577086668082	1	1
"ENSG00000072364"	"ENSG00000072364"	1.6428865368483e-21	0.0274269186794289	7	1	-0.56410182948189	1	0.666666666666667
"ENSG00000102225"	"ENSG00000102225"	5.27416844842883e-08	0.0277554341747515	4	1	0.621943457078236	0.833333333333333	0.833333333333333
"ENSG00000148248"	"ENSG00000148248"	0.000557120574947871	0.0285370899427551	6	1	0.22978759204793	1	1
"ENSG00000163517"	"ENSG00000163517"	3.47270913454648e-06	0.0289979411733719	5	1	0.387821174116879	1	1
"ENSG00000112419"	"ENSG00000112419"	6.45980920887653e-07	0.0290806453284465	4	1	-0.20752856606258	1	1
"ENSG00000175664"	"ENSG00000175664"	1.65719050579629e-05	0.0292118392822438	8	1	0.254458495746947	1	1
"ENSG00000149196"	"ENSG00000149196"	3.82610818475486e-53	0.0295326398022151	4	1	-0.598689720353283	1	1
"ENSG00000183426"	"ENSG00000183426"	9.43097938152436e-14	0.0296433192447221	5	1	0.724339048551659	1	1
"ENSG00000180902"	"ENSG00000180902"	0.0105702070304108	0.0296454338147232	5	1	-0.349985749326738	1	1
"ENSG00000254560"	"ENSG00000254560"	0.00984821804617403	0.0298472496480079	4	1	0.438273129476333	1	0.833333333333333
"ENSG00000117419"	"ENSG00000117419"	9.35860198653856e-05	0.0301562978420857	6	1	0.283894246333882	1	1
"ENSG00000103429"	"ENSG00000103429"	0.000468585228934336	0.0307439482353437	5	1	-0.308009340797096	1	1
"ENSG00000182899"	"ENSG00000182899"	0.000903993073945372	0.0317300537267977	5	2	-0.218847726222078	1	1
"ENSG00000010072"	"ENSG00000010072"	0.049348146075627	0.032026902458399	3	1	0.629999705847087	0.666666666666667	0.666666666666667
"ENSG00000140398"	"ENSG00000140398"	0.00123006467701144	0.0321158678594686	4	1	-0.424985107112701	1	1
"ENSG00000181038"	"ENSG00000181038"	2.15044998268678e-13	0.0325592499297841	9	1	-0.280187178927441	1	1
"ENSG00000086544"	"ENSG00000086544"	2.54891260437876e-05	0.033377948352419	4	1	-0.344127953617871	0.833333333333333	0.833333333333333
"ENSG00000114209"	"ENSG00000114209"	1.51309997721962e-15	0.0337573338927726	6	1	0.333300881517313	1	1
"ENSG00000068796"	"ENSG00000068796"	2.37383338660367e-06	0.0340391612668259	3	1	0.836597133490782	0.833333333333333	0.666666666666667
"ENSG00000203667"	"ENSG00000203667"	3.00379282216686e-05	0.0342610353220152	3	1	0.635921400299296	1	0.833333333333333
"ENSG00000084754"	"ENSG00000084754"	4.75718638158402e-08	0.0343454334014763	5	1	-0.153531779594593	1	1
"ENSG00000165119"	"ENSG00000165119"	4.21780854998748e-16	0.0351262193715389	7	1	0.130931292057291	1	1
"ENSG00000174720"	"ENSG00000174720"	4.34869407877188e-12	0.0355577371851037	9	1	0.209564372258193	1	1
"ENSG00000167986"	"ENSG00000167986"	2.33478323874533e-12	0.0355989152406826	4	1	-0.524406151988341	1	1
"ENSG00000137500"	"ENSG00000137500"	6.29832632982728e-14	0.0358082258585676	8	1	0.435593405716604	1	1
"ENSG00000103197"	"ENSG00000103197"	0.0284155179190005	0.0375223483538445	5	1	0.496404045607526	0.833333333333333	0.833333333333333
"ENSG00000010244"	"ENSG00000010244"	3.7822699233225e-17	0.0385712759299368	6	2	0.448981275138169	1	1
"ENSG00000123240"	"ENSG00000123240"	3.03468041523339e-05	0.0386304255574287	7	1	-0.16855527289392	1	1
"ENSG00000141905"	"ENSG00000141905"	4.26176055892938e-06	0.0386791194383048	8	1	-0.238750971206021	1	1
"ENSG00000112651"	"ENSG00000112651"	3.84979279573581e-05	0.0388214671543464	5	1	0.47262142726062	1	0.833333333333333
"ENSG00000152894"	"ENSG00000152894"	7.14644585831972e-08	0.0389688824479111	4	1	0.60275269926557	0.833333333333333	0.666666666666667
"ENSG00000016864"	"ENSG00000016864"	6.01531432341991e-30	0.0402752964937437	11	1	-0.254666271918977	1	1
"ENSG00000134058"	"ENSG00000134058"	0.00215277637780229	0.0408070412356884	4	1	0.31290539671799	1	1
"ENSG00000136240"	"ENSG00000136240"	6.20744506400262e-07	0.0415147051157592	3	1	-0.199717290490752	1	1
"ENSG00000169398"	"ENSG00000169398"	3.74824068396894e-08	0.0417335287711077	8	1	-0.315117179864725	1	1
"ENSG00000258890"	"ENSG00000258890"	0.000137740899014617	0.0427391935209275	7	1	0.515942354555922	1	0.666666666666667
"ENSG00000186480"	"ENSG00000186480"	0.00576316521717724	0.0427845112043623	5	1	0.27152858212296	1	1
"ENSG00000138107"	"ENSG00000138107"	4.18110053961268e-18	0.0430382377043096	3	1	0.743330069782734	1	1
"ENSG00000198522"	"ENSG00000198522"	0.00395857478555794	0.0441365128678671	4	1	-0.297146097287964	1	0.833333333333333
"ENSG00000276850"	"ENSG00000276850"	0.0417246535225203	0.0447007152742671	4	1	-0.295380943531097	1	1
"ENSG00000151150"	"ENSG00000151150"	0.00588997634521365	0.0450375441657441	3	1	-0.660120075153743	0.833333333333333	0.833333333333333
"ENSG00000198498"	"ENSG00000198498"	0.000468941285196575	0.0461195202030167	4	1	-0.289730387472146	1	1
"ENSG00000196872"	"ENSG00000196872"	4.21964209842466e-18	0.0461884978837849	7	1	0.509794286276635	1	0.833333333333333
"ENSG00000003056"	"ENSG00000003056"	0.00307800465928811	0.046704812315972	4	1	0.197180554971444	1	1
"ENSG00000163472"	"ENSG00000163472"	1.19588942985345e-06	0.0475247906267127	5	1	-0.265430817393138	1	1
"ENSG00000108604"	"ENSG00000108604"	4.4465914685209e-11	0.0475791166739568	4	1	-0.615949338337426	1	1
"ENSG00000138796"	"ENSG00000138796"	0.000255480700231214	0.0480040602932284	3	1	-0.197823277874215	1	1
"ENSG00000163832"	"ENSG00000163832"	0.0016427076990077	0.0485858478732231	5	1	0.262317794075841	1	1
"ENSG00000167699"	"ENSG00000167699"	3.60227164214417e-28	0.0488641404814422	6	1	-0.769230769230769	1	0.833333333333333
