"gene_ID","gene_qvalue","minimal_tx_qvalue","number_tx","number_significant_tx","max(Cycling_basal_UK_72hpi_adult_Infected-Cycling_basal_uninfected_adult_Uninfected)","pct_gene_expr","max_pct_tx_expr"
"ENSG00000125691",5.68748522987371e-201,1,3,0,-0.994109318192181,1,1
"ENSG00000104388",2.24951021644538e-14,0.0257638245482749,3,1,0.988648983518599,1,0.5
"ENSG00000159128",1.06962427930682e-28,1,4,0,-0.983351802256495,1,0.5
"ENSG00000017797",4.44809545138661e-13,2.59084099995126e-05,3,1,0.975165026329266,1,0.666666666666667
"ENSG00000196683",7.06761889538511e-123,1.20127182612245e-09,3,1,-0.97298110686862,1,0.833333333333333
"ENSG00000130985",5.60219839880089e-23,1,4,0,0.970587846045472,1,0.666666666666667
"ENSG00000104408",8.00525610443594e-48,1,3,0,-0.955998731980775,1,0.833333333333333
"ENSG00000144028",5.91122807488334e-13,1,4,0,0.95454474614133,1,0.666666666666667
"ENSG00000147403",5.68748522987371e-201,4.08926223037863e-75,6,3,0.947731382230861,1,1
"ENSG00000229833",7.70348480727506e-40,1,3,0,0.934100112485932,1,1
"ENSG00000169375",7.98514449756067e-06,1,5,0,0.933332166879667,0.833333333333333,0.5
"ENSG00000211450",2.56964137882499e-71,7.79675588036145e-42,3,1,0.931077340924182,1,1
"ENSG00000152056",0.00234699483512135,1,3,0,-0.921215256466994,0.833333333333333,0.5
"ENSG00000111605",5.75803987592572e-08,1,3,0,0.919870756932023,0.833333333333333,0.5
"ENSG00000185787",7.70925028124604e-29,1,6,0,0.917722390260292,1,0.833333333333333
"ENSG00000258818",0.00023366721344791,1,3,0,-0.917229814676932,0.833333333333333,0.5
"ENSG00000131375",4.10794888481591e-09,1,5,0,0.910595109103179,1,0.833333333333333
"ENSG00000177994",0.0111929293597663,0.724978997831331,3,0,-0.9093708762788,1,0.5
"ENSG00000120963",1.00699823144584e-23,1,5,0,0.90894681891382,1,0.5
"ENSG00000041988",0.00010272213349295,0.00595261517873405,3,1,-0.907069062725869,1,0.666666666666667
"ENSG00000198830",3.74354473727741e-33,2.63440771222516e-05,8,1,0.903624949978167,1,1
"ENSG00000115540",5.70738085609533e-05,0.836816304390305,3,0,-0.901715468664075,1,0.5
"ENSG00000137975",1.24970413833564e-12,9.93589227013356e-10,3,1,0.901018694499634,1,0.833333333333333
"ENSG00000173947",1.23743107667202e-73,1,4,0,-0.899427538937945,1,1
"ENSG00000184979",0.000237369169742525,0.876734876997159,5,0,-0.892377012618702,1,0.666666666666667
"ENSG00000170296",6.5326477288569e-09,0.000424652971866702,4,1,0.889862549080262,1,1
"ENSG00000151632",3.79165681991581e-200,1,5,0,-0.882184589015205,1,1
"ENSG00000137692",1.0477313794608e-14,1,5,0,0.879891250459536,1,0.833333333333333
"ENSG00000205609",6.15802236032922e-18,1,4,0,0.875940999263172,1,0.833333333333333
"ENSG00000138107",0.00126123739354774,0.361076667831337,3,0,0.873139486769309,1,0.666666666666667
"ENSG00000077254",0.000350245564350638,0.226924944503503,3,0,0.86962085956536,1,0.666666666666667
"ENSG00000177570",0.000905731595945095,1,4,0,0.86840999335969,1,0.5
"ENSG00000198157",0.000564559972145788,1,3,0,-0.862156409844915,1,0.5
"ENSG00000169567",7.06340259285227e-21,1.34025555354115e-13,3,1,-0.85500491075864,1,0.833333333333333
"ENSG00000186665",0.000119851465555918,1,4,0,0.849470046534754,1,0.833333333333333
"ENSG00000129128",2.7958329618898e-06,1,3,0,0.845799050117155,0.833333333333333,0.5
"ENSG00000197728",3.92274754925436e-19,2.61012956216735e-21,3,3,0.844922388393463,1,1
"ENSG00000278558",4.73898118806255e-05,7.89334169043922e-06,3,1,0.844386281308204,1,0.666666666666667
"ENSG00000167522",0.002373185418685,1,4,0,-0.841761291247923,1,0.5
"ENSG00000129657",1.78532569430425e-10,1,5,0,0.839403789887392,1,0.666666666666667
"ENSG00000146733",2.77298103619581e-06,0.0213820434935885,5,1,-0.825759611290249,1,0.833333333333333
"ENSG00000172809",6.42571093484839e-19,7.26828060362734e-14,5,1,0.816661831072642,1,1
"ENSG00000129235",1.2464491552174e-19,6.49417307075016e-14,3,2,0.816531209242009,1,1
"ENSG00000184182",3.9932419856915e-05,1,4,0,0.814986291976843,1,0.666666666666667
"ENSG00000127554",0.0106006184428677,0.0284764914248121,3,1,0.813999917324616,0.833333333333333,0.666666666666667
"ENSG00000151665",4.83541839052115e-17,0.232884086386773,4,0,-0.811641315892267,1,1
"ENSG00000245910",1.7001514446871e-17,3.34545642872701e-16,3,1,0.811261715933008,1,1
"ENSG00000011028",0.0136333006110049,0.488273643885405,3,0,0.808759202569955,0.833333333333333,0.666666666666667
"ENSG00000100526",0.000197225313891259,1,5,0,0.80770290807248,0.833333333333333,0.5
"ENSG00000169490",6.61031205460259e-05,1,4,0,0.799890461386173,0.833333333333333,0.5
"ENSG00000257727",1.61116288583412e-37,1,6,0,-0.798318985423032,1,1
"ENSG00000198668",3.08849491419358e-41,1,5,0,0.795729731059068,1,0.666666666666667
"ENSG00000172845",0.000259851444161953,1,3,0,0.790623600226532,1,0.833333333333333
"ENSG00000150527",0.000157183522732933,1,5,0,0.788264892620523,1,0.666666666666667
"ENSG00000168310",2.87679023256752e-05,9.93024549112227e-06,3,1,-0.784852302640679,1,0.833333333333333
"ENSG00000134744",0.000365266020056856,1,4,0,0.7828957610693,1,0.5
"ENSG00000168936",0.000408113019972212,1,5,0,-0.782820903227779,1,0.833333333333333
"ENSG00000067167",3.02438916544913e-17,1,3,0,0.782555715866874,1,0.833333333333333
"ENSG00000106348",0.000387394371509481,0.661990964825364,3,0,-0.782298975119626,1,0.666666666666667
"ENSG00000178104",0.0121510112740668,0.0232727034930733,3,1,-0.781633403538302,0.833333333333333,0.666666666666667
"ENSG00000157349",9.95439587364521e-05,1,5,0,-0.781115415866309,0.833333333333333,0.5
"ENSG00000090776",2.43959143660302e-06,1,3,0,0.77937849071304,1,0.833333333333333
"ENSG00000204843",0.0145161713615952,1,3,0,0.778918232146017,1,0.666666666666667
"ENSG00000119537",0.00151498040296991,1,3,0,-0.776279328804599,0.833333333333333,0.666666666666667
"ENSG00000041357",1.74097968830627e-11,0.000302765761666428,3,2,0.772219381249319,1,1
"ENSG00000128383",0.0194793276469311,0.00612285846671536,3,1,-0.766703873733159,0.666666666666667,0.666666666666667
"ENSG00000128739",1.36741198308613e-23,1,3,0,-0.766429914852055,1,1
"ENSG00000110852",1.69818185684002e-07,8.20492786882508e-07,3,1,0.763722145190211,1,0.833333333333333
"ENSG00000116560",2.55976800711534e-05,1,5,0,-0.763282920209914,0.833333333333333,0.833333333333333
"ENSG00000130414",1.20422946402827e-29,2.91369661388628e-25,3,1,-0.763152991141532,1,1
"ENSG00000114439",0.000117150799511626,1,4,0,-0.750614509210001,1,0.5
"ENSG00000117523",0.000107095056740409,1,4,0,-0.749999864101975,1,1
"ENSG00000087903",0.000173268510406147,1,4,0,-0.749994325634025,0.833333333333333,0.833333333333333
"ENSG00000185033",1.70570017578361e-05,1,5,0,0.74883201457175,1,0.5
"ENSG00000115084",2.95665205090797e-05,1,5,0,0.748150602081359,1,0.5
"ENSG00000149196",7.58813747334195e-21,0.0653132082195219,3,0,0.743495058230682,1,1
"ENSG00000100129",5.5905612422846e-50,1.59919720366826e-12,4,1,0.742035857392259,1,1
"ENSG00000142687",4.7027013500014e-06,0.00164155373527209,4,1,-0.741377257454701,1,0.833333333333333
"ENSG00000103342",0.000691006011798931,0.402860943654272,4,0,-0.738508085086041,1,1
"ENSG00000164934",3.10056215855412e-10,0.0514032836801608,3,0,-0.738066931629378,1,1
"ENSG00000167595",0.000418582613711633,1,3,0,0.736773938634268,1,0.666666666666667
"ENSG00000168300",7.98514449756067e-06,1,5,0,0.724618022900145,1,0.833333333333333
"ENSG00000141380",0.0124660276157709,1,7,0,0.724400986451216,0.833333333333333,0.5
"ENSG00000124074",5.35454841180331e-06,1,3,0,0.724231072582785,1,0.666666666666667
"ENSG00000115661",1.81602166171229e-09,1.24018782095147e-09,4,1,0.724129664739142,1,1
"ENSG00000142327",0.0176778507184937,0,2,2,0.720950128816628,0.833333333333333,0.666666666666667
"ENSG00000108641",3.40198484576395e-08,1,6,0,-0.717148866252129,1,1
"ENSG00000185104",0.00333491736473572,0.98059897882294,3,0,-0.715806588187391,0.833333333333333,0.666666666666667
"ENSG00000122970",0.0103651567990338,0.369799455259969,3,0,0.714829697316103,0.833333333333333,0.666666666666667
"ENSG00000130202",8.83871892585644e-19,1,6,0,-0.712616304224539,1,0.833333333333333
"ENSG00000108963",1.84782473411301e-06,0.00785339179567678,4,2,-0.711414217219415,1,0.833333333333333
"ENSG00000129636",1.32648648426608e-06,0.0147326217796444,3,1,0.710214906291332,1,0.833333333333333
"ENSG00000106617",0.00010272213349295,0.00294170958407669,4,1,-0.708359423695717,1,0.666666666666667
"ENSG00000134759",5.53554484295567e-05,1,4,0,-0.708294334995261,1,0.666666666666667
"ENSG00000142627",1.06037110291261e-10,1,4,0,0.701801683433432,1,1
"ENSG00000085491",0.000106506991719689,1,5,0,0.699999417052372,1,0.5
"ENSG00000139323",0.00300051034804302,1,4,0,0.698190859984278,0.833333333333333,0.666666666666667
"ENSG00000085224",8.27453614746661e-06,1,5,0,-0.694328512289693,1,0.666666666666667
"ENSG00000088808",0.017604755070326,1,3,0,-0.693497677769817,0.833333333333333,0.5
"ENSG00000196576",4.37032971720326e-10,1,6,0,0.692306497782023,1,0.666666666666667
"ENSG00000204220",9.33517107886753e-14,1.3248597336783e-09,5,1,-0.686429534306939,1,1
"ENSG00000100918",0.00116206347548823,1,4,0,-0.685540299196258,1,0.666666666666667
"ENSG00000105176",0.00694123381906954,1,5,0,-0.684324985357022,1,0.5
"ENSG00000157150",0.0116498228108212,1,3,0,-0.681419562066325,0.833333333333333,0.833333333333333
"ENSG00000136802",1.88176981187798e-05,1.66975282024512e-06,4,2,0.679591389066488,1,0.833333333333333
"ENSG00000117602",0.0236716814963406,0.249047709733244,3,0,-0.67931676396832,1,0.833333333333333
"ENSG00000187118",3.16938283954658e-16,1,5,0,0.674845417095892,1,1
"ENSG00000163634",1.13194076444103e-27,0.63316247800496,4,0,0.672827557906958,1,1
"ENSG00000185049",0.0256277556932435,0.018592909895482,3,1,-0.670084404965846,1,0.833333333333333
"ENSG00000047457",2.28111063390267e-06,1,4,0,-0.667211421593817,1,0.666666666666667
"ENSG00000105204",0.00045820704365803,1,5,0,0.667082744647504,0.833333333333333,0.5
"ENSG00000049449",4.63036823216272e-06,0.0603897205049065,4,0,0.666666680326124,1,1
"ENSG00000077312",1.61770526586172e-09,1,4,0,-0.666334847950613,1,0.833333333333333
"ENSG00000166200",3.49367332284689e-07,1,3,0,-0.664562901070773,1,0.833333333333333
"ENSG00000102225",0.0006952890718107,1,5,0,0.663433643551246,0.833333333333333,0.5
"ENSG00000185860",0.000605583346591612,1,5,0,0.663177439410779,1,0.5
"ENSG00000187609",0.00565925003382417,0.0385283030075787,3,1,0.661413829408052,1,0.666666666666667
"ENSG00000176715",0.00557923740030444,1,4,0,-0.660208561034563,1,0.666666666666667
"ENSG00000053770",0.0125642098148069,1,4,0,0.656741370047147,1,0.833333333333333
"ENSG00000110536",1.89792301333881e-06,5.00940354243372e-05,7,1,-0.64999827866138,1,1
"ENSG00000177459",3.58530486790412e-07,2.3465766729688e-06,3,1,-0.649162135586705,1,1
"ENSG00000174428",0.0161909855516838,0.00750664451387799,4,1,0.647403381649286,0.833333333333333,0.666666666666667
"ENSG00000214253",2.06679516063982e-06,1,5,0,-0.641681723000789,1,0.833333333333333
"ENSG00000125107",0.000130999586973212,1,5,0,0.639638603915572,1,0.5
"ENSG00000170266",6.19354358427622e-05,1,3,0,-0.639542421580386,1,0.833333333333333
"ENSG00000175279",0.00135332598961831,1,6,0,0.638884555841966,1,0.666666666666667
"ENSG00000144659",0.000517240222573277,0.00460949014286977,4,1,0.638801729128496,1,0.833333333333333
"ENSG00000044115",3.10056215855412e-10,0.000102711840199684,5,1,0.634491061250185,1,1
"ENSG00000140526",0.000180024762641961,1,3,0,0.63338756626621,1,0.666666666666667
"ENSG00000163435",1.23332814111708e-118,3.81460079036402e-25,5,1,0.630871405436149,1,1
"ENSG00000148925",0.000158698714093954,1,3,0,-0.626819139961258,0.833333333333333,0.666666666666667
"ENSG00000189403",5.15821219162031e-165,1,7,0,-0.626472974705719,1,1
"ENSG00000172830",0.0181104740007304,0.00756017369700082,4,1,-0.625672155120285,1,0.833333333333333
"ENSG00000163141",0.0459153123176222,0.0358619940929668,3,1,0.624996730165389,1,0.666666666666667
"ENSG00000164830",5.5823021797193e-07,0.622576732391155,5,0,0.619226209477419,1,0.666666666666667
"ENSG00000156171",5.5400983151492e-05,1,5,0,-0.618003568344331,1,0.833333333333333
"ENSG00000231925",8.45523930041883e-08,1,7,0,0.617645985460133,1,0.833333333333333
"ENSG00000152558",2.82274725387395e-05,0.644919574548175,3,0,0.614906834566149,1,1
"ENSG00000121413",0.00010568180707336,0.746129044744849,5,0,0.610354850830988,1,0.666666666666667
"ENSG00000147813",6.1669636849422e-17,1,5,0,0.610193186314688,1,1
"ENSG00000204385",2.09699902883474e-16,9.80002033874472e-07,6,1,0.609756546457604,1,1
"ENSG00000148341",1.34261582701073e-07,0.233614688521733,5,0,-0.608335901941416,1,1
"ENSG00000101782",2.32494086689585e-07,0.347561201811412,4,0,-0.607142749751371,1,1
"ENSG00000169251",0.000657641701716119,0.000933009667450944,5,1,0.601673883141917,1,0.833333333333333
"ENSG00000095787",0.000136281122192328,1,7,0,-0.601659059190563,1,0.5
"ENSG00000006747",2.92502588851565e-06,1,6,0,0.600000359193772,1,0.666666666666667
"ENSG00000113240",0.0023422556493291,1,6,0,-0.599670170716554,0.833333333333333,0.5
"ENSG00000260916",4.42306995712075e-09,7.29637622809847e-07,4,1,0.598040118495577,1,1
"ENSG00000189077",0.0337345598178731,0.0222659211186337,4,1,0.597178384933977,1,1
"ENSG00000106733",0.000600535998769972,1,7,0,0.59562509834887,1,0.666666666666667
"ENSG00000172785",8.97500213893515e-10,0.000713455070053976,9,1,-0.595091930230197,1,1
"ENSG00000127952",0.0280077533944175,1,5,0,0.59396185624115,1,0.666666666666667
"ENSG00000100364",0.00113700654927334,0.0609935677531555,4,0,-0.593279583863059,0.833333333333333,0.5
"ENSG00000167986",3.69482369127223e-12,0.293998029238916,6,0,-0.592592592592593,1,0.833333333333333
"ENSG00000092820",3.56434588517515e-06,0.00529598508293291,4,1,-0.592140564214342,1,1
"ENSG00000134058",0.00141981721841845,1,4,0,-0.591903796023773,1,0.833333333333333
"ENSG00000163093",0.00304496977165238,1,3,0,-0.59065171092081,1,1
"ENSG00000183421",7.55525326240142e-07,1,4,0,-0.589826977046124,1,1
"ENSG00000176124",0.000882302245863108,1,3,0,0.589481079915098,1,0.666666666666667
"ENSG00000130734",0.0396782418779839,0.511380664973979,3,0,0.588342499434013,0.666666666666667,0.666666666666667
"ENSG00000143153",1.80434668573548e-17,1,4,0,0.58824806963296,1,1
"ENSG00000137824",1.05225438857352e-06,1,4,0,0.586780612997978,1,1
"ENSG00000168591",0.00892359808565254,1,5,0,-0.586530669450118,1,0.5
"ENSG00000120533",5.65011590419069e-39,0.00554873795412503,7,1,0.585450619416335,1,1
"ENSG00000127022",7.7809444220916e-13,7.73698578187147e-09,4,1,0.584375141103463,1,1
"ENSG00000107164",0.000106224791137368,0.0093386803396507,4,1,0.583294030172508,1,1
"ENSG00000266412",3.6665012636949e-08,0.000794273785522864,8,1,0.582348130923877,1,0.666666666666667
"ENSG00000213676",0.0139942691129873,0.00230488634689114,3,1,0.581629585294118,1,1
"ENSG00000280071",0.00303911057924601,1,4,0,-0.58051151600942,1,0.833333333333333
"ENSG00000181163",1.65703166256982e-06,4.29641636465812e-07,3,1,0.578909364821354,1,1
"ENSG00000197461",1.03299438869693e-06,0.247374850117238,4,0,-0.573720692239712,0.833333333333333,0.833333333333333
"ENSG00000133665",6.35806295783337e-12,1.85079468528136e-09,5,1,-0.573132750219409,1,1
"ENSG00000177409",0.000517240222573277,1,7,0,-0.571424408550915,1,0.5
"ENSG00000105063",0.0189457529213782,1,3,0,-0.568306926409288,1,0.833333333333333
"ENSG00000173588",1.54015762489541e-05,1,6,0,-0.568053387271399,1,0.666666666666667
"ENSG00000026025",0.00995082877180691,0.0196015644981213,3,1,-0.567849034825678,1,0.833333333333333
"ENSG00000172831",0.000509668801316704,0.00115365360742976,3,1,-0.567464499643342,1,0.833333333333333
"ENSG00000079246",5.70535220165677e-17,1,3,0,0.567397991293711,1,1
"ENSG00000165698",6.44849624690959e-11,1,6,0,-0.567309266561371,1,0.666666666666667
"ENSG00000197226",0.00987644258883576,0.032459348201363,5,1,0.566179038830468,1,0.833333333333333
"ENSG00000178951",3.4721876540386e-19,1,8,0,-0.565890716774894,1,0.833333333333333
"ENSG00000123240",2.84424768043927e-37,1,8,0,0.565507286711017,1,0.833333333333333
"ENSG00000173442",0.0220202157772853,0.15007933357367,5,0,-0.564916317139527,1,0.666666666666667
"ENSG00000136270",0.00957840391568713,0.009058948809334,4,1,-0.563710439736349,1,0.833333333333333
"ENSG00000159166",3.13836667519996e-30,1,4,0,-0.561403269720499,1,1
"ENSG00000188603",1.92271563566948e-12,1,6,0,0.55842098372313,1,0.666666666666667
"ENSG00000165526",0.031205604728597,1,4,0,-0.556887944278711,0.833333333333333,0.666666666666667
"ENSG00000178057",4.40693234456782e-15,0.574032229997034,5,0,-0.556769977670632,1,1
"ENSG00000128699",2.35966029418226e-05,0.221229049561815,4,0,-0.551942075996689,1,1
"ENSG00000071539",0.00152081173820757,0.0249690280865198,5,1,-0.550419958940595,0.833333333333333,0.833333333333333
"ENSG00000105619",0.00291904265126618,0.0660228500788237,3,0,-0.548649865933836,1,1
"ENSG00000160180",9.83365601663309e-26,7.8465991094743e-22,3,1,0.547680485055177,1,1
"ENSG00000023572",0.000108330770116318,1,3,0,-0.545860263136549,1,0.833333333333333
"ENSG00000244754",0.000109538595899997,0.157383994290821,6,0,0.543743944921087,1,1
"ENSG00000115677",1.11814049761362e-08,1,4,0,-0.543159884332231,1,1
"ENSG00000057935",0.00265683147550342,0.0320098074006731,3,1,0.543016489529083,0.833333333333333,0.833333333333333
"ENSG00000115694",0.000161946705615839,0.412081586654642,9,0,-0.54035407811277,1,0.666666666666667
"ENSG00000156110",0.00318750104373776,0.127862704832262,5,0,0.539388292462637,1,0.833333333333333
"ENSG00000121067",1.19795501968963e-06,1,11,0,-0.538461538136388,1,0.833333333333333
"ENSG00000156313",0.00421183509637997,0.119692448760637,4,0,-0.538459741270811,1,0.666666666666667
"ENSG00000246067",0.000108330770116318,1,6,0,-0.53774050173045,1,0.666666666666667
"ENSG00000073578",3.56885498076465e-20,0.0434404797597413,6,1,-0.537633654506989,1,1
"ENSG00000067182",1.52301019410218e-07,0.0020897415517239,3,1,0.536621130078196,1,0.833333333333333
"ENSG00000155090",3.04734081796863e-05,1,3,0,-0.534788863585964,1,1
"ENSG00000145495",0.0186440085104153,1,3,0,0.534310589407511,1,1
"ENSG00000158234",8.01287806353778e-12,1,6,0,-0.533537916223645,1,1
"ENSG00000065548",3.57377226584202e-13,1,3,0,0.533192456487178,1,1
"ENSG00000258752",2.29235873888971e-05,1.23797743814998e-05,3,1,-0.531213397302363,1,1
"ENSG00000138772",3.1171269460645e-15,0.778726879134456,4,0,-0.530743753043768,1,1
"ENSG00000132470",4.67575668358989e-16,0.315154854669095,8,0,-0.528457837278257,1,0.833333333333333
"ENSG00000185808",0.0160603990868672,0.326921115522296,3,0,0.522979184321915,1,1
"ENSG00000162231",4.99214904064769e-05,0.0395409714110544,4,1,-0.521688691615123,1,0.666666666666667
"ENSG00000072110",5.69102881268989e-18,1,6,0,-0.521316549320056,1,1
"ENSG00000173171",0.0276291416386491,0.00388202373116062,4,1,-0.518400588354027,1,1
"ENSG00000213145",1.50981178382453e-32,1,7,0,-0.517503112455202,1,1
"ENSG00000038274",0.0414399243618634,0,2,2,-0.516955320368684,1,1
"ENSG00000004455",1.1068091165172e-06,7.92005106679775e-05,6,1,-0.515545609073166,1,1
"ENSG00000151923",0.00027841155654565,1,7,0,0.51515187705938,1,0.833333333333333
"ENSG00000176261",0.000408799050248045,1,7,0,-0.514274211005621,1,0.833333333333333
"ENSG00000121289",0.0238179134324021,0.191701694215739,3,0,0.511867719668054,1,0.833333333333333
"ENSG00000079974",3.48147904152016e-13,1,8,0,0.511627878465414,1,0.833333333333333
"ENSG00000153187",0.0198432702632888,0.107643363404954,4,0,0.511510496910454,1,1
"ENSG00000132254",1.16884810403508e-06,0.0321340784745624,7,1,-0.509803768920716,1,0.833333333333333
"ENSG00000135925",6.32878525296066e-05,0.0447467332275398,5,1,-0.508719006484381,1,0.833333333333333
"ENSG00000203814",0.0495304118312601,1,4,0,-0.507294528169648,0.833333333333333,0.666666666666667
"ENSG00000173226",0.00088669658810612,1,4,0,0.506539675972165,1,0.833333333333333
"ENSG00000073921",0.0126263109897186,1,3,0,-0.505491337619215,1,1
"ENSG00000157778",3.48147904152016e-13,5.48174961496306e-05,6,2,0.503525027116397,1,1
"ENSG00000132424",1.44907205366911e-08,1,7,0,-0.501278032420671,1,0.666666666666667
"ENSG00000204256",1.03420391481081e-06,0.249101674008866,5,0,0.500310911017311,1,0.833333333333333
"ENSG00000137497",0.0297840214761489,1,5,0,0.5,1,0.666666666666667
"ENSG00000159884",0.0391868604592683,1,4,0,0.499998399378144,0.833333333333333,0.833333333333333
"ENSG00000093000",0.000192332752108381,1,5,0,0.49952372473546,1,1
"ENSG00000173715",0.0226527600874557,1,4,0,-0.499362180297428,1,0.666666666666667
"ENSG00000204859",0.000220110803088773,1,7,0,-0.498448997249146,1,0.5
"ENSG00000110328",0.00259278105144558,0.0329453400219258,3,1,0.497649363117379,1,1
"ENSG00000001630",0.00462563950042204,0.470157190582041,4,0,-0.495488802627946,0.833333333333333,0.666666666666667
"ENSG00000135535",9.33525748765785e-19,1,6,0,0.485252434015023,1,1
"ENSG00000285437",1.00305559779671e-08,1,10,0,0.484565046373974,1,0.5
"ENSG00000010361",1.7158891462299e-05,1,6,0,0.481047643309338,1,1
"ENSG00000012061",0.0242868538173683,0.123839816623234,6,0,-0.48087398079708,1,0.833333333333333
"ENSG00000111642",0.000255789662387848,1,7,0,-0.479562257039784,1,0.666666666666667
"ENSG00000137996",1.0335653916131e-05,0.0350218816619817,5,1,-0.478815808032253,1,1
"ENSG00000278259",0.0394052466041703,1,4,0,-0.476654902320368,1,0.666666666666667
"ENSG00000170477",1.02374699523049e-26,6.95583427632179e-22,5,2,-0.475926636164732,1,1
"ENSG00000107372",1.04660209656884e-07,0.0016035593806514,6,1,-0.475755008653227,1,1
"ENSG00000154845",0.0010020413468064,1,5,0,-0.474777758891678,1,0.5
"ENSG00000105519",7.39903061463402e-20,3.02738075761654e-12,6,3,-0.473825333266716,1,1
"ENSG00000144161",0.00491770963470721,0.198897519775642,4,0,-0.473586555675746,1,1
"ENSG00000015479",2.69636737323419e-06,1,6,0,0.473583782084514,1,0.5
"ENSG00000221914",0.000381447769869341,0.354730606364073,6,0,0.47191082877988,1,0.833333333333333
"ENSG00000128731",0.0490021112955833,0.276842896118129,5,0,0.470892680531892,1,0.833333333333333
"ENSG00000092201",0.00251801812184496,0.234900943558729,3,0,0.47023475979686,0.833333333333333,0.833333333333333
"ENSG00000104529",5.65862768858981e-26,1.6600437614684e-27,3,3,-0.468932519751682,1,1
"ENSG00000143393",0.0161880166216058,1,4,0,-0.468464900241645,1,0.5
"ENSG00000135363",3.33907868880464e-06,1,6,0,-0.467415763251464,1,1
"ENSG00000143549",5.15863257009714e-11,0.0368967845570099,9,1,0.464158381081874,1,1
"ENSG00000139218",1.75806655642892e-06,8.53516966969218e-05,8,2,0.463461538469803,1,0.833333333333333
"ENSG00000197989",0.0187798300214243,0.155973674555475,6,0,0.462952643758239,0.833333333333333,0.666666666666667
"ENSG00000149115",5.43332513684083e-09,1,11,0,0.461855642325179,1,0.5
"ENSG00000161642",0.00105882830929521,1,5,0,0.461793447985861,1,0.666666666666667
"ENSG00000100644",5.21687400283293e-06,1,7,0,0.461538461538463,1,0.666666666666667
"ENSG00000111371",0.0108950674261358,1,5,0,-0.460929640604011,0.833333333333333,0.5
"ENSG00000215301",0.00492039909347848,0.01737580533753,7,1,-0.460739070223263,1,0.833333333333333
"ENSG00000100083",0.00064135007879143,0.433103150139519,4,0,-0.460068453264113,1,1
"ENSG00000140416",0.019005595704571,0.0419736802226846,3,1,-0.459430423235472,1,1
"ENSG00000063660",4.93177166345563e-05,0.000373281225246073,3,1,-0.458833483438695,1,1
"ENSG00000119335",0.00941035385731092,0.25413268202331,3,0,0.458397188828254,1,1
"ENSG00000089737",0.00934047823821376,1,3,0,0.458136127825575,1,1
"ENSG00000048140",0.0339097943073623,1,5,0,0.458070010019955,1,0.833333333333333
"ENSG00000177425",0.000107808390144106,1,8,0,-0.457220530892084,1,1
"ENSG00000117335",4.20910677103654e-06,0.239663532576572,5,0,0.457142865358269,1,1
"ENSG00000114544",0.0440480757865834,0.0725686031680545,4,0,0.455756643085472,1,1
"ENSG00000129226",0.0314286168680774,0.608393089260384,3,0,0.455449915189598,1,0.833333333333333
"ENSG00000107521",0.00127670908450684,0.0494436182274823,6,1,0.453872861210461,1,0.833333333333333
"ENSG00000088930",4.03728057402965e-06,0.280554868001554,4,0,-0.4537297622946,1,1
"ENSG00000169220",0.019882884376295,1,4,0,-0.451689425010168,1,1
"ENSG00000067225",1.46112735602664e-68,1,4,0,-0.451341713455683,1,1
"ENSG00000165506",9.30037517462804e-05,0.255315643869637,5,0,0.450725283891008,0.833333333333333,0.5
"ENSG00000104881",1.11015274253675e-05,0.0348959825245519,6,1,0.44969513647857,1,1
"ENSG00000111328",6.29621837413853e-08,1,5,0,-0.449318090849617,1,0.833333333333333
"ENSG00000172590",3.10773417210076e-05,1,8,0,-0.448203701474267,1,0.833333333333333
"ENSG00000173801",0.00492039909347848,1,6,0,0.447481515891306,0.833333333333333,0.666666666666667
"ENSG00000130702",1.40585779404812e-08,1,9,0,0.447367462316453,1,0.666666666666667
"ENSG00000012822",0.0436901580646313,0.093907473149787,5,0,-0.447221164125312,1,0.833333333333333
"ENSG00000115816",0.000905731595945095,0.7602734686811,4,0,-0.44635027750868,1,1
"ENSG00000171462",0.00669065020526766,0.11957983289597,5,0,0.446173389749363,1,0.666666666666667
"ENSG00000132581",3.23914296955424e-07,0.137665112089539,4,0,-0.444565454424721,1,1
"ENSG00000203875",2.19165644620437e-13,5.34109840864285e-16,5,3,0.443611245150609,1,1
"ENSG00000140043",0.0317619337144388,1,5,0,-0.443401283642376,0.833333333333333,0.666666666666667
"ENSG00000114770",0.00330454481618499,1,6,0,0.443149437956925,1,0.833333333333333
"ENSG00000125868",4.70701377208624e-12,8.17892138468667e-08,3,1,0.442914305879032,1,1
"ENSG00000105357",3.16101340935763e-09,1,8,0,0.442693445442917,1,1
"ENSG00000178935",0.0169225152889802,0.00567999952349227,4,1,0.442483002535086,1,1
"ENSG00000157916",3.62356011965944e-05,2.05478791737032e-06,3,2,0.442465984342814,1,1
"ENSG00000225470",5.86308799886105e-07,1,8,0,-0.442348998348016,1,1
"ENSG00000122545",5.02375827925115e-29,2.56972197310765e-06,5,1,-0.44207361134545,1,1
"ENSG00000164930",0.00134800163197042,1,4,0,0.442059227959226,1,1
"ENSG00000101940",1.49805995430483e-08,0.03515911359757,6,1,0.440287793696961,1,1
"ENSG00000082701",0.000896704519763256,1,3,0,-0.440118416350837,1,1
"ENSG00000117682",0.0271503431864439,1,5,0,-0.439129297637974,1,0.666666666666667
"ENSG00000104765",0.000628198218470698,0.394903172399522,3,0,0.437537160471728,1,1
"ENSG00000114019",0.000809373171583179,0.966281479765733,5,0,0.437499999999999,0.833333333333333,0.833333333333333
"ENSG00000065054",0.00953232394068123,0.0800888643177759,5,0,0.436172873797367,1,0.833333333333333
"ENSG00000130826",0.000176609717057423,0.00128687859310102,3,1,-0.435448543136747,1,1
"ENSG00000184709",8.12069278371302e-05,1,3,0,-0.435252103017692,1,1
"ENSG00000182196",4.91511127600206e-19,5.32481605471314e-07,5,1,0.435122512930448,1,1
"ENSG00000131051",1.717668767418e-11,0.107699098424246,13,0,0.434332357123069,1,1
"ENSG00000119801",4.41507107110108e-05,1,5,0,-0.434277210250217,1,0.833333333333333
"ENSG00000267673",0.0126980585083824,1,5,0,-0.432582890084683,1,0.833333333333333
"ENSG00000115339",0.034344638092977,1,4,0,-0.430508429837578,1,0.833333333333333
"ENSG00000166710",3.08361129004161e-43,0.285910138887795,8,0,0.430302891273262,1,1
"ENSG00000173818",0.0202540765677501,1,6,0,0.430269767829555,1,0.666666666666667
"ENSG00000125877",0.000164818543433105,0.00766760200798223,6,1,0.429262126610253,1,1
"ENSG00000126522",0.00589589939420811,1,8,0,-0.428569723119501,1,0.666666666666667
"ENSG00000226067",0.000115971083010343,1,7,0,-0.426903634141345,1,1
"ENSG00000179134",0.00553305491596022,0.0218239313485719,4,1,0.426789537934711,1,1
"ENSG00000176974",0.0405125922056273,1,5,0,0.426303403882432,0.833333333333333,0.666666666666667
"ENSG00000101310",0.00165357758938777,1,6,0,0.425996823805474,0.833333333333333,0.833333333333333
"ENSG00000133706",0.008599204300772,1,5,0,0.425507898370541,1,0.833333333333333
"ENSG00000143198",7.00085762552476e-31,6.50445966867241e-18,4,1,-0.423898661046003,1,1
"ENSG00000198363",0.0181104740007304,1,5,0,-0.423832834678451,1,0.833333333333333
"ENSG00000156256",0.00231437342657374,0.693509172493723,6,0,-0.421737801988841,1,0.833333333333333
"ENSG00000122026",2.05533711948706e-75,4.82189935742211e-34,3,1,-0.420328593757145,1,1
"ENSG00000032389",0.005624564198545,0.00217863751577244,4,1,0.420056485194758,1,1
"ENSG00000136240",1.84649704696197e-05,1,5,0,0.419938726546718,1,1
"ENSG00000158092",0.000623109700012958,0.00078392093917431,5,1,-0.418787643914503,1,1
"ENSG00000134779",5.21287475757995e-06,0.797114428874877,10,0,-0.418604443280898,1,0.833333333333333
"ENSG00000113649",0.0236589609971972,1,3,0,-0.418518135926663,0.833333333333333,0.833333333333333
"ENSG00000110958",1.21332683249255e-13,4.98331678166471e-06,3,1,0.417963646775376,1,1
"ENSG00000089356",2.78022905466631e-63,5.51364772766955e-61,4,2,0.417852446682146,1,1
"ENSG00000113282",0.00124854358044514,0.0408697519520332,5,1,0.417185621954408,1,0.833333333333333
"ENSG00000177479",0.0271140073187245,1,5,0,0.415824490225433,1,0.666666666666667
"ENSG00000139437",0.0131242539020942,1,4,0,0.414824894325284,1,1
"ENSG00000133265",0.00117802233296395,0.104446824171049,4,0,-0.413793141058272,1,1
"ENSG00000166012",1.36670503616618e-05,1,7,0,-0.413792988656982,1,0.833333333333333
"ENSG00000243989",0.0313284287369493,0.209954243059865,4,0,-0.413791464569219,1,1
"ENSG00000142273",0.0149712558917349,0.0150604281696207,4,1,0.41364479993947,1,1
"ENSG00000084090",0.0476697061930208,0.0376923042764052,3,1,0.412634447842352,1,1
"ENSG00000185499",1.07010234980065e-05,0.000691421985177994,4,1,-0.411070329831868,1,1
"ENSG00000131508",0.017604755070326,0.00891169342852655,4,2,0.410840322502704,1,1
"ENSG00000185813",0.0377189097433045,0.0661050239975597,5,0,-0.408333320658111,0.833333333333333,0.833333333333333
"ENSG00000182093",5.01139126513457e-07,0.0915239736394274,6,0,-0.408163263622204,1,1
"ENSG00000117676",0.000538070545189572,1,5,0,-0.40740498432905,1,1
"ENSG00000158435",0.0066602691194391,1,3,0,-0.40369197257164,1,1
"ENSG00000171867",9.34952494029591e-06,0.0549473655189483,3,0,0.403387560230494,1,0.833333333333333
"ENSG00000130429",2.25597112128839e-24,4.12968961116097e-16,4,1,-0.402722684622748,1,1
"ENSG00000049759",0.00648013935499353,0.167595147201018,6,0,-0.401946685515616,1,0.833333333333333
"ENSG00000184110",1.83824525617799e-11,0.000325273759662671,5,1,0.401522811727485,1,1
"ENSG00000070731",0.0186184088349364,0.0192234079925175,5,1,-0.401476563436536,1,1
"ENSG00000139263",1.32825747254327e-05,0.120613980581466,7,0,0.399999800350898,1,1
"ENSG00000118307",0.00353221098352138,1,7,0,-0.399999093318166,1,1
"ENSG00000164924",1.47190872336459e-08,0.00739548670999317,8,1,0.39994108277374,1,1
"ENSG00000099849",6.1937072330671e-06,0.00300156248831225,7,1,0.399661976984446,1,1
"ENSG00000206562",0.018292596312661,1,4,0,0.398958796372445,1,0.833333333333333
"ENSG00000175029",3.48191164775674e-07,1,8,0,0.398797765288296,1,0.666666666666667
"ENSG00000110274",5.89331615972807e-06,1,7,0,-0.397991806290236,1,0.5
"ENSG00000164172",8.65164999143687e-05,1,4,0,0.396334318607094,1,1
"ENSG00000142599",0.0108361871403254,0.0109205442461343,4,1,-0.395476281860215,1,1
"ENSG00000141298",0.0169225152889802,1,4,0,0.394066203834465,1,1
"ENSG00000096093",7.6755064784721e-05,0.8237707894158,7,0,-0.393053747709412,1,1
"ENSG00000168575",0.000227062182653762,1,6,0,-0.392872023696733,1,0.833333333333333
"ENSG00000214022",6.43658184848652e-05,1,6,0,-0.392857145212791,1,1
"ENSG00000110492",1.34254069432246e-24,6.73480334630823e-16,4,1,-0.392071508626526,1,1
"ENSG00000204618",1.87613456838288e-05,0.000225179865161438,4,1,0.389006021125263,1,1
"ENSG00000186468",0.0168712050767307,0.00575027916146277,5,1,0.387770081899579,1,1
"ENSG00000127837",0.000499804177528833,0.000825023920073192,3,1,-0.387108673120785,1,1
"ENSG00000176623",4.20910677103654e-06,0.12401982342009,9,0,0.387063632513206,1,1
"ENSG00000158850",0.0162454544849867,1,4,0,-0.386758985127176,1,0.833333333333333
"ENSG00000188313",1.17935024354413e-07,0.372673151893665,5,0,-0.386754388992007,1,1
"ENSG00000137098",0.0145161713615952,1,4,0,0.385517400229923,1,1
"ENSG00000187492",4.2449657814929e-05,0.0172202303611105,6,1,0.384615384615384,1,1
"ENSG00000113384",0.0320760132339131,0,2,2,0.384288759321736,1,1
"ENSG00000133835",0.0053338843547936,0.0118786680275063,4,1,-0.382477906373574,1,1
"ENSG00000178741",7.53007961264591e-13,0,2,2,-0.380997630735454,1,1
"ENSG00000147889",2.54331639650664e-55,1,9,0,0.379746828263048,1,1
"ENSG00000150753",3.45537127014451e-11,1.21300377859675e-05,3,1,-0.379160273418355,1,1
"ENSG00000115310",1.31812325578991e-17,0.0255314390286095,5,1,-0.377043566159804,1,1
"ENSG00000147789",0.0418639442212207,1,5,0,-0.376477064432136,1,0.5
"ENSG00000168961",0.00125239068676076,0.719614108780837,5,0,-0.37500002009043,1,1
"ENSG00000114107",0.000485718972821218,0.92492328181145,7,0,0.374999658566931,1,0.833333333333333
"ENSG00000131503",0.000180024762641961,1,7,0,0.374999423201697,0.833333333333333,0.833333333333333
"ENSG00000167996",4.16583770129736e-116,2.18128988110406e-96,3,1,-0.371608633182076,1,1
"ENSG00000160753",2.00311359458071e-05,1,8,0,-0.370740951649274,1,0.666666666666667
"ENSG00000006118",0.000387377268383963,1,6,0,0.370239216274607,1,1
"ENSG00000170291",0.00024991908183401,1,9,0,-0.369553937251757,1,0.833333333333333
"ENSG00000147654",0.00953232394068123,0.0381064516647015,4,1,0.36865071154154,1,1
"ENSG00000050820",0.0296118079087796,1,5,0,-0.367148944799618,1,0.833333333333333
"ENSG00000124380",0.0419781036926635,1,4,0,0.367079608083136,1,1
"ENSG00000119431",1.38284024137867e-07,1,4,0,0.365854087330121,1,1
"ENSG00000025708",3.64501764716115e-12,0.312297569839961,8,0,0.365670796386057,1,1
"ENSG00000196275",0.0482499519443663,1,4,0,0.364101783518607,0.833333333333333,0.833333333333333
"ENSG00000170788",0.0067275089286483,1,6,0,-0.363431279402714,1,0.666666666666667
"ENSG00000175324",8.97500213893515e-10,1,6,0,-0.360655737704917,1,1
"ENSG00000145014",0.00154548154746567,1,5,0,-0.359858734731225,1,0.833333333333333
"ENSG00000100664",0.00149093085394407,1,5,0,-0.358821631222049,1,1
"ENSG00000204580",7.44939415474447e-07,1,9,0,0.358313297149242,1,0.833333333333333
"ENSG00000013275",1.19795501968963e-06,0,2,2,-0.357897075122869,1,1
"ENSG00000101150",0.032442123118933,0.188567847414187,4,0,-0.357258252494603,1,1
"ENSG00000100722",0.0103651567990338,1,6,0,0.357147215073133,1,0.833333333333333
"ENSG00000161618",5.71989390565968e-05,1,5,0,0.354838701980647,1,1
"ENSG00000068745",4.51680481652351e-05,0.000813032342527639,4,1,-0.353148463558747,1,1
"ENSG00000149084",1.86429029415285e-06,0.234903294699449,5,0,-0.352234144918077,1,1
"ENSG00000115884",0.0480249586791704,0.031250221304747,4,1,0.351150738281055,1,1
"ENSG00000136261",1.56489708892167e-06,0.0353120313183452,6,1,0.350932252811175,1,1
"ENSG00000168476",0.000111937091494905,1,4,0,0.350179211287693,1,1
"ENSG00000117395",7.94243949734842e-15,1,6,0,0.348097183307891,1,1
"ENSG00000060339",0.0151122401256723,1,6,0,-0.346503404300133,1,0.5
"ENSG00000166164",1.18675499457141e-05,0.269708260620911,6,0,0.346250356776003,1,0.833333333333333
"ENSG00000107175",0.0108957389854673,0.0543083560760957,5,0,0.345172800929342,1,1
"ENSG00000138119",2.38928473702204e-05,1,4,0,-0.344684352610665,1,1
"ENSG00000169599",0.000647790350947019,1,5,0,0.344665316455156,1,1
"ENSG00000157110",0.0258839934531868,1,5,0,0.343147281205016,1,0.833333333333333
"ENSG00000122952",0.0465030315184159,1,5,0,0.342923177320965,1,0.833333333333333
"ENSG00000011009",2.66927591281378e-05,0.00340735986245178,5,1,0.341517511884448,1,0.833333333333333
"ENSG00000173581",0.0430845542828985,0.576264145205153,6,0,0.340351179537395,0.833333333333333,0.666666666666667
"ENSG00000116661",5.95692510690001e-05,1,3,0,0.340106774080155,1,1
"ENSG00000160813",0.000266873269648493,0.0739565239179323,7,0,0.339865023747979,1,1
"ENSG00000149547",0.0265009648555691,1,5,0,0.339584142217313,1,0.833333333333333
"ENSG00000169062",0.000163500448841202,0.130012537320226,8,0,0.338875847158441,1,0.833333333333333
"ENSG00000137648",7.45070979172606e-05,1,6,0,0.338449519921886,1,1
"ENSG00000158373",0.0299309798239483,0.0467691523952958,3,1,-0.337862553370121,1,0.833333333333333
"ENSG00000110880",0.0171942752506848,1,6,0,0.336172919386892,1,0.666666666666667
"ENSG00000147642",0.0127736703419498,1,7,0,0.334980892041675,1,0.5
"ENSG00000108604",0.0271825679322679,0.505827345389872,3,0,-0.334602317681476,1,1
"ENSG00000130640",1.32648648426608e-06,1,8,0,0.333968535422026,1,1
"ENSG00000133226",8.0751863292216e-09,0.080866492528307,7,0,-0.333788259505976,1,1
"ENSG00000034152",0.0124660276157709,0.0144690340120428,3,1,-0.333453746029692,1,1
"ENSG00000100429",0.0339207519236993,1,5,0,0.333333333333374,1,0.833333333333333
"ENSG00000100796",9.73224362619845e-05,1,10,0,0.333333250797135,1,0.833333333333333
"ENSG00000105856",0.000740670295007207,0.153954220566965,5,0,0.333333037957604,1,1
"ENSG00000088836",0.0108950674261358,1,7,0,0.333331431133945,1,0.833333333333333
"ENSG00000162144",0.0353977025481024,1,4,0,-0.331895902091063,1,1
"ENSG00000127125",9.89647709845136e-07,2.78764866748601e-05,6,2,-0.329838041968673,1,1
"ENSG00000148334",3.2873928494062e-06,1,4,0,0.328848320701275,1,1
"ENSG00000270647",1.28785415648432e-07,0.170176186556644,6,0,0.328246360481603,1,1
"ENSG00000166145",2.76056316005721e-13,0.508234198475336,7,0,0.327586226557197,1,1
"ENSG00000166979",0.0015693108202775,0.267977223035929,6,0,-0.326238818104149,1,0.666666666666667
"ENSG00000136527",0.000192546129486242,1,7,0,-0.324999572336992,1,1
"ENSG00000124596",8.03891116555065e-06,1,8,0,-0.324798853086201,1,0.666666666666667
"ENSG00000067836",0.0121453257560692,0.0106436714535716,4,1,-0.324696874647622,1,1
"ENSG00000175354",3.86981526350354e-10,1,11,0,-0.3240698182042,1,1
"ENSG00000139722",5.41481272112892e-05,8.51054534073028e-05,4,1,0.323117108711178,1,1
"ENSG00000146282",2.59218538078555e-05,1,5,0,0.32258064516884,1,1
"ENSG00000145191",0.0222886742774649,0.229572820823973,4,0,0.322014685271794,1,1
"ENSG00000172062",0.0296585892900142,1,4,0,-0.321593669228391,1,1
"ENSG00000088448",0.0346057283993808,1,5,0,0.321211487715969,1,1
"ENSG00000186960",0.0163486645930781,1,5,0,-0.320475628591754,1,0.666666666666667
"ENSG00000160752",7.74616337664972e-16,1,7,0,0.31944793629175,1,1
"ENSG00000119487",0.00351273906417463,1,5,0,-0.319347963637329,1,0.833333333333333
"ENSG00000163597",7.14213259745717e-09,0.0109725184165359,6,1,-0.318840585758531,1,1
"ENSG00000163932",0.00457920458174032,1,7,0,0.318181680839355,1,1
"ENSG00000171720",0.000691650435260415,1,6,0,0.31814723014171,1,1
"ENSG00000068120",4.93177166345563e-05,1,6,0,0.317229548555233,1,1
"ENSG00000221978",0.0108950674261358,0.252084507120423,7,0,-0.316316231518892,1,1
"ENSG00000197446",1.1585137565141e-08,0.633221557843768,8,0,0.315612558942217,1,1
"ENSG00000144560",1.14763946113485e-05,1,7,0,0.313717605644107,1,1
"ENSG00000167136",1.07010234980065e-05,0.0129839141048306,3,1,0.31314020275399,1,1
"ENSG00000127314",2.08431510798744e-16,0.000350335435247786,6,1,-0.312420798786932,1,1
"ENSG00000105698",0.0377189097433045,1,5,0,-0.312377537031251,1,1
"ENSG00000183844",0.0012891482429007,0.0615353942894742,4,0,-0.312169607588964,1,1
"ENSG00000131236",4.94300483025335e-15,1,7,0,0.312158646173749,1,1
"ENSG00000204344",0.00348926153959786,1,4,0,0.311444754659468,0.833333333333333,0.833333333333333
"ENSG00000117616",0.000234411217547393,0.259306317495497,8,0,-0.30952378767933,1,1
"ENSG00000185650",0.00129886504391331,0.385755711353617,4,0,-0.307768801191251,1,1
"ENSG00000065357",0.02114043906416,1,8,0,0.307691921671732,1,0.833333333333333
"ENSG00000116212",0.00251276118107829,0.0204125528291924,7,1,-0.307622478829498,1,1
"ENSG00000076554",1.1033883371025e-10,0.0298047556529771,6,1,-0.307205987796197,1,1
"ENSG00000173575",0.00860528127691338,1,4,0,0.306710585229699,1,1
"ENSG00000239467",0.0130953491614149,1,6,0,0.306272159503949,1,0.666666666666667
"ENSG00000108384",0.000136281122192328,1,5,0,0.305724697375837,1,1
"ENSG00000120742",1.67954633417346e-05,0.149634134573989,5,0,0.305530982832717,1,1
"ENSG00000089127",0.000125532019552287,0.240261530761536,7,0,0.305298063747186,1,1
"ENSG00000144061",0.0261753500804562,1,5,0,0.304347843252676,1,1
"ENSG00000137767",1.69999583114346e-07,1,6,0,0.304347662374646,1,1
"ENSG00000124802",0.0239381258973316,0,2,2,-0.302538969077934,1,1
"ENSG00000132463",0.00122551195680137,1,8,0,-0.300938980505407,1,1
"ENSG00000177963",0.0241146439743623,0.105345202891011,4,0,0.298998068374366,1,0.833333333333333
"ENSG00000129534",6.41217682474692e-05,1,10,0,-0.298938792814749,1,0.833333333333333
"ENSG00000168000",0.000347470173417488,0.00418481871531501,5,1,0.298697430515313,1,1
"ENSG00000170545",0.000241591099030515,1,4,0,-0.297952141243454,1,1
"ENSG00000068438",0.0092975717031159,1,4,0,0.296278607591045,1,0.833333333333333
"ENSG00000126005",0.00301078061296281,0.116726404998273,4,0,-0.295615442526707,1,1
"ENSG00000177200",1.94370606660934e-09,1,12,0,-0.295454568370103,1,1
"ENSG00000108953",3.51780884496224e-11,1.75616435552664e-09,4,1,0.293163627637427,1,1
"ENSG00000171490",0.0239131890485544,0.255644935821396,3,0,-0.292687441182982,1,1
"ENSG00000100360",5.26142099409334e-08,1,4,0,0.292476124536166,1,1
"ENSG00000176155",0.0271825679322679,0.506975067925388,5,0,0.29233640023568,1,1
"ENSG00000111142",0.00110818350866675,0.208020108541943,4,0,-0.29214946716768,1,1
"ENSG00000064666",0.0170063125049692,0.0435586924309827,4,1,-0.291838070839457,1,1
"ENSG00000114209",6.43658184848652e-05,1,6,0,0.290777322571811,1,1
"ENSG00000146731",3.58634788876747e-05,0.0624580107303441,3,0,0.289474804656627,1,1
"ENSG00000102144",0.00834380819799431,0.00147390344755596,3,2,-0.286053716930483,1,1
"ENSG00000186594",0.00743397299032257,1,9,0,0.285714285714286,1,0.833333333333333
"ENSG00000167766",0.018980370146735,1,7,0,-0.285714285712892,1,0.666666666666667
"ENSG00000072682",5.97184934794032e-07,1,11,0,-0.285714186710201,1,0.833333333333333
"ENSG00000169660",0.0405125922056273,1,6,0,0.285712043838224,1,1
"ENSG00000135968",0.000809373171583179,1,9,0,0.285709998275141,1,1
"ENSG00000163584",4.10676622403433e-11,4.72062337053096e-07,4,1,-0.282290657734288,1,1
"ENSG00000114115",0.000537134538723825,0.0145423880030631,3,1,0.279615197281124,1,1
"ENSG00000137575",0.00741776527705654,0.0972479712347591,3,0,-0.277188371164378,1,1
"ENSG00000174243",4.9926971561312e-05,1,5,0,-0.275862153974796,1,1
"ENSG00000151327",0.00251276118107829,0.142673994999691,5,0,-0.275253310404033,1,1
"ENSG00000119979",0.0098564484403658,0.38481047633253,4,0,-0.275111912695151,1,1
"ENSG00000157873",0.00447446210459384,0.841022162848178,7,0,0.274781854911809,1,1
"ENSG00000159346",0.000214756709513834,0.241509168210535,4,0,-0.273966455892388,1,1
"ENSG00000113712",7.88338171105811e-21,0.147003995129689,11,0,-0.273809566590874,1,1
"ENSG00000153113",1.87613456838288e-05,0.00326199336919835,13,1,-0.273099538641997,1,0.833333333333333
"ENSG00000126581",0.00424902297942156,1,5,0,-0.272557972439393,1,1
"ENSG00000124570",0.0015286128764457,0.670919884981388,6,0,0.272052989463868,1,1
"ENSG00000150403",0.0020983984993838,1,6,0,-0.270777008149185,1,1
"ENSG00000171928",0.000104358311287801,1,3,0,0.270220902311478,1,1
"ENSG00000157601",1.08331445732032e-06,0.459967959167358,4,0,0.269713453553691,1,1
"ENSG00000163832",0.00512574542110094,1,5,0,0.269312931774499,1,0.833333333333333
"ENSG00000170638",0.0210997646727678,0.42689138489401,7,0,-0.26920595790339,1,0.833333333333333
"ENSG00000140943",0.000327896674446658,1,5,0,0.26785744062076,1,1
"ENSG00000230937",4.10676622403433e-11,1,7,0,0.26759431781173,1,1
"ENSG00000176788",2.68312309250824e-11,1,3,0,-0.266721531721506,1,1
"ENSG00000117228",0.000896704519763256,0.2402645511583,5,0,0.266666494182093,1,1
"ENSG00000185222",0.0248689048531967,0.667254096633714,3,0,0.265185892408199,1,1
"ENSG00000173272",3.9527684036023e-11,7.06236848519374e-07,3,1,0.264672951585718,1,1
"ENSG00000139835",0.0412846606409307,0.228593851298241,5,0,-0.263891266535158,1,1
"ENSG00000155287",0.0225254653822402,0.199626006287661,6,0,-0.263327401112748,1,1
"ENSG00000158163",0.0357765148041739,1,3,0,0.261792281408601,1,1
"ENSG00000187954",0.00291904265126618,1,9,0,0.26109863269991,1,1
"ENSG00000106052",0.00836662778763379,0.250588952948401,5,0,-0.26086378123665,1,1
"ENSG00000153292",0.00568219273252357,1,8,0,0.260602237426132,1,1
"ENSG00000185055",7.98439402898879e-07,1,7,0,0.259886994089874,1,1
"ENSG00000123159",2.32526499007429e-09,1,7,0,-0.259720229513271,1,1
"ENSG00000067066",0.00287734784628079,1,8,0,-0.259371652836325,1,1
"ENSG00000128951",0.0015633703794785,0.037314248570826,4,1,-0.258940681701648,1,1
"ENSG00000158315",0.000350245564350638,1,4,0,0.258906537977954,1,1
"ENSG00000126214",0.0201159849994786,1,9,0,-0.258452315661729,1,0.833333333333333
"ENSG00000145113",1.43166060056916e-19,1,11,0,0.258064473487678,1,1
"ENSG00000060237",0.00656734189826685,1,5,0,-0.257142123872502,1,1
"ENSG00000160688",0.00454765473058031,1,5,0,-0.25699745444033,1,1
"ENSG00000163938",0.00236889413356932,0.367566299739566,4,0,0.256188751166004,1,1
"ENSG00000253710",0.0186440085104153,1,5,0,0.255909960189419,1,1
"ENSG00000068079",0.0227044678570863,0.635273988022768,3,0,0.255908746456561,1,1
"ENSG00000141424",0.0189978008761764,1,5,0,0.254423508444088,1,0.833333333333333
"ENSG00000115963",0.0324844183726651,0.00564013415646946,4,1,0.254228394495395,1,1
"ENSG00000196344",7.16958035971747e-18,1,6,0,-0.253870080790731,1,1
"ENSG00000124733",0.0395421540794611,0.133154535653945,3,0,0.253834756264185,1,1
"ENSG00000114383",0.0136142482308735,1,4,0,0.253332416191743,1,1
"ENSG00000109180",0.000111102814331826,0.0047644026430101,4,1,0.253245909310687,1,1
"ENSG00000141504",0.000429728225281141,0.796874011172711,5,0,0.253125927841508,1,1
"ENSG00000091073",0.000387050328612982,1,10,0,-0.250875727335904,1,1
"ENSG00000129625",2.2010366597591e-09,0.00970974552256475,3,1,0.250695403954782,1,1
"ENSG00000204054",0.0249830991640351,1,9,0,-0.250000003358,1,1
"ENSG00000122033",0.0474739428308407,0.545102941905924,5,0,0.249999999826263,1,1
"ENSG00000108946",0.00938414446555923,1,9,0,0.24999729001866,1,0.833333333333333
"ENSG00000029363",3.70330000795619e-05,0.638782120416863,7,0,-0.249577055492477,1,1
"ENSG00000094755",0.0369091489743699,0.772758459096769,5,0,0.24916588746999,1,1
"ENSG00000007174",0.0296910483308022,1,4,0,0.249034284239517,1,1
"ENSG00000147996",0.000600535998769972,1,8,0,-0.248973242652899,1,0.833333333333333
"ENSG00000074696",0.0264180331466884,0.0356408617554815,3,1,0.248871284809957,1,1
"ENSG00000168374",0.000229378783405856,0.00173145197658956,3,1,-0.247803759416653,1,1
"ENSG00000102854",3.39802338198648e-07,0.0330409144075921,9,1,-0.246258816686096,1,1
"ENSG00000118705",1.14763946113485e-05,0.100724481742363,3,0,0.245776389219178,1,1
"ENSG00000184584",7.24482851606449e-06,1,11,0,0.244415329180513,1,0.666666666666667
"ENSG00000163931",9.42936168239828e-09,0,2,2,0.244369969960535,1,1
"ENSG00000051620",0.0119104575619386,0.00209612044226842,3,2,0.244208378374869,1,1
"ENSG00000198492",8.0751863292216e-09,1,8,0,-0.243902439018474,1,1
"ENSG00000138777",0.0274615743537443,0.00899989650219084,3,1,-0.243314464472038,1,1
"ENSG00000079462",0.0430845542828985,0.0465048865245952,4,1,0.243031745089098,1,1
"ENSG00000133142",7.8843534351657e-07,0.0178611715030331,7,1,0.241912069593841,1,1
"ENSG00000133818",0.0101658198760433,0.055479802246227,3,0,0.241910595710039,1,1
"ENSG00000075413",0.029602227822744,1,7,0,-0.241864509112939,0.833333333333333,0.833333333333333
"ENSG00000087460",6.56921666246962e-18,0.00222324176902675,11,1,-0.241348584495202,1,1
"ENSG00000177989",1.04962376042185e-09,0.841896946085679,7,0,0.239447952621568,1,1
"ENSG00000161203",2.29978021354819e-16,8.69388707904724e-08,4,1,-0.238233100858395,1,1
"ENSG00000112679",0.00720117657613869,1,7,0,-0.238095715522254,1,1
"ENSG00000147099",0.0151122401256723,1,8,0,-0.238094299611305,1,0.833333333333333
"ENSG00000070423",0.00767761351572697,1,3,0,-0.236236142974495,1,1
"ENSG00000050426",0.00354439427650104,1,9,0,-0.235293909750279,1,0.833333333333333
"ENSG00000152795",6.54255605728734e-07,1,4,0,-0.232864362470225,1,1
"ENSG00000132341",3.38589754258527e-14,0,2,2,-0.231029530770808,1,1
"ENSG00000104824",0.00941035385731092,1,6,0,0.230769298923309,1,1
"ENSG00000150093",0.00334513897514409,0.211463941995713,5,0,-0.229597009197251,1,1
"ENSG00000245532",1.74790906435185e-09,2.06791085653909e-05,4,4,-0.229539996213005,1,1
"ENSG00000109339",0.000161946705615839,0.668045782300251,11,0,0.229400195955731,1,1
"ENSG00000174720",2.73424473180645e-08,1,10,0,-0.229166540168126,1,1
"ENSG00000141002",1.28785415648432e-07,1,6,0,0.228819175086183,1,1
"ENSG00000048342",0.0281350442396242,1,6,0,-0.228571349569163,1,1
"ENSG00000100823",0.000178769340637611,0.192247423325252,5,0,0.227998969636035,1,1
"ENSG00000186298",0.00669085403291436,1,5,0,-0.227262766651052,1,1
"ENSG00000163382",0.0131008006879477,0,2,2,0.226883914854856,1,1
"ENSG00000196591",0.000107496714220577,1,5,0,-0.225837100216624,1,1
"ENSG00000070081",0.0356739199115496,1,11,0,0.225497076300836,1,1
"ENSG00000146223",0.014923642779939,0.840844972749596,5,0,-0.225143165212649,1,1
"ENSG00000196704",0.00230266738879372,0.39370817457884,10,0,0.223580616014888,1,1
"ENSG00000106077",0.0310886594377524,0.187174329992787,5,0,-0.223421013862183,1,1
"ENSG00000175482",0.0152377196251886,1,9,0,-0.22222221649407,1,1
"ENSG00000186184",0.0015286128764457,0.126121301754271,7,0,0.219711162391953,1,0.833333333333333
"ENSG00000087087",0.019882884376295,1,8,0,0.219606037167683,1,0.666666666666667
"ENSG00000070526",8.27453614746661e-06,0.965217222035108,7,0,0.218293775379332,1,1
"ENSG00000133606",0.00158873842600328,1,7,0,-0.216403247304037,1,1
"ENSG00000276170",0.000224528505586008,1,10,0,-0.216215966063278,1,1
"ENSG00000174891",0.0342324336466381,1,5,0,-0.215454405624902,1,1
"ENSG00000228723",0.00646220138220196,0.688128406917631,4,0,0.215003826193532,1,1
"ENSG00000198563",3.1171998428812e-07,0.063452444646087,7,0,-0.214525333020711,1,1
"ENSG00000006625",0.0157966052733477,0.00283111539867864,3,1,0.214341825246121,1,1
"ENSG00000100209",0.0161760319964964,1,6,0,-0.212976558679986,1,1
"ENSG00000135926",0.03232826224074,1,3,0,-0.212724562352661,1,1
"ENSG00000106853",0.00590980559482673,0.0102756846414928,7,1,-0.212428876598027,1,1
"ENSG00000158716",0.0213500599566855,0.0711338470071686,3,0,0.212368515331846,1,1
"ENSG00000132406",0.0161760319964964,1,3,0,0.211196528165345,1,1
"ENSG00000081870",4.52988348717128e-08,1,5,0,0.21106834591409,1,1
"ENSG00000228300",0.000562508914760106,0,2,2,-0.210333715378726,1,1
"ENSG00000138668",0.0151122401256723,0.320784253507132,6,0,-0.208945453289054,1,1
"ENSG00000164120",0.0337999732917473,1,7,0,-0.208333612987318,1,1
"ENSG00000104164",0.000714413595557851,0,2,2,0.207106278166249,1,1
"ENSG00000281649",0.00021750542248995,1,7,0,-0.207099385203784,1,0.833333333333333
"ENSG00000166508",0.0369589036565031,1,4,0,-0.20697245309936,1,1
"ENSG00000161010",0.0143963567357006,1,4,0,-0.205129638253631,1,1
"ENSG00000051108",0.000600535998769972,1,3,0,0.203759438926112,1,1
"ENSG00000117525",6.0429823586361e-11,1,5,0,0.203591102674177,1,1
"ENSG00000083896",0.0186184088349364,1,7,0,0.201942828882038,1,1
"ENSG00000104964",6.88715303966572e-13,0.00184167018091016,6,1,-0.201496198531745,1,1
"ENSG00000148120",3.20076954383526e-08,1,9,0,0.201478687399375,1,1
"ENSG00000265190",3.38254149243363e-05,0.903629711157748,4,0,0.200652561967824,1,1
"ENSG00000170035",0.000119712027928346,1,6,0,0.200385253745292,1,1
"ENSG00000105568",0.0309832340575017,0.438278464703026,3,0,0.199618787771708,1,1
"ENSG00000184924",0.00448118306726438,0,2,2,0.19886666619528,1,1
"ENSG00000011198",0.025139421511988,0.637633069780219,7,0,-0.19798050275491,1,1
"ENSG00000075914",0.019882884376295,0.084576950962413,5,0,-0.196491517159705,1,1
"ENSG00000124155",0.0015633703794785,0.18792839191674,5,0,0.195924714561729,1,1
"ENSG00000167526",1.75759879009426e-05,0.0956974375979273,5,0,-0.194983679952345,1,1
"ENSG00000182518",0.0465030315184159,1,4,0,0.192560592395975,1,1
"ENSG00000154473",0.0129058245754419,1,3,0,-0.192199343600651,1,1
"ENSG00000162949",0.0267790098127713,1,8,0,-0.191652577367343,1,1
"ENSG00000132780",0.00834380819799431,1,7,0,-0.191175855966938,1,1
"ENSG00000153310",4.93177166345563e-05,1,12,0,0.19047619047619,1,1
"ENSG00000153443",0.0239381258973316,0.890553884313065,6,0,-0.19047617049906,1,1
"ENSG00000115484",7.67812295685575e-06,1,5,0,-0.190193593727812,1,1
"ENSG00000185043",1.70971310028694e-10,0,2,2,-0.190074803502147,1,1
"ENSG00000148735",0.01960318165907,1,4,0,-0.188235561418005,1,1
"ENSG00000090621",2.81066254503961e-06,1,8,0,-0.188061819517644,1,1
"ENSG00000213719",1.44948420017015e-68,1,5,0,-0.18767129212491,1,1
"ENSG00000078674",0.000108330770116318,1,12,0,0.187566495655118,1,1
"ENSG00000165949",0.00608224975564942,0.000825982606360574,3,1,0.187188612027045,1,1
"ENSG00000161921",1.24551720962196e-05,0.0087797580414043,4,1,-0.186633202826377,1,1
"ENSG00000160789",0.0163842431969839,0.00409034137155464,3,2,-0.185884498991805,1,1
"ENSG00000172239",4.76326005636905e-06,1,7,0,-0.185536059697027,1,1
"ENSG00000134905",0.0253935700881449,1,5,0,0.184892551198553,1,1
"ENSG00000169764",0.0182284067936314,1,4,0,0.18437275966831,1,1
"ENSG00000023191",0.00480333334032244,0.000979903811413243,6,1,0.184305192847398,1,1
"ENSG00000108679",0.00212428185272009,0.000234382999233368,3,2,0.183852139832704,1,1
"ENSG00000148180",0.0240557769701847,0.00185669407607414,6,1,-0.183836307464443,1,1
"ENSG00000116209",1.05062959367841e-28,7.19048928022973e-12,4,1,-0.183782889173195,1,1
"ENSG00000071462",8.12069278371302e-05,1,3,0,-0.183765585003358,1,1
"ENSG00000003402",0.00456078507416937,1,9,0,0.183393070801079,1,0.833333333333333
"ENSG00000169429",0.00059100862847585,0,2,2,0.183248501526272,1,1
"ENSG00000074071",0.000403943283684882,0.00126323619581626,4,1,-0.183099448996087,1,1
"ENSG00000114942",1.10110197928023e-77,1,4,0,0.182154165032663,1,1
"ENSG00000133315",0.0191132633270574,0.779637673565785,4,0,-0.182005477648065,1,1
"ENSG00000092199",0.000132847540334005,0.519172067699636,9,0,-0.181766273303015,1,1
"ENSG00000122644",8.72458466724015e-05,1,6,0,-0.180822244715067,1,1
"ENSG00000176532",0.019673360520037,1,3,0,-0.178321488929469,1,1
"ENSG00000159588",0.0215077473661781,1,13,0,-0.177994526022562,1,1
"ENSG00000110321",0.000135586632441666,0.387272542383535,6,0,-0.177976578919483,1,1
"ENSG00000117308",0.00163688287921106,1,7,0,-0.17542763227446,1,1
"ENSG00000168734",0.0484911476664431,1,4,0,0.173913043478449,1,1
"ENSG00000168288",1.13736075155667e-06,1,3,0,0.173675246517555,1,1
"ENSG00000101608",1.57670749989447e-13,1,3,0,-0.173583381003629,1,1
"ENSG00000182670",0.000531321306777719,1,8,0,-0.172345435263132,1,1
"ENSG00000100883",0.0273559905746202,0.813850036047939,7,0,0.17142852851666,1,1
"ENSG00000065154",0.0160603990868672,0,2,2,-0.171368097688088,1,1
"ENSG00000134152",0.0380094321457876,1,6,0,0.170954299663605,1,1
"ENSG00000157954",0.00755867311070747,1,8,0,-0.170858452450697,1,1
"ENSG00000127184",1.22506433162223e-12,4.93922495934748e-10,3,1,-0.169592252559437,1,1
"ENSG00000100219",3.55703473615484e-05,1,6,0,0.168089952031958,1,1
"ENSG00000129351",0.00462563950042204,1,8,0,-0.167832069859195,1,1
"ENSG00000114686",0.00473385837047871,1,4,0,-0.167677209767257,1,1
"ENSG00000196141",0.000564559972145788,1,11,0,0.167450262522914,1,1
"ENSG00000064490",0.00274334985389973,1,8,0,-0.167019703550171,1,1
"ENSG00000062038",0.0160603990868672,1,4,0,-0.166666821932024,1,1
"ENSG00000130511",7.7440532591688e-06,1,11,0,0.166666380115805,1,1
"ENSG00000111011",0.0476697061930208,1,11,0,0.166021937635474,1,1
"ENSG00000206073",0.000136281122192328,0.00027339389451244,3,1,0.163873064476501,1,1
"ENSG00000119888",2.87046575795819e-06,1,4,0,0.163153386450682,1,1
"ENSG00000157514",0.00568219273252357,1,8,0,-0.162644365550856,1,1
"ENSG00000172354",0.00190488245419153,0.000563620144628228,3,1,-0.162527451287706,1,1
"ENSG00000136682",0.00328178763687334,1,10,0,-0.162161673916095,1,1
"ENSG00000250722",0.0117668781475786,1,3,0,-0.158401686356897,1,1
"ENSG00000116754",3.17742666670823e-05,0.119598887319321,7,0,0.157832283716038,1,1
"ENSG00000175183",0.00613488768196705,1,3,0,0.156879599030453,1,1
"ENSG00000113845",0.0118213710269953,0.976478315310419,3,0,0.156380853021078,1,1
"ENSG00000100906",0.00479211665094947,0,2,2,0.154335131563454,1,1
"ENSG00000109390",0.00376244018647249,1,4,0,-0.154173102813444,1,1
"ENSG00000173933",0.00231437342657374,0.338523927489638,5,0,0.153128972500529,1,1
"ENSG00000213928",0.0407667020893225,1,6,0,0.151573200405109,1,1
"ENSG00000151689",0.00194428043579156,1,7,0,-0.150000504984188,1,1
"ENSG00000124299",0.0416444502857792,1,3,0,0.149914711502866,1,1
"ENSG00000132507",0.00045820704365803,0.266851706401523,3,0,0.149468211422914,1,1
"ENSG00000185201",0.000595716776489777,0.293765227088999,4,0,0.14893187527209,1,1
"ENSG00000168066",0.00606220301796015,1,5,0,0.148864242880493,1,1
"ENSG00000120992",2.19082149278589e-06,1,7,0,0.148148337904506,1,1
"ENSG00000053371",1.38103725827807e-07,1,3,0,0.147351599569021,1,1
"ENSG00000173153",0.038242573616837,1,6,0,0.146247843199551,1,1
"ENSG00000145287",1.82229177573331e-08,1,5,0,-0.146226498657376,1,1
"ENSG00000057608",0.00881050590970497,1,3,0,0.144031904068016,1,1
"ENSG00000161547",0.0377150290453118,0.287036349468062,5,0,-0.141608510570416,1,1
"ENSG00000161011",0.000717911982605126,1,3,0,0.141506452073747,1,1
"ENSG00000144713",4.99460025320561e-25,0,2,2,-0.140991057732143,1,1
"ENSG00000114638",0.00122514813867104,0.0226604344401656,3,1,-0.140195292417501,1,1
"ENSG00000112335",0.00036643335230681,1,5,0,-0.139163756255941,1,1
"ENSG00000152669",0.0125653860749927,0.416835016548694,3,0,0.138654148011771,1,1
"ENSG00000005001",0.00418288181013725,1,5,0,-0.13686375435053,1,1
"ENSG00000072210",0.00109363030463799,1,8,0,-0.136545414894074,1,1
"ENSG00000104904",1.68562347027021e-09,1,3,0,-0.136210977892612,1,1
"ENSG00000008282",0.00576289841657915,1,4,0,0.135701848973281,1,1
"ENSG00000272398",6.77235485494625e-07,1,6,0,-0.134190909713641,1,1
"ENSG00000099783",4.7246211029016e-10,1,8,0,-0.129312100505806,1,1
"ENSG00000115875",3.23746394319604e-05,1,4,0,0.12917947556521,1,1
"ENSG00000165119",0.00736933931875888,1,9,0,-0.125790359765951,1,1
"ENSG00000116044",4.10676622403433e-11,1,8,0,-0.124999523722257,1,1
"ENSG00000165474",0.0329661168673611,0,2,2,-0.124968628361072,1,1
"ENSG00000198355",0.000537134538723825,1,5,0,-0.123919772592376,1,1
"ENSG00000182853",0.000757210315441348,0.847864165602662,4,0,0.122884395996536,1,1
"ENSG00000120725",0.0349247819248439,1,5,0,-0.122259703337074,1,1
"ENSG00000106541",2.72126322923831e-11,1,3,0,0.120476969253724,1,1
"ENSG00000147676",0.00788657573488253,1,4,0,0.119977785922236,1,1
"ENSG00000120885",0.000181114941267237,1,4,0,-0.119502767811098,1,1
"ENSG00000154640",0.0273679232584314,1,3,0,-0.119390342568873,1,1
"ENSG00000177426",0.0239381258973316,1,8,0,0.118775502530286,1,1
"ENSG00000205937",0.0396948904425649,1,7,0,-0.118181751198024,1,1
"ENSG00000168610",0.0294224112500492,1,5,0,0.117689267515977,1,1
"ENSG00000143420",0.000250379892628847,1,4,0,-0.116970727411668,1,1
"ENSG00000215845",0.00951127707808531,1,3,0,-0.116142065607335,1,1
"ENSG00000060762",0.0296910483308022,1,5,0,-0.115529326552775,1,1
"ENSG00000135821",1.45609246010495e-10,1,6,0,-0.114135364238761,1,1
"ENSG00000168259",0.04600909023374,1,3,0,0.113045233133579,1,1
"ENSG00000143761",0.00162477528870905,1,3,0,0.112507585712652,1,1
"ENSG00000137309",0.0217308654767672,1,4,0,0.109108843811105,1,1
"ENSG00000114354",0.0188293678348924,1,5,0,-0.107644912794234,1,1
"ENSG00000153347",0.0317619337144388,1,3,0,0.107083360745424,1,1
"ENSG00000163466",3.84736679087432e-14,1,4,0,0.106878577240005,1,1
"ENSG00000177674",0.00316587615174162,1,4,0,-0.105408360247232,1,1
"ENSG00000099622",0.00551582571037477,0,2,2,-0.104764487535916,1,1
"ENSG00000075415",1.08923452524873e-22,1,3,0,-0.10266211189199,1,1
"ENSG00000115457",0.0350927106674263,1,6,0,0.101813072190575,1,1
"ENSG00000173207",0.011323193806704,1,4,0,0.101151329092116,1,1
"ENSG00000243927",0.00308082754775175,1,4,0,0.100876944163455,1,1
"ENSG00000104852",0.018637980980244,1,6,0,0.100017416705091,1,1
"ENSG00000124214",0.0150514844346568,1,8,0,-0.0990516071136029,1,1
"ENSG00000149932",8.96336940814623e-07,1,3,0,0.0983065817009935,1,1
"ENSG00000167644",0.0226727086658179,0,2,2,0.097012645890868,1,1
"ENSG00000120438",0.0393108232200989,1,5,0,0.0965524154966637,1,1
"ENSG00000138085",0.00504932363981465,1,6,0,0.095437266141787,1,1
"ENSG00000175348",0.0386718417855976,1,4,0,0.0952798731130666,1,1
"ENSG00000166136",0.000387050328612982,1,3,0,0.0932553931372436,1,1
"ENSG00000163875",0.0454873260143923,1,5,0,-0.0930735460364455,1,1
"ENSG00000198074",3.81774858212053e-05,1,4,0,-0.0914320920778144,1,1
"ENSG00000134851",0.0124660276157709,1,4,0,0.090957455273686,1,1
"ENSG00000106211",3.12364368973776e-08,1,4,0,-0.0900616960872098,1,1
"ENSG00000115541",6.38659944525062e-07,1,3,0,0.0875876455213986,1,1
"ENSG00000196352",0.00418288181013725,1,6,0,0.0870434804263637,1,1
"ENSG00000117984",5.5000058008858e-07,1,4,0,0.0861421484311285,1,1
"ENSG00000076043",0.0328110285974878,1,5,0,-0.0852270213282474,1,1
"ENSG00000133872",0.00039457157079994,1,5,0,-0.0830947918851551,1,1
"ENSG00000198643",0.00294900893083464,1,3,0,0.0817040477215993,1,1
"ENSG00000169714",0.0161621421840159,1,7,0,0.0815335759401172,1,1
"ENSG00000118523",7.36292400547161e-05,1,3,0,0.0758043472260723,1,1
"ENSG00000167757",0.0280077533944175,1,6,0,-0.0746724710968475,1,1
"ENSG00000108654",3.0156588058011e-09,1,7,0,0.0739403116750157,1,1
"ENSG00000163902",0.0299309798239483,1,3,0,0.0739150382517274,1,1
"ENSG00000128422",2.21135994929386e-49,1,3,0,-0.0733614370089688,1,1
"ENSG00000178952",0.00125239068676076,0,2,2,0.0693211339888848,1,1
"ENSG00000142765",0.0098564484403658,1,4,0,0.0692701801754161,1,1
"ENSG00000135404",0.0151122401256723,1,3,0,0.067612539333743,1,1
"ENSG00000143819",3.40207190612051e-08,1,3,0,-0.0660760083733882,1,1
"ENSG00000213741",0.0160603990868672,0,2,2,-0.0659404173278433,1,1
"ENSG00000085063",0.000334758307912476,1,7,0,0.0658357296538391,1,1
"ENSG00000169738",0.0175895722962878,1,3,0,-0.0656507620489398,1,1
"ENSG00000143774",0.000151516686589098,1,4,0,0.0620116129162791,1,1
"ENSG00000196139",0.00303954405376871,0,2,2,0.060325429068563,1,1
"ENSG00000167468",0.0190303772362655,1,3,0,0.0591340293681198,1,1
"ENSG00000160188",0.000458452365959051,1,4,0,-0.059026511212228,1,1
"ENSG00000128311",0.0377189097433045,1,3,0,0.0564380906941464,1,1
"ENSG00000142864",0.0124660276157709,1,6,0,-0.0561983010053184,1,1
"ENSG00000120306",0.0164147616800104,1,3,0,0.0559769012257148,1,1
"ENSG00000113648",0.0428270892795929,1,7,0,0.0546883040620448,1,1
"ENSG00000196531",0.0172955097842574,1,3,0,0.0528942149892643,1,1
"ENSG00000187514",5.69853055321756e-05,0,2,2,-0.0482778753346655,1,1
"ENSG00000173432",0.0256424642162721,0,2,2,0.0470167747157055,1,1
"ENSG00000163739",0.00286714265363586,0,2,2,-0.0468173671538956,1,1
"ENSG00000186081",0.0271825679322679,0,2,2,-0.0463979951917748,1,1
"ENSG00000130066",0.0479365071134595,1,4,0,-0.0454635059475047,1,1
"ENSG00000265681",0.00405541919476165,1,3,0,0.0447296120772227,1,1
"ENSG00000131143",0.000108939698170197,0,2,2,-0.0412352596718165,1,1
"ENSG00000164032",0.0158945850546662,0,2,2,0.039924930373915,1,1
"ENSG00000111640",0.0220202157772853,0,2,2,-0.039262578790175,1,1
"ENSG00000170889",0.018637980980244,0,2,2,0.0363631124788824,1,1
"ENSG00000115268",0.0263346558490435,0,2,2,0.0222412003199945,1,1
