"gene_ID"	"gene_qvalue"	"minimal_tx_qvalue"	"number_tx"	"number_significant_tx"	"max(Ciliated_uninfected_child_Uninfected-Ciliated_uninfected_adult_Uninfected)"	"pct_gene_expr"	"max_pct_tx_expr"
"ENSG00000174021"	"ENSG00000174021"	1.45676061545882e-257	0	2	2	-0.614961762940789	1	1
"ENSG00000149273"	"ENSG00000149273"	6.91777746303388e-287	0	2	2	-0.604555690540975	1	1
"ENSG00000224616"	"ENSG00000224616"	5.87285435705655e-07	0	2	2	-0.582942080198582	1	1
"ENSG00000230844"	"ENSG00000230844"	0.023505995809568	0	2	2	0.566660399480952	1	0.833333333333333
"ENSG00000198093"	"ENSG00000198093"	0.00700228791953887	0	2	2	0.489010075181044	0.833333333333333	0.833333333333333
"ENSG00000131203"	"ENSG00000131203"	0.000406054222859751	0	2	2	-0.479458665143604	1	1
"ENSG00000171953"	"ENSG00000171953"	0.0244547939374774	0	2	2	0.478022943042589	1	1
"ENSG00000169981"	"ENSG00000169981"	0.0404221094474242	0	2	2	-0.463251892764302	1	1
"ENSG00000129194"	"ENSG00000129194"	4.74345332409027e-05	0	2	2	0.457756051566025	1	1
"ENSG00000102144"	"ENSG00000102144"	1.02326443607885e-33	0	2	2	-0.437993983624408	1	1
"ENSG00000185262"	"ENSG00000185262"	1.87052364870319e-09	0	2	2	-0.425251428911371	1	1
"ENSG00000141579"	"ENSG00000141579"	0.000359576873532299	0	2	2	0.413294879032098	1	1
"ENSG00000149313"	"ENSG00000149313"	0.000277423046378537	0	2	2	-0.379486334759558	1	1
"ENSG00000198843"	"ENSG00000198843"	2.01429813706852e-08	0	2	2	0.371483231862743	1	1
"ENSG00000156508"	"ENSG00000156508"	6.91777746303388e-287	0	2	2	-0.346427059587992	1	1
"ENSG00000078269"	"ENSG00000078269"	0.008648604043466	0	2	2	-0.34293640915227	1	1
"ENSG00000170540"	"ENSG00000170540"	1.18169436987695e-10	0	2	2	-0.330068285912598	1	1
"ENSG00000137513"	"ENSG00000137513"	0.0348059284774581	0	2	2	-0.329499510779349	1	1
"ENSG00000119760"	"ENSG00000119760"	0.00735874372708273	0	2	2	-0.309459560167808	1	1
"ENSG00000197696"	"ENSG00000197696"	7.91006495104779e-07	0	2	2	0.302667677917154	1	1
"ENSG00000158864"	"ENSG00000158864"	1.05704296518405e-20	0	2	2	-0.291051861121541	1	1
"ENSG00000091039"	"ENSG00000091039"	0.00573548227700113	0	2	2	0.289378566138066	1	1
"ENSG00000151502"	"ENSG00000151502"	0.000593380493788592	0	2	2	0.286102882630363	1	1
"ENSG00000164104"	"ENSG00000164104"	0.00040202711684157	0	2	2	-0.280953859499818	1	1
"ENSG00000146072"	"ENSG00000146072"	0.00392585499703153	0	2	2	0.280872619855273	1	1
"ENSG00000166913"	"ENSG00000166913"	0.0351975333809071	0	2	2	0.279824640798214	1	1
"ENSG00000107581"	"ENSG00000107581"	0.00921671501500309	0	2	2	0.274762141944251	1	1
"ENSG00000175390"	"ENSG00000175390"	0.0359116673181342	0	2	2	0.268602988613172	1	1
"ENSG00000147592"	"ENSG00000147592"	0.00312912986305172	0	2	2	0.266592631958278	1	1
"ENSG00000106290"	"ENSG00000106290"	0.047399876824804	0	2	2	0.26052306185193	1	1
"ENSG00000105819"	"ENSG00000105819"	0.00349648108442875	0	2	2	0.258950487462859	1	1
"ENSG00000157227"	"ENSG00000157227"	0.00945583880213254	0	2	2	-0.249776882553192	1	1
"ENSG00000140526"	"ENSG00000140526"	0.0475477828487464	0	2	2	0.244596391458961	1	1
"ENSG00000013275"	"ENSG00000013275"	3.60224618392654e-15	0	2	2	-0.219884224602941	1	1
"ENSG00000165280"	"ENSG00000165280"	0.000400172452148268	0	2	2	0.214815529434404	1	1
"ENSG00000112851"	"ENSG00000112851"	0.0302748443163914	0	2	2	0.210054811448827	1	1
"ENSG00000153485"	"ENSG00000153485"	0.000174947220959536	0	2	2	-0.207910079012372	1	1
"ENSG00000159335"	"ENSG00000159335"	4.13267037109441e-08	0	2	2	0.207852579752144	1	1
"ENSG00000196167"	"ENSG00000196167"	0.0448735456738513	0	2	2	-0.206375632714086	1	1
"ENSG00000143294"	"ENSG00000143294"	0.0209058250912633	0	2	2	-0.206335526844643	1	1
"ENSG00000176153"	"ENSG00000176153"	2.11340723790269e-06	0	2	2	0.19851940597903	1	1
"ENSG00000160789"	"ENSG00000160789"	3.8938081861518e-09	0	2	2	-0.197582185664845	1	1
"ENSG00000152558"	"ENSG00000152558"	0.00249439549348911	0	2	2	0.196552051651651	1	1
"ENSG00000164405"	"ENSG00000164405"	4.11363893041868e-14	0	2	2	-0.194973910815981	1	1
"ENSG00000125651"	"ENSG00000125651"	0.0212502026705925	0	2	2	-0.191622104099631	1	1
"ENSG00000111834"	"ENSG00000111834"	0.0422928892920543	0	2	2	-0.187226461452729	1	1
"ENSG00000163659"	"ENSG00000163659"	0.0182796882100292	0	2	2	0.187140586267047	1	1
"ENSG00000170477"	"ENSG00000170477"	1.66301607243032e-06	0	2	2	0.185949091151292	1	1
"ENSG00000002586"	"ENSG00000002586"	5.64111132652002e-05	0	2	2	0.180833672041132	1	1
"ENSG00000100744"	"ENSG00000100744"	0.00178327472756889	0	2	2	-0.17960694815461	1	1
"ENSG00000113811"	"ENSG00000113811"	0.00410478337562744	0	2	2	0.172390863423869	1	1
"ENSG00000115233"	"ENSG00000115233"	4.46740245640006e-06	0	2	2	-0.17108243422604	1	1
"ENSG00000243147"	"ENSG00000243147"	0.000129867607316517	0	2	2	-0.158986083863919	1	1
"ENSG00000104613"	"ENSG00000104613"	0.0131354593531049	0	2	2	0.156437791839498	1	1
"ENSG00000135334"	"ENSG00000135334"	0.0195492347051314	0	2	2	-0.155515051292261	1	1
"ENSG00000049769"	"ENSG00000049769"	0.0396036103036445	0	2	2	0.150318717258136	1	1
"ENSG00000085117"	"ENSG00000085117"	2.27474953382791e-05	0	2	2	-0.14778617625888	1	1
"ENSG00000133835"	"ENSG00000133835"	0.0262847796230823	0	2	2	0.139600220868003	1	1
"ENSG00000091640"	"ENSG00000091640"	1.29724731123665e-08	0	2	2	0.13707305027132	1	1
"ENSG00000140319"	"ENSG00000140319"	1.67621417261793e-14	0	2	2	-0.134715522159533	1	1
"ENSG00000156411"	"ENSG00000156411"	0.000133070065014943	0	2	2	0.129907227207508	1	1
"ENSG00000129625"	"ENSG00000129625"	5.85450631626471e-05	0	2	2	-0.127835897625753	1	1
"ENSG00000162909"	"ENSG00000162909"	1.43884453825928e-12	0	2	2	0.124174795508838	1	1
"ENSG00000198848"	"ENSG00000198848"	0.00103660727600399	0	2	2	-0.122874290164875	1	1
"ENSG00000006007"	"ENSG00000006007"	0.0146058399970044	0	2	2	-0.120540716795784	1	1
"ENSG00000164978"	"ENSG00000164978"	0.00134047038561127	0	2	2	0.116251630130935	1	1
"ENSG00000181885"	"ENSG00000181885"	0.0236115569884989	0	2	2	0.115318360286453	1	1
"ENSG00000118680"	"ENSG00000118680"	1.69684565217993e-18	0	2	2	0.108771895224496	1	1
"ENSG00000159388"	"ENSG00000159388"	0.0218462507376141	0	2	2	-0.107227388441325	1	1
"ENSG00000118849"	"ENSG00000118849"	2.07079328463962e-05	0	2	2	0.106183068013626	1	1
"ENSG00000141873"	"ENSG00000141873"	0.0103408818515197	0	2	2	0.0984746113628017	1	1
"ENSG00000104412"	"ENSG00000104412"	0.0346141427975549	0	2	2	-0.0939373671916139	1	1
"ENSG00000266472"	"ENSG00000266472"	0.000201969728227834	0	2	2	0.0935722172508928	1	1
"ENSG00000128654"	"ENSG00000128654"	0.0298098705523806	0	2	2	-0.0905258519817007	1	1
"ENSG00000057149"	"ENSG00000057149"	3.80026470808656e-39	0	2	2	0.088663595565115	1	1
"ENSG00000136279"	"ENSG00000136279"	0.0348056870918231	0	2	2	0.0848291725395773	1	1
"ENSG00000179010"	"ENSG00000179010"	0.0102480665329818	0	2	2	-0.0826052329544095	1	1
"ENSG00000159593"	"ENSG00000159593"	0.0391052903874742	0	2	2	-0.0822689242736881	1	1
"ENSG00000131100"	"ENSG00000131100"	0.0359859741792911	0	2	2	0.0818063214385864	1	1
"ENSG00000176014"	"ENSG00000176014"	0.0468998071367901	0	2	2	-0.0788574995595928	1	1
"ENSG00000169217"	"ENSG00000169217"	0.0157436995679552	0	2	2	0.0776856728693599	1	1
"ENSG00000007520"	"ENSG00000007520"	0.00639223486828611	0	2	2	-0.0775658110106057	1	1
"ENSG00000116251"	"ENSG00000116251"	8.06388920032212e-07	0	2	2	-0.07260956796486	1	1
"ENSG00000143771"	"ENSG00000143771"	0.00354111781710876	0	2	2	-0.0724458155258116	1	1
"ENSG00000146701"	"ENSG00000146701"	0.0386048642661526	0	2	2	-0.0697484497233237	1	1
"ENSG00000174903"	"ENSG00000174903"	0.044698513310854	0	2	2	-0.0693285962092245	1	1
"ENSG00000176894"	"ENSG00000176894"	0.0162122772632491	0	2	2	0.0686848730255127	1	1
"ENSG00000241343"	"ENSG00000241343"	0.000154309550510169	0	2	2	-0.0641845564626436	1	1
"ENSG00000099341"	"ENSG00000099341"	4.89685549263814e-05	0	2	2	-0.064123596161877	1	1
"ENSG00000168528"	"ENSG00000168528"	0.0166848818091572	0	2	2	-0.0631328003498456	1	1
"ENSG00000142676"	"ENSG00000142676"	1.20830593737109e-10	0	2	2	0.0609423323054351	1	1
"ENSG00000168090"	"ENSG00000168090"	0.000488458262550978	0	2	2	-0.058048167249802	1	1
"ENSG00000186081"	"ENSG00000186081"	0.00279170480639238	0	2	2	0.0553283749687974	1	1
"ENSG00000106211"	"ENSG00000106211"	4.34039821713677e-09	0	2	2	-0.0536031515591757	1	1
"ENSG00000100353"	"ENSG00000100353"	0.049257911362543	0	2	2	0.0523508499626753	1	1
"ENSG00000100220"	"ENSG00000100220"	0.0137084794827466	0	2	2	0.0506030868708349	1	1
"ENSG00000164032"	"ENSG00000164032"	2.09228494368976e-08	0	2	2	0.0469170209701295	1	1
"ENSG00000137331"	"ENSG00000137331"	0.000175061971382439	0	2	2	0.0362957490393501	1	1
"ENSG00000188846"	"ENSG00000188846"	1.86013590566955e-06	0	2	2	-0.0353871906361157	1	1
"ENSG00000118181"	"ENSG00000118181"	0.0392858891768384	0	2	2	-0.0313303356658473	1	1
"ENSG00000142541"	"ENSG00000142541"	0.0315047619733431	0	2	2	-0.0312103314155702	1	1
"ENSG00000125968"	"ENSG00000125968"	0.0315763635345217	0	2	2	-0.0264644624752937	1	1
"ENSG00000111640"	"ENSG00000111640"	0.000154309550510169	0	2	2	0.0263281205973745	1	1
"ENSG00000127129"	"ENSG00000127129"	0.0453424084717781	0	2	2	0.0250668679795062	1	1
"ENSG00000163739"	"ENSG00000163739"	0.000359576873532299	0	2	2	-0.0213569650031228	1	1
"ENSG00000110700"	"ENSG00000110700"	0.0195502991490398	0	2	2	0.0146969551481189	1	1
"ENSG00000182718"	"ENSG00000182718"	0.0251197054598249	0	2	2	0.0128665640192616	1	1
"ENSG00000133112"	"ENSG00000133112"	0.0162882254993823	0	2	2	0.00874399153923502	1	1
"ENSG00000164919"	"ENSG00000164919"	6.91777746303388e-287	3.38929033047095e-321	4	2	-0.851840018331413	1	1
"ENSG00000211450"	"ENSG00000211450"	6.91777746303388e-287	1.68970450877706e-320	3	1	0.935223187786856	1	1
"ENSG00000104408"	"ENSG00000104408"	6.28888860275807e-286	2.97605543353595e-244	4	1	-0.928703265424431	1	1
"ENSG00000115457"	"ENSG00000115457"	2.57501213274054e-190	1.98562185979754e-168	5	2	0.898694316322497	1	1
"ENSG00000070831"	"ENSG00000070831"	4.33172384699394e-189	5.3733023693781e-159	3	1	0.766486954279886	1	1
"ENSG00000100650"	"ENSG00000100650"	8.82452170116201e-184	3.74189668913868e-140	5	1	-0.588696602637852	1	1
"ENSG00000122026"	"ENSG00000122026"	6.91777746303388e-287	2.63817194804671e-125	3	1	-0.392336000595346	1	1
"ENSG00000104529"	"ENSG00000104529"	5.01403599173736e-126	8.54970485671427e-106	3	2	-0.425822187627149	1	1
"ENSG00000174547"	"ENSG00000174547"	1.31344672412452e-167	1.24796123727158e-100	4	1	-0.803712489426593	1	1
"ENSG00000140307"	"ENSG00000140307"	1.44897503777461e-83	1.9453894781327e-77	3	1	-0.640143664394532	1	1
"ENSG00000162896"	"ENSG00000162896"	1.41609468450927e-183	1.97704498357547e-71	4	1	0.784161642580536	1	1
"ENSG00000163399"	"ENSG00000163399"	3.86194323607666e-111	2.03309205115153e-71	5	1	0.617210457860204	1	1
"ENSG00000173486"	"ENSG00000173486"	7.43022082176756e-104	1.7650691455105e-70	3	1	0.551315714547702	1	1
"ENSG00000178741"	"ENSG00000178741"	9.94691888388655e-164	8.84787884364096e-66	3	1	0.397356470991087	1	1
"ENSG00000113387"	"ENSG00000113387"	1.98202707386466e-101	1.57496465530334e-65	4	1	0.711609999492266	1	1
"ENSG00000185825"	"ENSG00000185825"	3.23923510485029e-91	1.22011030286447e-57	3	1	0.436089063609014	1	1
"ENSG00000137818"	"ENSG00000137818"	1.51384788909067e-75	3.11960332117673e-49	4	2	0.287247170511068	1	1
"ENSG00000117394"	"ENSG00000117394"	7.64975754246075e-71	1.03486960625142e-48	3	1	-0.71266967015804	1	1
"ENSG00000169567"	"ENSG00000169567"	1.89467102258424e-107	4.06758076289611e-44	5	1	-0.847380267088045	1	1
"ENSG00000021355"	"ENSG00000021355"	4.58123192104136e-60	9.32298293026443e-44	4	1	-0.637126874318179	1	1
"ENSG00000133665"	"ENSG00000133665"	1.24920946123324e-62	1.48576304586062e-43	3	1	0.629522042108753	1	1
"ENSG00000108244"	"ENSG00000108244"	1.53195318108524e-124	2.83579856629411e-43	4	1	-0.295975332863551	1	1
"ENSG00000105519"	"ENSG00000105519"	6.58594608468855e-103	4.67547212009391e-39	6	1	-0.337156501881147	1	1
"ENSG00000203875"	"ENSG00000203875"	4.28839961970115e-46	9.12156697131626e-39	6	3	0.419545918779233	1	1
"ENSG00000070756"	"ENSG00000070756"	6.98616039216708e-160	1.26158083902446e-38	6	1	-0.489894743461749	1	1
"ENSG00000173113"	"ENSG00000173113"	1.08990688820433e-36	2.73373401262486e-38	3	2	0.315945075724032	1	1
"ENSG00000080824"	"ENSG00000080824"	5.19267995373482e-176	1.98803197236034e-37	3	1	0.758146480796181	1	1
"ENSG00000111907"	"ENSG00000111907"	3.98209175564078e-90	6.33252490432709e-37	5	2	0.469806335468053	1	1
"ENSG00000150779"	"ENSG00000150779"	4.22678591544869e-58	1.182217038803e-35	6	2	-0.561251003385369	1	1
"ENSG00000173171"	"ENSG00000173171"	8.32187539233297e-59	1.71031660880713e-35	3	1	-0.857960350349764	1	1
"ENSG00000164713"	"ENSG00000164713"	6.92716634774269e-39	7.00810563290108e-34	3	1	0.252439575439796	1	1
"ENSG00000231925"	"ENSG00000231925"	1.09578122402517e-35	3.56104123887678e-33	7	2	0.781187109048017	1	1
"ENSG00000067167"	"ENSG00000067167"	1.67644483235498e-60	9.95221326953353e-33	4	1	0.74906607168935	1	1
"ENSG00000175110"	"ENSG00000175110"	6.04413173448809e-34	1.06242899893513e-32	5	2	0.493816603391373	1	1
"ENSG00000168259"	"ENSG00000168259"	6.25549599683504e-47	1.65750187998492e-31	4	1	-0.490829258035093	1	1
"ENSG00000163931"	"ENSG00000163931"	1.38218199972549e-56	1.43251091885101e-30	3	1	-0.208831435807007	1	1
"ENSG00000185650"	"ENSG00000185650"	1.46883433415277e-84	2.5038387493568e-30	4	1	0.567230552547725	1	1
"ENSG00000174444"	"ENSG00000174444"	1.76407390195427e-44	3.52762682105273e-29	3	2	0.955935271772344	1	1
"ENSG00000175756"	"ENSG00000175756"	3.96888232588798e-26	2.12644854967049e-27	4	2	-0.412630113134232	1	1
"ENSG00000115310"	"ENSG00000115310"	2.86024815321624e-97	5.030051884667e-27	5	1	-0.329797456350704	1	1
"ENSG00000158747"	"ENSG00000158747"	1.64320612418542e-58	1.35146163909003e-25	5	1	-0.843361787195422	1	0.833333333333333
"ENSG00000132274"	"ENSG00000132274"	1.85604990921591e-29	1.25675098512129e-23	6	1	-0.733091505095797	1	1
"ENSG00000078668"	"ENSG00000078668"	3.85499040621332e-50	3.3012612950341e-23	3	1	-0.362425219228898	1	1
"ENSG00000257698"	"ENSG00000257698"	1.72260021068497e-124	1.2361812253016e-22	5	1	-0.830971232008237	1	1
"ENSG00000130164"	"ENSG00000130164"	1.11827005234128e-65	1.48961565469463e-22	5	2	-0.869964405432182	1	1
"ENSG00000150787"	"ENSG00000150787"	1.83334424182063e-65	2.09761158485879e-22	4	1	-0.919822080188775	1	1
"ENSG00000116350"	"ENSG00000116350"	1.81434648299382e-32	2.17234412428964e-22	3	1	-0.476052213371664	1	1
"ENSG00000257727"	"ENSG00000257727"	9.46423352806171e-62	3.9229590665565e-22	4	1	-0.847433665247575	1	1
"ENSG00000117523"	"ENSG00000117523"	2.23018120047396e-33	4.77333349991301e-22	4	1	0.678068195139612	1	1
"ENSG00000161203"	"ENSG00000161203"	8.47689074378727e-54	5.32759078510654e-22	3	1	0.218226611244847	1	1
"ENSG00000079739"	"ENSG00000079739"	2.66498034205346e-26	6.59235390134358e-22	3	1	0.588877199754815	1	1
"ENSG00000148719"	"ENSG00000148719"	2.38371419767609e-37	8.21874822201212e-22	8	2	-0.469795640870696	1	1
"ENSG00000155066"	"ENSG00000155066"	1.69108226188855e-31	1.08945483504129e-21	6	2	0.65375554036592	1	1
"ENSG00000120860"	"ENSG00000120860"	2.63508751590087e-29	1.9946833877262e-21	3	1	0.416610269518928	1	1
"ENSG00000171490"	"ENSG00000171490"	2.61314732821646e-50	4.77261976601743e-21	4	1	0.928327071314382	1	1
"ENSG00000115963"	"ENSG00000115963"	2.80622499579303e-28	8.39481651894366e-21	5	2	-0.410256723200088	1	1
"ENSG00000116285"	"ENSG00000116285"	5.39612663088247e-22	3.77313201184744e-20	3	2	0.524175787382199	1	1
"ENSG00000105176"	"ENSG00000105176"	4.47441489423691e-31	1.74962458899814e-19	8	1	-0.649041014722909	1	0.833333333333333
"ENSG00000173272"	"ENSG00000173272"	1.89227727654658e-43	9.51174351120784e-19	4	1	-0.242506111539051	1	1
"ENSG00000161013"	"ENSG00000161013"	4.30583699047651e-17	1.17769488325162e-18	3	2	0.651533178820317	1	1
"ENSG00000165175"	"ENSG00000165175"	3.30870349156157e-27	3.08363154501989e-18	4	1	-0.537913410482527	1	1
"ENSG00000100979"	"ENSG00000100979"	1.07758912087677e-33	1.14174173573255e-17	3	1	0.79556231853136	1	1
"ENSG00000204220"	"ENSG00000204220"	2.09347909837481e-24	3.19704728591367e-17	4	2	-0.559374822075255	1	1
"ENSG00000143549"	"ENSG00000143549"	6.07908065008284e-128	4.88393529036731e-17	10	1	0.458436877722384	1	1
"ENSG00000113558"	"ENSG00000113558"	4.74976151885422e-53	4.94310449904823e-17	5	1	-0.918995559472557	1	1
"ENSG00000138777"	"ENSG00000138777"	3.65056888089226e-42	5.53165616081757e-17	6	2	0.515164601241452	1	1
"ENSG00000241468"	"ENSG00000241468"	7.8043194668161e-19	1.20524156937508e-16	3	1	-0.185077984224326	1	1
"ENSG00000129654"	"ENSG00000129654"	5.06022795159622e-39	1.38692542379449e-16	4	1	0.538720561599888	1	1
"ENSG00000166803"	"ENSG00000166803"	3.55593557302792e-25	2.75196597355829e-16	4	1	-0.694310422582899	1	1
"ENSG00000065154"	"ENSG00000065154"	1.18793427385602e-18	8.71570225431783e-16	3	1	-0.265708023004559	1	1
"ENSG00000184432"	"ENSG00000184432"	4.48976136830754e-64	3.028184429498e-15	5	1	-0.494053353496088	1	1
"ENSG00000167741"	"ENSG00000167741"	6.21599802061544e-23	6.49748958875369e-15	8	1	-0.557822609525171	1	1
"ENSG00000173467"	"ENSG00000173467"	1.14458080747009e-32	1.08934599713e-14	4	1	-0.192656684385231	1	1
"ENSG00000245532"	"ENSG00000245532"	2.88632393504933e-14	1.24200484677669e-14	4	1	0.257385183772222	1	1
"ENSG00000173085"	"ENSG00000173085"	2.36747588324107e-16	1.27981747785261e-14	3	1	0.46215434944888	1	1
"ENSG00000140416"	"ENSG00000140416"	2.43808372411e-41	7.18725054867873e-14	4	1	-0.376004710179646	1	1
"ENSG00000115520"	"ENSG00000115520"	3.8503946733192e-18	8.53194556287376e-14	3	1	0.759161932803853	1	1
"ENSG00000120438"	"ENSG00000120438"	3.533316533261e-47	9.68647282781141e-14	4	1	0.456863324024225	1	1
"ENSG00000170296"	"ENSG00000170296"	3.03331689078487e-74	1.09135231240781e-13	5	2	0.911726652328338	1	1
"ENSG00000100568"	"ENSG00000100568"	4.72058101370319e-173	1.17143371876906e-13	4	1	-0.827839681416616	1	1
"ENSG00000102054"	"ENSG00000102054"	2.11178539149352e-122	1.60464234850746e-13	4	1	-0.835788599039624	1	1
"ENSG00000183844"	"ENSG00000183844"	1.37649587460011e-19	1.60998391962161e-13	3	1	0.346219878114559	1	1
"ENSG00000189377"	"ENSG00000189377"	2.64358852856376e-12	2.09318430596625e-13	3	2	0.513126406481142	1	1
"ENSG00000065883"	"ENSG00000065883"	4.18577051267809e-22	2.70358697316579e-13	4	1	-0.724537856663735	1	1
"ENSG00000025708"	"ENSG00000025708"	2.07325130987918e-46	3.0621379389328e-13	6	1	0.337517234923151	1	1
"ENSG00000067064"	"ENSG00000067064"	4.99655052859891e-44	3.81612884382425e-13	4	1	0.273057516952031	1	1
"ENSG00000155957"	"ENSG00000155957"	1.07559243904601e-53	5.84112980245482e-13	7	3	-0.801817251013424	1	1
"ENSG00000114354"	"ENSG00000114354"	3.02163785079954e-28	6.11093794836091e-13	4	1	0.261667395215508	1	1
"ENSG00000187492"	"ENSG00000187492"	5.13686715776294e-34	6.81299719325065e-13	6	1	-0.314248455836624	1	1
"ENSG00000198830"	"ENSG00000198830"	8.40310235550453e-142	7.48205778027459e-13	5	1	0.977210827941016	1	1
"ENSG00000157778"	"ENSG00000157778"	1.15392864723469e-37	7.73835321347679e-13	6	4	-0.310193697387829	1	1
"ENSG00000070526"	"ENSG00000070526"	5.01249064464859e-24	9.89580119850372e-13	5	1	-0.191855206342447	1	1
"ENSG00000015475"	"ENSG00000015475"	1.52936077661543e-10	1.00495700396465e-12	7	1	-0.23160747450452	1	1
"ENSG00000001084"	"ENSG00000001084"	2.54452478758318e-28	1.00763779391211e-12	7	1	0.370111239686665	1	1
"ENSG00000075785"	"ENSG00000075785"	1.13279584907586e-16	1.3034704189083e-12	3	1	-0.183849132360659	1	1
"ENSG00000137699"	"ENSG00000137699"	4.3282317719282e-42	1.54978876796359e-12	5	1	0.354540962999508	1	1
"ENSG00000064490"	"ENSG00000064490"	5.57506730077257e-24	2.12276577963949e-12	7	3	-0.35932877938385	1	1
"ENSG00000170017"	"ENSG00000170017"	5.7810572757075e-15	2.82088072315971e-12	3	1	0.743694564264246	1	1
"ENSG00000150093"	"ENSG00000150093"	5.19534685042597e-41	3.07387275923826e-12	4	2	0.516251941629359	1	1
"ENSG00000144908"	"ENSG00000144908"	9.85036924593505e-13	3.90140181084819e-12	5	1	0.32736130483542	1	1
"ENSG00000151500"	"ENSG00000151500"	1.53252045431719e-10	4.44429811356993e-12	4	2	0.262452123650583	1	1
"ENSG00000149084"	"ENSG00000149084"	2.19369245997216e-44	4.82021866953933e-12	6	1	0.371309592562069	1	1
"ENSG00000167615"	"ENSG00000167615"	1.49920115585401e-19	6.37614945641053e-12	6	1	0.701586681727398	1	1
"ENSG00000104660"	"ENSG00000104660"	8.05612807228147e-21	8.32469744892742e-12	3	2	0.762613568017527	1	1
"ENSG00000144161"	"ENSG00000144161"	2.66704371110372e-12	8.59029268529668e-12	5	1	0.687212722928562	1	1
"ENSG00000147419"	"ENSG00000147419"	2.39277888707967e-16	9.26042930972811e-12	6	1	-0.328788013848519	1	1
"ENSG00000107175"	"ENSG00000107175"	1.00655460100478e-20	1.05332365706844e-11	4	1	0.333754498267867	1	1
"ENSG00000245694"	"ENSG00000245694"	2.26294266632956e-66	1.14836867574605e-11	9	2	0.267635269875612	1	1
"ENSG00000104164"	"ENSG00000104164"	5.04912098727903e-13	1.37557557125461e-11	3	2	-0.283719525651215	1	1
"ENSG00000263001"	"ENSG00000263001"	3.96888232588798e-26	2.03520410590468e-11	5	1	0.415676558194922	1	1
"ENSG00000083857"	"ENSG00000083857"	1.18322359771426e-13	2.49553027281591e-11	3	1	-0.764572356095048	1	1
"ENSG00000204385"	"ENSG00000204385"	7.76754836321828e-91	2.82008897196156e-11	5	1	0.460114484522735	1	1
"ENSG00000110321"	"ENSG00000110321"	1.27522347863097e-52	2.91775756311736e-11	8	1	-0.25966668319069	1	1
"ENSG00000126934"	"ENSG00000126934"	1.35428251222174e-10	4.71496950488482e-11	4	1	0.268151240969276	1	1
"ENSG00000163166"	"ENSG00000163166"	1.39181065629929e-18	4.90482391518952e-11	4	1	0.724717554291864	1	1
"ENSG00000198960"	"ENSG00000198960"	8.14181548168302e-17	5.53914691854161e-11	4	1	0.610294625542809	1	1
"ENSG00000149658"	"ENSG00000149658"	1.52866967454998e-10	5.62860986189094e-11	4	1	-0.627211906297663	1	1
"ENSG00000134504"	"ENSG00000134504"	4.30136187421025e-10	5.73561116435536e-11	7	1	-0.460385851801404	1	1
"ENSG00000204618"	"ENSG00000204618"	2.60782150625897e-24	6.43385939919391e-11	5	2	0.253493332312307	1	1
"ENSG00000124074"	"ENSG00000124074"	1.34754772948646e-13	7.33464107355399e-11	5	1	-0.486579427116531	1	1
"ENSG00000185055"	"ENSG00000185055"	9.16618777375941e-41	1.34208264370606e-10	8	1	-0.298763389954116	1	1
"ENSG00000147010"	"ENSG00000147010"	2.08366645869332e-18	1.44000888386556e-10	4	1	-0.780080058297455	1	0.833333333333333
"ENSG00000114125"	"ENSG00000114125"	1.02191160867349e-17	1.81505070047955e-10	5	1	-0.335361030815966	1	1
"ENSG00000184281"	"ENSG00000184281"	1.36705894675031e-14	2.26002757703266e-10	3	1	0.241018820996418	1	1
"ENSG00000107968"	"ENSG00000107968"	4.97787338771665e-19	2.89041181398377e-10	5	1	-0.409490420915671	1	1
"ENSG00000065457"	"ENSG00000065457"	1.41671745493652e-12	3.18466909161363e-10	4	1	0.652412703705968	1	1
"ENSG00000136425"	"ENSG00000136425"	1.64656012859895e-12	3.31642705222832e-10	5	1	-0.56912869863878	1	1
"ENSG00000238227"	"ENSG00000238227"	1.65327364598889e-11	4.13886631408507e-10	3	1	0.482619204018497	1	1
"ENSG00000103415"	"ENSG00000103415"	1.59807688705745e-48	4.63883875150442e-10	6	1	-0.516133603503016	1	1
"ENSG00000147676"	"ENSG00000147676"	1.03471680727794e-20	4.81486649953866e-10	4	1	0.209648423825522	1	1
"ENSG00000125944"	"ENSG00000125944"	2.35898475518791e-110	4.81894041265852e-10	8	1	-0.430159429650599	1	1
"ENSG00000023330"	"ENSG00000023330"	4.75867861610442e-28	5.24928029105893e-10	6	1	0.743715543105326	1	1
"ENSG00000104979"	"ENSG00000104979"	5.38567902438701e-27	5.40899171473916e-10	4	2	-0.907656914413079	1	1
"ENSG00000266412"	"ENSG00000266412"	7.86092504526612e-49	5.43673000273716e-10	7	2	0.631447332925579	1	1
"ENSG00000068903"	"ENSG00000068903"	1.98793244558509e-15	6.12966752129844e-10	4	1	-0.59233693391377	1	1
"ENSG00000065054"	"ENSG00000065054"	1.47226089342236e-22	6.58058940725753e-10	6	1	0.441194251417746	1	1
"ENSG00000095383"	"ENSG00000095383"	1.40595450264035e-18	7.04213241699277e-10	5	1	-0.502475737941156	1	1
"ENSG00000072042"	"ENSG00000072042"	5.87626916411537e-09	9.26669220318435e-10	3	1	-0.232287816544241	1	1
"ENSG00000151715"	"ENSG00000151715"	2.16553682686051e-09	1.00811004887495e-09	5	2	0.318718338259436	1	1
"ENSG00000177830"	"ENSG00000177830"	1.35064941158803e-15	1.02879995827053e-09	4	1	0.605346851180744	1	1
"ENSG00000111639"	"ENSG00000111639"	2.51834188802826e-36	1.11548610814504e-09	3	1	0.230637542953518	1	1
"ENSG00000109180"	"ENSG00000109180"	1.93134518436277e-26	1.18589816520028e-09	4	1	-0.206413564520492	1	1
"ENSG00000177082"	"ENSG00000177082"	5.32599884420521e-40	1.73866137212022e-09	5	2	0.645497240978295	1	1
"ENSG00000132463"	"ENSG00000132463"	1.08921167407143e-20	1.78484557417399e-09	7	1	-0.480408576634222	1	1
"ENSG00000023572"	"ENSG00000023572"	1.70156095640382e-15	2.13087083652046e-09	3	1	-0.475627894310821	1	1
"ENSG00000088836"	"ENSG00000088836"	1.15946044340538e-12	2.26279752813023e-09	7	1	0.618116314354734	1	1
"ENSG00000102738"	"ENSG00000102738"	4.33519542103945e-30	2.44648407126948e-09	3	1	0.257347677026572	1	1
"ENSG00000104973"	"ENSG00000104973"	4.05438626301033e-11	2.73416167814509e-09	5	1	-0.563950360382568	1	1
"ENSG00000146731"	"ENSG00000146731"	3.22468172343157e-24	4.2493797061593e-09	4	1	-0.581280615035699	1	1
"ENSG00000101940"	"ENSG00000101940"	3.96970140119055e-50	4.77892624467591e-09	5	1	0.351941120445585	1	1
"ENSG00000173575"	"ENSG00000173575"	1.472932287909e-16	6.81844471354478e-09	4	1	0.371018035482429	1	1
"ENSG00000133142"	"ENSG00000133142"	5.00935874390525e-09	7.30684559940445e-09	4	1	0.225800602119666	1	1
"ENSG00000101361"	"ENSG00000101361"	1.3345957038511e-08	8.54612139936576e-09	3	2	-0.377700049314207	1	1
"ENSG00000125505"	"ENSG00000125505"	7.25309275573556e-16	1.71309375919331e-08	7	1	-0.539044039280276	1	1
"ENSG00000174780"	"ENSG00000174780"	9.5180475974399e-13	1.8238486333395e-08	3	1	0.191026030571517	1	1
"ENSG00000148341"	"ENSG00000148341"	1.15660241268515e-71	1.92022307699759e-08	7	1	0.702968115107507	1	1
"ENSG00000182944"	"ENSG00000182944"	3.98802976025508e-38	2.30249219079629e-08	12	1	-0.269460171992126	1	1
"ENSG00000157916"	"ENSG00000157916"	5.58797701971582e-09	2.56568561635561e-08	4	2	0.253798490359225	1	1
"ENSG00000155438"	"ENSG00000155438"	7.64757179625151e-42	3.14507490168268e-08	5	1	-0.516823512724424	1	1
"ENSG00000134258"	"ENSG00000134258"	3.1167388766173e-07	3.47231338154336e-08	3	2	0.368943045305682	1	1
"ENSG00000177427"	"ENSG00000177427"	1.89677728235079e-09	4.05458560506835e-08	3	1	-0.57918503772281	1	1
"ENSG00000164105"	"ENSG00000164105"	9.56973928868719e-17	4.11430576295496e-08	5	1	0.537959482533617	1	1
"ENSG00000170365"	"ENSG00000170365"	6.11134309313186e-15	4.25347207169036e-08	4	2	0.510228744285514	1	1
"ENSG00000238142"	"ENSG00000238142"	3.11745829006741e-07	5.15051788018544e-08	3	2	-0.404206692844649	1	1
"ENSG00000162496"	"ENSG00000162496"	2.39400916049816e-85	5.71167013703163e-08	8	1	-0.197424208327566	1	1
"ENSG00000100142"	"ENSG00000100142"	1.67726246957167e-07	6.77987226330729e-08	4	1	0.835334367319452	1	0.833333333333333
"ENSG00000204344"	"ENSG00000204344"	4.39176666407793e-17	6.88186729418688e-08	5	1	-0.396983854151581	1	1
"ENSG00000120742"	"ENSG00000120742"	2.49436972073563e-54	7.44494994893669e-08	6	1	-0.414965404210137	1	1
"ENSG00000104695"	"ENSG00000104695"	7.57939703129357e-15	8.29647887760917e-08	5	2	-0.225766178358225	1	1
"ENSG00000270647"	"ENSG00000270647"	7.89248526607009e-31	9.86564920414996e-08	6	1	0.299270341930845	1	1
"ENSG00000141279"	"ENSG00000141279"	3.67479919024839e-18	1.063662536304e-07	5	2	0.664885766587711	1	1
"ENSG00000117528"	"ENSG00000117528"	4.37475285759565e-13	1.24017676375857e-07	4	1	-0.758856026606306	1	1
"ENSG00000161010"	"ENSG00000161010"	8.30144532193472e-12	1.24897546147613e-07	4	1	0.28329954933159	1	1
"ENSG00000171055"	"ENSG00000171055"	2.48137314771395e-12	1.4572396791345e-07	4	1	0.444878455161078	1	1
"ENSG00000093010"	"ENSG00000093010"	4.9629701389899e-69	1.52439111142457e-07	7	2	0.805010555908942	1	1
"ENSG00000101246"	"ENSG00000101246"	1.38586925014275e-16	1.55284836668823e-07	7	1	-0.447066456374599	1	1
"ENSG00000125166"	"ENSG00000125166"	4.04392732593148e-14	1.59375731555309e-07	4	1	-0.27269765477255	1	1
"ENSG00000067182"	"ENSG00000067182"	6.1018167808008e-18	1.83147783554913e-07	3	1	0.275383333927004	1	1
"ENSG00000154001"	"ENSG00000154001"	5.35885477269153e-46	1.93910748951228e-07	6	1	0.897862612999995	1	0.833333333333333
"ENSG00000169714"	"ENSG00000169714"	7.76836190059328e-06	1.99292167776992e-07	5	1	0.1753396217596	1	1
"ENSG00000176597"	"ENSG00000176597"	6.49318722985985e-20	2.19525516041637e-07	5	1	-0.729950080345	1	0.666666666666667
"ENSG00000019582"	"ENSG00000019582"	3.26174772901583e-07	2.20885340015641e-07	3	2	0.221273171209604	1	1
"ENSG00000151491"	"ENSG00000151491"	1.33086802519163e-06	2.21976191475912e-07	4	1	-0.438795722258645	1	1
"ENSG00000176658"	"ENSG00000176658"	1.45328995462044e-11	2.32955701719978e-07	5	1	0.610814746897125	1	1
"ENSG00000133640"	"ENSG00000133640"	8.84696854736777e-10	2.37587895331746e-07	4	1	0.611312682017946	1	1
"ENSG00000144589"	"ENSG00000144589"	3.53976800069893e-11	2.47832438564919e-07	3	1	0.838224294490203	1	0.833333333333333
"ENSG00000196502"	"ENSG00000196502"	1.92549000481225e-22	2.63440972250774e-07	5	1	-0.700553786060507	1	1
"ENSG00000144118"	"ENSG00000144118"	1.51588515681529e-07	3.69281239113834e-07	3	2	0.438271183284099	1	1
"ENSG00000161249"	"ENSG00000161249"	2.25791242769986e-06	3.70379176589623e-07	10	1	-0.17583754992115	1	1
"ENSG00000177731"	"ENSG00000177731"	1.03514669936488e-05	3.97943730405375e-07	5	1	-0.254093226848161	1	1
"ENSG00000105894"	"ENSG00000105894"	1.2612751336492e-10	4.13853698470286e-07	3	1	0.49225724077323	1	1
"ENSG00000149547"	"ENSG00000149547"	5.69444503142278e-22	4.14194986148479e-07	7	1	0.363609229042314	1	1
"ENSG00000029993"	"ENSG00000029993"	1.6254622608692e-16	4.17914250565197e-07	4	1	-0.296517417535895	1	1
"ENSG00000161547"	"ENSG00000161547"	8.12754295809586e-30	5.02692160216936e-07	6	1	-0.177462501177799	1	1
"ENSG00000115806"	"ENSG00000115806"	9.84063248449971e-17	5.17847595274962e-07	4	1	0.442023033950827	1	1
"ENSG00000109339"	"ENSG00000109339"	6.32002508533457e-22	5.41909883179707e-07	7	1	0.357827722750374	1	1
"ENSG00000153113"	"ENSG00000153113"	3.74523993937789e-34	6.2491863901139e-07	14	2	-0.262499095574573	1	1
"ENSG00000196872"	"ENSG00000196872"	2.04332932381601e-31	6.50476877692341e-07	8	1	-0.453124649536282	1	1
"ENSG00000167136"	"ENSG00000167136"	5.91754443366782e-20	6.97966755076372e-07	3	1	0.257364492519104	1	1
"ENSG00000213246"	"ENSG00000213246"	2.34005011859637e-11	7.00334589155459e-07	4	1	-0.231127518636066	1	1
"ENSG00000170873"	"ENSG00000170873"	4.89195480166663e-08	7.04259653348287e-07	5	1	-0.398571185249887	1	1
"ENSG00000155621"	"ENSG00000155621"	4.25581436954587e-19	7.0741070288472e-07	6	1	-0.481761120538095	1	1
"ENSG00000104549"	"ENSG00000104549"	6.44435220438674e-07	7.15956154504249e-07	4	1	-0.202859485283091	1	1
"ENSG00000276422"	"ENSG00000276422"	6.71901093101399e-30	7.23667669271832e-07	5	1	0.184567051661727	1	1
"ENSG00000229891"	"ENSG00000229891"	1.50914226662029e-06	7.39908649354996e-07	3	1	0.631186477235098	1	1
"ENSG00000057663"	"ENSG00000057663"	9.23149799054546e-20	7.69799835541511e-07	8	1	-0.477165797549851	1	0.833333333333333
"ENSG00000164924"	"ENSG00000164924"	1.98631488817277e-25	7.89370406400509e-07	8	2	0.165355979431942	1	1
"ENSG00000067113"	"ENSG00000067113"	5.57538624894192e-18	8.05101439607536e-07	6	1	-0.489169986422141	1	1
"ENSG00000108423"	"ENSG00000108423"	1.46279751281168e-09	8.11181674591088e-07	6	1	-0.720067630074952	1	0.666666666666667
"ENSG00000134779"	"ENSG00000134779"	6.4970767913958e-51	8.14574521252805e-07	9	1	-0.347177871510986	1	0.833333333333333
"ENSG00000134108"	"ENSG00000134108"	6.42189332308229e-13	9.07350417702322e-07	4	1	-0.813632803656064	1	0.833333333333333
"ENSG00000108641"	"ENSG00000108641"	4.22794275156974e-17	9.59878906860488e-07	7	1	-0.458824845886616	1	1
"ENSG00000127314"	"ENSG00000127314"	2.26604385234996e-19	1.20203750852085e-06	4	1	-0.211786836912766	1	1
"ENSG00000203667"	"ENSG00000203667"	1.73529826800625e-13	1.20548535598204e-06	3	1	0.672770947789242	1	1
"ENSG00000028116"	"ENSG00000028116"	1.62374569511883e-07	1.32719668550946e-06	3	1	-0.666597186025056	1	1
"ENSG00000122218"	"ENSG00000122218"	4.68365903282064e-10	1.33985040270078e-06	5	1	0.586793097996274	1	0.833333333333333
"ENSG00000159658"	"ENSG00000159658"	8.6218062683448e-10	1.37427475273665e-06	3	1	-0.481502270484006	1	1
"ENSG00000087448"	"ENSG00000087448"	1.5408377791398e-07	1.59102606407006e-06	3	1	0.865176256651261	1	0.666666666666667
"ENSG00000099875"	"ENSG00000099875"	5.00579734669015e-39	1.64352243193904e-06	4	2	-0.604026712263775	1	1
"ENSG00000125743"	"ENSG00000125743"	1.572576046388e-09	1.81421088662077e-06	3	1	0.636941767229412	1	1
"ENSG00000160226"	"ENSG00000160226"	8.09979743998167e-10	1.85377152801324e-06	3	1	-0.401672648952457	1	1
"ENSG00000258890"	"ENSG00000258890"	5.64157065603419e-08	1.91991240710003e-06	6	1	-0.468631315533665	1	1
"ENSG00000159346"	"ENSG00000159346"	8.3640499654251e-23	1.99353799359419e-06	4	1	-0.278520738822037	1	1
"ENSG00000004961"	"ENSG00000004961"	6.2015491216194e-41	1.99403036720876e-06	7	1	-0.688555060114162	1	1
"ENSG00000205609"	"ENSG00000205609"	1.5750971276253e-19	2.07461733732621e-06	3	2	-0.727770334590092	1	1
"ENSG00000128699"	"ENSG00000128699"	3.35228114495507e-28	2.09278215734705e-06	5	1	-0.506201572014157	1	1
"ENSG00000198466"	"ENSG00000198466"	1.03714220226783e-05	2.17782662555325e-06	3	2	-0.622468082572434	1	0.833333333333333
"ENSG00000102024"	"ENSG00000102024"	1.14876018892027e-12	2.37046760194361e-06	4	1	0.506845905693521	1	1
"ENSG00000176209"	"ENSG00000176209"	4.74432722494892e-13	2.53055045200417e-06	6	1	-0.1999632377175	1	1
"ENSG00000139990"	"ENSG00000139990"	7.70923371842383e-07	2.56421004702895e-06	3	2	0.480459394886964	1	1
"ENSG00000173226"	"ENSG00000173226"	4.37637967575391e-34	2.73267244228255e-06	4	2	-0.522872391903014	1	1
"ENSG00000178950"	"ENSG00000178950"	1.01320800748351e-15	2.92828343908498e-06	6	1	-0.459096930561616	1	1
"ENSG00000141543"	"ENSG00000141543"	8.40322704561998e-10	2.92889018751893e-06	3	1	-0.731889851888971	1	0.833333333333333
"ENSG00000086666"	"ENSG00000086666"	3.54328077027902e-42	2.97803410329487e-06	9	1	-0.453044390230976	1	1
"ENSG00000169926"	"ENSG00000169926"	2.71839912569323e-15	3.07632093938203e-06	6	2	-0.492319293925865	1	1
"ENSG00000066855"	"ENSG00000066855"	7.34445678900394e-06	3.25278643352019e-06	4	1	-0.591719375622837	1	1
"ENSG00000122417"	"ENSG00000122417"	3.38165884095401e-57	3.50844262150278e-06	7	1	-0.420814479546919	1	1
"ENSG00000129636"	"ENSG00000129636"	8.4972994118415e-18	3.78260617104028e-06	5	1	0.436124055265127	1	1
"ENSG00000164930"	"ENSG00000164930"	7.84272336363048e-25	3.83494937060013e-06	4	1	0.747857793532593	1	1
"ENSG00000178057"	"ENSG00000178057"	1.32957407477853e-09	4.32030207037049e-06	4	1	-0.229078453484501	1	1
"ENSG00000163597"	"ENSG00000163597"	1.47070704772498e-31	4.43028802486037e-06	9	1	-0.224219518970447	1	1
"ENSG00000159714"	"ENSG00000159714"	3.12168435067349e-24	5.5900498410523e-06	9	1	-0.406063137489707	1	1
"ENSG00000101447"	"ENSG00000101447"	8.34084602661114e-10	5.84604620139851e-06	3	1	0.55741330694626	1	1
"ENSG00000106733"	"ENSG00000106733"	3.23640831864654e-39	5.96783016621618e-06	8	1	-0.390243437459227	1	1
"ENSG00000069509"	"ENSG00000069509"	1.03602002431787e-21	6.29315381434111e-06	4	1	-0.688855798762052	1	1
"ENSG00000196275"	"ENSG00000196275"	3.25932433422458e-17	6.30423240541274e-06	5	1	-0.506310847465736	1	0.833333333333333
"ENSG00000103260"	"ENSG00000103260"	2.26215514640301e-07	6.88009637337038e-06	3	1	0.340844733813266	1	1
"ENSG00000108588"	"ENSG00000108588"	4.65976508459023e-38	7.4326686790989e-06	3	1	0.519622805305142	1	1
"ENSG00000100926"	"ENSG00000100926"	4.61196789658009e-21	7.88806622828002e-06	4	1	0.265776073857321	1	1
"ENSG00000167920"	"ENSG00000167920"	2.74047462277536e-20	8.00924996963734e-06	5	1	0.311690600705885	1	1
"ENSG00000133243"	"ENSG00000133243"	1.26892935917068e-06	8.13695287017988e-06	3	1	-0.81544969709722	1	1
"ENSG00000003756"	"ENSG00000003756"	2.32583823479399e-09	1.01192950627515e-05	5	1	-0.337805156285336	1	1
"ENSG00000185947"	"ENSG00000185947"	1.59033129758579e-06	1.05471570973049e-05	3	1	-0.444144784685614	1	1
"ENSG00000214941"	"ENSG00000214941"	2.52903852706282e-20	1.16963517213225e-05	8	1	-0.336856269192746	1	1
"ENSG00000183426"	"ENSG00000183426"	3.90932319309266e-23	1.25863450857014e-05	4	1	0.781505425771415	1	1
"ENSG00000185504"	"ENSG00000185504"	2.89725103843927e-07	1.27093668831972e-05	3	1	0.664192932014922	1	0.833333333333333
"ENSG00000106263"	"ENSG00000106263"	1.22201266977526e-15	1.35648984268414e-05	6	2	0.306803376490606	1	1
"ENSG00000149091"	"ENSG00000149091"	2.93477618067854e-05	1.44436826978667e-05	4	1	-0.515052426618338	1	1
"ENSG00000213676"	"ENSG00000213676"	0.000104902522628402	1.44665762088079e-05	3	3	0.445520296224398	1	1
"ENSG00000132376"	"ENSG00000132376"	2.23896844326833e-06	1.55973447444274e-05	3	1	0.577254568565634	1	1
"ENSG00000070087"	"ENSG00000070087"	1.26217588664941e-14	1.56574292151236e-05	6	1	0.33948518161603	1	1
"ENSG00000054282"	"ENSG00000054282"	4.43946884311055e-10	1.65629907592002e-05	3	1	0.530927001838415	1	1
"ENSG00000189077"	"ENSG00000189077"	3.08665028047225e-09	1.68177371993272e-05	5	1	-0.607590041851605	1	1
"ENSG00000064199"	"ENSG00000064199"	8.21680164102527e-47	1.73047312744986e-05	3	1	-0.968538899084504	1	1
"ENSG00000167165"	"ENSG00000167165"	2.53253678183049e-06	1.76721271977665e-05	3	1	0.758098926268008	1	1
"ENSG00000172831"	"ENSG00000172831"	9.19078654216145e-22	1.82378429046561e-05	3	1	-0.709628556275416	1	1
"ENSG00000121579"	"ENSG00000121579"	3.80179079817405e-10	1.88070379592885e-05	4	1	0.393440828486412	1	1
"ENSG00000110367"	"ENSG00000110367"	1.84798137366717e-09	1.95507554431206e-05	3	1	0.68115308454321	1	1
"ENSG00000084090"	"ENSG00000084090"	1.51367356623713e-10	1.99570787369965e-05	3	1	-0.484607758776392	1	1
"ENSG00000135363"	"ENSG00000135363"	4.00472169843036e-21	2.06605715189703e-05	7	2	0.294950793214209	1	1
"ENSG00000152439"	"ENSG00000152439"	1.01182896735602e-05	2.14261505147158e-05	3	1	-0.705527974800432	1	0.833333333333333
"ENSG00000172845"	"ENSG00000172845"	1.78868194706813e-16	2.14492380721069e-05	5	1	-0.489795996059073	1	1
"ENSG00000103253"	"ENSG00000103253"	2.37883564722102e-07	2.23123118508508e-05	9	1	0.452919473985838	1	1
"ENSG00000108946"	"ENSG00000108946"	2.00348718970328e-19	2.30759578928902e-05	6	1	-0.388190473112574	1	1
"ENSG00000160767"	"ENSG00000160767"	8.19068114296059e-07	2.35227976650635e-05	4	2	0.739264276340659	1	1
"ENSG00000118705"	"ENSG00000118705"	1.27424977183537e-15	2.54173471609181e-05	3	1	0.231876223037649	1	1
"ENSG00000224259"	"ENSG00000224259"	0.000106465724134514	2.58831909216076e-05	3	2	-0.258065573047453	1	1
"ENSG00000067082"	"ENSG00000067082"	0.000216041407721876	2.67936668643252e-05	3	1	-0.16028398811157	1	1
"ENSG00000065882"	"ENSG00000065882"	1.48599636950468e-19	2.71314342109402e-05	5	1	-0.557445860710444	1	1
"ENSG00000178719"	"ENSG00000178719"	2.37806837844802e-07	2.82848354944744e-05	3	1	0.648485223439127	1	1
"ENSG00000157259"	"ENSG00000157259"	1.41105558019902e-09	2.83082490793168e-05	4	1	-0.39483317878153	1	1
"ENSG00000111653"	"ENSG00000111653"	4.26727503563078e-05	2.84017709468696e-05	4	2	-0.284117797385488	1	1
"ENSG00000121858"	"ENSG00000121858"	0.000190726338832872	3.09049621869913e-05	3	1	-0.17958486809104	1	1
"ENSG00000164675"	"ENSG00000164675"	0.000179141681832499	3.28176331387405e-05	4	2	-0.374751009925486	1	1
"ENSG00000065150"	"ENSG00000065150"	1.11489285986021e-14	3.32891228228003e-05	4	1	0.490196082394193	1	1
"ENSG00000148248"	"ENSG00000148248"	3.67099471706424e-05	3.57838340337908e-05	5	1	0.263768671425534	1	1
"ENSG00000120708"	"ENSG00000120708"	2.04107008867825e-06	4.0529291189928e-05	3	1	0.377491284875283	1	1
"ENSG00000130595"	"ENSG00000130595"	1.75047478547222e-05	4.25856601034767e-05	3	2	-0.331886837262081	1	1
"ENSG00000136240"	"ENSG00000136240"	7.43300811780075e-11	4.33238008438813e-05	3	1	0.207849122629281	1	1
"ENSG00000136830"	"ENSG00000136830"	6.03242113216735e-20	4.55516637002982e-05	5	1	-0.365899720271544	1	1
"ENSG00000137274"	"ENSG00000137274"	1.09931811840681e-08	4.76894345618335e-05	3	1	0.395222933291195	1	1
"ENSG00000128510"	"ENSG00000128510"	3.55257405458585e-24	4.89292247793635e-05	6	1	-0.390220768649164	1	1
"ENSG00000182704"	"ENSG00000182704"	2.82364589711361e-05	5.03249561347599e-05	3	1	-0.619222571912989	1	0.833333333333333
"ENSG00000119801"	"ENSG00000119801"	6.7840082428475e-55	5.35063652351034e-05	8	1	-0.297300762502471	1	1
"ENSG00000188313"	"ENSG00000188313"	1.48292495040998e-23	5.4536124786204e-05	5	1	-0.430041507789389	1	1
"ENSG00000204381"	"ENSG00000204381"	0.000491910293785963	6.04815708728755e-05	3	1	0.186723427156	1	1
"ENSG00000114209"	"ENSG00000114209"	1.22007092892385e-43	6.07914596504188e-05	7	1	0.301234180247328	1	1
"ENSG00000197746"	"ENSG00000197746"	2.19059760716221e-09	6.10206519088465e-05	3	1	0.328702133208527	1	1
"ENSG00000100461"	"ENSG00000100461"	1.48501928964306e-05	6.33844141117905e-05	4	2	0.590573058108427	1	1
"ENSG00000105281"	"ENSG00000105281"	2.61812923023902e-12	6.63174141168529e-05	3	1	0.273314267356657	1	1
"ENSG00000112539"	"ENSG00000112539"	1.62871985599312e-18	7.22525325677287e-05	6	1	0.436873928794952	1	1
"ENSG00000119333"	"ENSG00000119333"	1.53811700753632e-22	7.32947438574501e-05	4	1	0.274319795677054	1	1
"ENSG00000188895"	"ENSG00000188895"	2.76530446570841e-10	7.40216852258457e-05	5	1	-0.702780095533876	1	1
"ENSG00000143384"	"ENSG00000143384"	4.30454244443107e-11	7.52089072970336e-05	3	1	-0.388152812448748	1	1
"ENSG00000141030"	"ENSG00000141030"	1.58153438910773e-23	7.77653202910251e-05	5	1	-0.592462894556355	1	1
"ENSG00000058799"	"ENSG00000058799"	0.000388944535272984	8.47034674299512e-05	3	2	0.478390763023995	1	1
"ENSG00000236104"	"ENSG00000236104"	0.000154309550510169	8.56791309327571e-05	3	1	-0.367176450975772	1	1
"ENSG00000243989"	"ENSG00000243989"	5.87898671422847e-07	8.82656530048709e-05	3	1	0.284461796359247	1	1
"ENSG00000126778"	"ENSG00000126778"	3.92683122437074e-09	9.42106452983154e-05	3	1	0.389271407112642	1	1
"ENSG00000182979"	"ENSG00000182979"	5.09195630747463e-21	9.52765263068154e-05	10	1	0.372517989494489	1	0.833333333333333
"ENSG00000104388"	"ENSG00000104388"	7.84101739074746e-45	0.00011233801754153	3	1	0.963988280411159	1	1
"ENSG00000203985"	"ENSG00000203985"	0.000163103788248199	0.000114328325354177	7	1	0.231019648715516	1	1
"ENSG00000087903"	"ENSG00000087903"	4.02285736149723e-17	0.000117685563700668	6	1	-0.573365690835265	1	1
"ENSG00000151689"	"ENSG00000151689"	4.00175694493518e-14	0.000119026661673951	6	1	-0.312818783933256	1	1
"ENSG00000103342"	"ENSG00000103342"	1.25331430223136e-57	0.000129610751458561	3	1	-0.888963967589772	1	1
"ENSG00000258752"	"ENSG00000258752"	1.70191268523104e-18	0.000145457769998447	3	1	0.332279000410634	1	1
"ENSG00000269858"	"ENSG00000269858"	3.18779034021113e-07	0.000165634997349005	5	1	-0.187207096894852	1	1
"ENSG00000112651"	"ENSG00000112651"	1.3631892691791e-09	0.000175998746957642	5	1	0.572548742421024	1	1
"ENSG00000124882"	"ENSG00000124882"	1.75606739141534e-07	0.000177352413259348	3	1	0.512097963558129	1	1
"ENSG00000115648"	"ENSG00000115648"	3.90015253830936e-05	0.000177595585644932	6	1	0.170998562184232	1	1
"ENSG00000186710"	"ENSG00000186710"	0.000524257135089017	0.000177680797373593	3	2	0.162115834783235	1	1
"ENSG00000089127"	"ENSG00000089127"	5.54614570499852e-07	0.000183243029859929	5	1	0.306460183442811	1	1
"ENSG00000131746"	"ENSG00000131746"	2.21966895612148e-13	0.000184612312872351	5	1	-0.442032433763698	1	1
"ENSG00000243725"	"ENSG00000243725"	9.17321354167815e-05	0.000186511585567828	3	1	0.402791617422265	1	1
"ENSG00000088726"	"ENSG00000088726"	1.58629426850354e-06	0.000186971289067274	6	3	0.185678964026377	1	1
"ENSG00000047621"	"ENSG00000047621"	4.95354036774301e-08	0.000194521260427602	4	1	-0.739718739627112	1	0.833333333333333
"ENSG00000182934"	"ENSG00000182934"	9.07366398867206e-09	0.000203897338966384	4	1	-0.217271918649543	1	1
"ENSG00000141380"	"ENSG00000141380"	7.59724873158643e-26	0.000207690173441143	8	1	-0.386729100500901	1	1
"ENSG00000106617"	"ENSG00000106617"	1.03003611674353e-07	0.00021869959275918	4	1	-0.320163564408653	1	1
"ENSG00000249859"	"ENSG00000249859"	9.68988462171996e-13	0.000230846662022508	9	1	-0.3492065367076	1	1
"ENSG00000105357"	"ENSG00000105357"	6.01319558026494e-22	0.000237230934270307	7	1	0.233229070932949	1	1
"ENSG00000198522"	"ENSG00000198522"	0.000533452359227988	0.000267502241171933	3	2	-0.373972111201589	1	1
"ENSG00000111670"	"ENSG00000111670"	6.98804273391111e-05	0.000268277686261493	5	1	-0.686909721767642	1	0.666666666666667
"ENSG00000136261"	"ENSG00000136261"	2.23613784302041e-35	0.000278678565144554	6	1	-0.371714555030669	1	1
"ENSG00000186468"	"ENSG00000186468"	1.29651054386919e-06	0.000291025335070032	5	1	0.263316800522943	1	1
"ENSG00000104450"	"ENSG00000104450"	0.000121627816531454	0.000301365527781451	8	1	-0.513355675200209	1	1
"ENSG00000070190"	"ENSG00000070190"	6.56523325374393e-07	0.000305472602128367	3	1	0.482890598568647	1	1
"ENSG00000090487"	"ENSG00000090487"	5.68115336855233e-12	0.000315580880244015	3	1	-0.279357100816917	1	1
"ENSG00000119636"	"ENSG00000119636"	0.0168560222622307	0.000325797182931415	7	1	0.23135802112401	1	1
"ENSG00000103811"	"ENSG00000103811"	9.4492760809708e-12	0.000327020761722111	6	1	-0.584397598629931	1	1
"ENSG00000198467"	"ENSG00000198467"	4.71640213958454e-07	0.000335783270969522	4	1	-0.138811464221855	1	1
"ENSG00000186522"	"ENSG00000186522"	8.92493082295978e-15	0.000337547175412052	6	2	0.623911922600309	1	1
"ENSG00000167693"	"ENSG00000167693"	7.87069075426109e-05	0.000356215341804575	4	1	-0.431041375974499	1	1
"ENSG00000160838"	"ENSG00000160838"	5.72544189601693e-10	0.000358392840513596	4	2	0.294977947723197	1	1
"ENSG00000141027"	"ENSG00000141027"	1.7989528870619e-12	0.000365741401123709	7	1	0.20389251566791	1	1
"ENSG00000174428"	"ENSG00000174428"	0.000163466389079115	0.000373756504683669	4	2	-0.399619905005647	1	1
"ENSG00000173442"	"ENSG00000173442"	2.63642001292527e-06	0.00037681621866432	8	1	-0.378651964536523	1	1
"ENSG00000143499"	"ENSG00000143499"	2.30891501393244e-08	0.000385647473328658	4	1	0.291623255019189	1	1
"ENSG00000132716"	"ENSG00000132716"	1.52078333459236e-06	0.00038595367837759	5	1	0.74391676936486	1	0.833333333333333
"ENSG00000113163"	"ENSG00000113163"	0.00410846766230369	0.000396739186664618	4	1	-0.189474706507078	1	1
"ENSG00000168066"	"ENSG00000168066"	1.30214202879967e-12	0.000404234532270877	6	1	-0.204581856249259	1	1
"ENSG00000168216"	"ENSG00000168216"	1.27764634386414e-07	0.000414287486357731	5	1	-0.269739017801927	1	1
"ENSG00000063978"	"ENSG00000063978"	0.000122205325512849	0.000416781369408561	3	1	0.676012090588196	1	0.833333333333333
"ENSG00000136147"	"ENSG00000136147"	3.66830975162846e-11	0.000434369854701163	7	1	-0.334181666497515	1	1
"ENSG00000164828"	"ENSG00000164828"	3.97775596020627e-11	0.000438443634177983	7	1	0.378695142305776	1	1
"ENSG00000083896"	"ENSG00000083896"	2.07595880595406e-26	0.000448775695263695	7	1	0.3289911873595	1	0.833333333333333
"ENSG00000138668"	"ENSG00000138668"	6.20396328880761e-49	0.000471681625583307	10	1	0.388058288127604	1	1
"ENSG00000125850"	"ENSG00000125850"	1.18400136247393e-05	0.000488586291702694	4	1	-0.222946168816813	1	1
"ENSG00000152760"	"ENSG00000152760"	9.51675911620833e-05	0.000488927064047219	6	2	-0.320615717509054	1	1
"ENSG00000115657"	"ENSG00000115657"	0.000106209468450582	0.000490480140430815	4	1	0.324875064504794	1	1
"ENSG00000121310"	"ENSG00000121310"	4.16862817658727e-15	0.000501819626952902	8	1	-0.305960589982183	1	1
"ENSG00000171311"	"ENSG00000171311"	5.33734892212035e-12	0.000516440260158408	4	2	-0.827097026694782	1	0.833333333333333
"ENSG00000156675"	"ENSG00000156675"	0.00312686704696759	0.000522506243202043	3	2	0.355623098206464	1	1
"ENSG00000164494"	"ENSG00000164494"	7.80363993079254e-05	0.000528070596893601	3	1	-0.363280042854367	1	1
"ENSG00000198589"	"ENSG00000198589"	7.25115012466914e-05	0.000542372166530296	3	1	0.539381677624142	1	1
"ENSG00000198719"	"ENSG00000198719"	9.53870991868417e-07	0.000548420048371785	3	1	0.849415549925615	1	0.666666666666667
"ENSG00000168615"	"ENSG00000168615"	1.23627463081655e-13	0.000558831906022642	7	1	0.36451125017532	1	1
"ENSG00000153774"	"ENSG00000153774"	1.92800418215101e-11	0.000588905627849151	4	1	-0.176728683194609	1	1
"ENSG00000126858"	"ENSG00000126858"	5.21174506426121e-07	0.000593735668071798	7	1	0.340740400497636	1	1
"ENSG00000204574"	"ENSG00000204574"	7.22762038312584e-21	0.000600716196531434	4	1	0.52719315977409	1	1
"ENSG00000050130"	"ENSG00000050130"	1.97856520184383e-17	0.000601323926279867	7	1	-0.519846981771303	1	1
"ENSG00000112130"	"ENSG00000112130"	0.00017944303219434	0.000601454048442582	4	1	0.37789350259549	1	1
"ENSG00000221838"	"ENSG00000221838"	5.02865064712712e-07	0.000603302795608729	4	1	-0.481123961651998	1	1
"ENSG00000033170"	"ENSG00000033170"	3.99636586617618e-09	0.000618629868488194	4	1	-0.505406266515355	0.833333333333333	0.833333333333333
"ENSG00000126698"	"ENSG00000126698"	7.8994091528947e-08	0.000626287581385947	3	1	0.186258555720476	1	1
"ENSG00000109189"	"ENSG00000109189"	0.000347234018907531	0.000683185373024756	3	2	-0.296382826624743	1	1
"ENSG00000153786"	"ENSG00000153786"	0.000568351404591467	0.000691371529119819	5	1	-0.450804566756159	1	1
"ENSG00000061794"	"ENSG00000061794"	0.000242180928903433	0.00070565894867247	3	2	0.287681577542049	1	1
"ENSG00000168300"	"ENSG00000168300"	4.87549092511427e-35	0.000715913087919504	5	1	0.795576315466624	1	1
"ENSG00000184731"	"ENSG00000184731"	6.97283156205925e-10	0.000735136547452452	4	1	0.604414366581311	1	1
"ENSG00000119950"	"ENSG00000119950"	6.24382519674637e-16	0.000735351197553704	8	2	0.378203990144618	1	1
"ENSG00000166037"	"ENSG00000166037"	7.10965036945429e-21	0.000747443672312151	5	1	0.525252524580999	1	1
"ENSG00000114446"	"ENSG00000114446"	1.20266089576888e-06	0.000758536019909991	3	1	-0.848190333033661	1	0.833333333333333
"ENSG00000155660"	"ENSG00000155660"	0.000111749773271661	0.000770784698508804	3	1	-0.252212288697638	1	1
"ENSG00000278053"	"ENSG00000278053"	0.0045585824577902	0.000778332264939732	3	2	-0.35710402439933	1	1
"ENSG00000133318"	"ENSG00000133318"	1.91345176359396e-07	0.000788133159309819	3	1	0.174632337043071	1	1
"ENSG00000141759"	"ENSG00000141759"	8.62915801722182e-31	0.000795417879516153	4	2	-0.847826086956521	1	1
"ENSG00000197982"	"ENSG00000197982"	0.00461907055735981	0.000796259432879201	3	1	0.166605350576707	1	1
"ENSG00000198498"	"ENSG00000198498"	1.55722735360241e-06	0.000798349249747053	4	1	-0.319941133766827	1	1
"ENSG00000182712"	"ENSG00000182712"	8.21096983121418e-07	0.00085189953805597	3	1	0.45233852101747	1	1
"ENSG00000130787"	"ENSG00000130787"	3.55824890283533e-14	0.00087071994185944	4	1	-0.586156293993696	1	0.666666666666667
"ENSG00000100325"	"ENSG00000100325"	1.24145758309364e-12	0.000939139255295119	7	1	0.466167217603034	1	1
"ENSG00000111371"	"ENSG00000111371"	8.51878546994631e-12	0.000957533838271844	5	1	-0.361749108975089	1	1
"ENSG00000075539"	"ENSG00000075539"	7.15529991707509e-07	0.00095953334856725	4	1	-0.579437047279011	1	1
"ENSG00000143321"	"ENSG00000143321"	2.46786807020033e-18	0.000960429765558712	6	1	0.312788292981317	1	1
"ENSG00000145191"	"ENSG00000145191"	3.64982931254279e-11	0.000975486819756941	6	2	0.274834321705952	1	1
"ENSG00000185246"	"ENSG00000185246"	2.62842071802337e-06	0.000981115440350456	4	1	-0.645567009598351	1	0.833333333333333
"ENSG00000116793"	"ENSG00000116793"	7.71016847778439e-09	0.00105583969412614	7	1	-0.495208337885627	1	1
"ENSG00000188343"	"ENSG00000188343"	1.68915986119766e-05	0.00109935963382773	3	1	0.464349388201352	1	1
"ENSG00000141101"	"ENSG00000141101"	0.000160480575485993	0.0011298808295518	4	1	0.202650434074262	1	1
"ENSG00000136235"	"ENSG00000136235"	0.000175101123096319	0.00117057175229966	5	1	-0.245545240253725	1	1
"ENSG00000171497"	"ENSG00000171497"	0.000528589341734971	0.00117402330926754	4	1	-0.334922157647991	1	1
"ENSG00000100083"	"ENSG00000100083"	2.80659138061712e-07	0.0012174515936868	3	1	-0.410463619296964	1	1
"ENSG00000177994"	"ENSG00000177994"	1.2612751336492e-10	0.001275381147964	5	1	-0.730269952595719	1	0.833333333333333
"ENSG00000133315"	"ENSG00000133315"	2.1961250359839e-05	0.00129166365919302	4	1	-0.19764735390812	1	1
"ENSG00000143418"	"ENSG00000143418"	4.14191318072297e-10	0.00134406841485769	4	2	0.610195246888864	1	1
"ENSG00000136436"	"ENSG00000136436"	5.13584240900322e-13	0.00138278182947948	4	1	-0.939550188156034	1	0.833333333333333
"ENSG00000111144"	"ENSG00000111144"	0.00735685399336028	0.00140771648360189	3	2	-0.219302209863156	1	1
"ENSG00000107262"	"ENSG00000107262"	4.2958574735122e-05	0.00145483407377491	3	1	0.214946682480275	1	1
"ENSG00000105341"	"ENSG00000105341"	0.000471492593098009	0.00146871666220504	6	1	0.409776865582694	1	1
"ENSG00000151239"	"ENSG00000151239"	3.35087557473391e-13	0.00148914569394611	6	1	0.398820590096976	1	1
"ENSG00000110619"	"ENSG00000110619"	1.31321345387534e-22	0.00149773261647997	7	2	0.461652923833042	1	1
"ENSG00000132356"	"ENSG00000132356"	1.46539518765312e-13	0.0015196737358258	4	2	0.650388681873924	1	1
"ENSG00000248508"	"ENSG00000248508"	1.48967220129223e-05	0.00155256531840347	4	1	0.457480951308069	1	1
"ENSG00000257923"	"ENSG00000257923"	0.000186756665138113	0.00156822266069456	5	1	-0.369946194638202	1	1
"ENSG00000128923"	"ENSG00000128923"	1.03279878508032e-06	0.00160118328746935	3	1	-0.469548947912027	1	1
"ENSG00000115129"	"ENSG00000115129"	2.10444867551936e-09	0.00162174132799781	6	1	-0.168514920259181	1	1
"ENSG00000188243"	"ENSG00000188243"	2.02341563541016e-06	0.00162596699145404	4	1	-0.494656445292637	1	1
"ENSG00000150527"	"ENSG00000150527"	4.00344275518575e-08	0.00162941684131192	6	1	0.249263746647948	1	1
"ENSG00000163235"	"ENSG00000163235"	0.00023514331781755	0.00167082117928054	3	1	-0.236958793931351	1	1
"ENSG00000117226"	"ENSG00000117226"	3.5933020939073e-28	0.00168879011167072	6	2	-0.510393796745573	1	1
"ENSG00000143398"	"ENSG00000143398"	2.31532566354137e-09	0.00169163568922078	3	1	0.63460410743862	1	1
"ENSG00000175591"	"ENSG00000175591"	0.00304052079643158	0.00169965322945246	3	1	0.399483801254994	1	1
"ENSG00000146733"	"ENSG00000146733"	3.23515747642929e-23	0.00175240959452728	5	1	-0.649454926702029	1	1
"ENSG00000138757"	"ENSG00000138757"	0.00639223486828611	0.00177215952920682	3	2	0.313011108135909	1	1
"ENSG00000123358"	"ENSG00000123358"	0.00131531416535796	0.00180597140496334	4	1	0.548400111272925	1	1
"ENSG00000198663"	"ENSG00000198663"	3.00045352660319e-05	0.00186320806931936	3	1	0.24774357157248	1	1
"ENSG00000141985"	"ENSG00000141985"	2.04581510110288e-10	0.00186982861840913	6	1	0.190310766458544	1	1
"ENSG00000203666"	"ENSG00000203666"	1.27763109962194e-06	0.00189384532232612	8	1	0.182920548967071	1	1
"ENSG00000106052"	"ENSG00000106052"	2.19088886048439e-15	0.00190752823399807	7	1	0.198275816589809	1	1
"ENSG00000105929"	"ENSG00000105929"	7.29233710652323e-05	0.00198887302338214	3	1	-0.68397071956944	1	0.833333333333333
"ENSG00000115207"	"ENSG00000115207"	0.00020300350804057	0.00215200748353882	3	1	0.368287168245486	1	1
"ENSG00000127720"	"ENSG00000127720"	4.55488334910625e-09	0.00215844425586297	3	1	-0.623561540775311	1	1
"ENSG00000009780"	"ENSG00000009780"	9.86054349544244e-11	0.00224647986609685	6	1	-0.47200253146356	1	0.833333333333333
"ENSG00000112715"	"ENSG00000112715"	4.41339760934732e-11	0.00227762194507372	6	1	0.514417434654376	1	1
"ENSG00000160211"	"ENSG00000160211"	4.50120808482873e-05	0.0022922217501062	4	1	-0.20855613706845	1	1
"ENSG00000110536"	"ENSG00000110536"	0.00197113513837052	0.00238286897939992	3	1	0.41433430361105	1	0.833333333333333
"ENSG00000162613"	"ENSG00000162613"	3.51621966549233e-08	0.00239206891707593	5	1	0.359238481279919	1	1
"ENSG00000236287"	"ENSG00000236287"	5.14138215078098e-08	0.00242503142419076	4	1	0.373737028472218	1	1
"ENSG00000102119"	"ENSG00000102119"	5.7776879619031e-12	0.00253995526086058	6	1	0.167900749155608	1	1
"ENSG00000204673"	"ENSG00000204673"	2.86843391067408e-10	0.00286344699736683	4	1	-0.549999972324423	1	1
"ENSG00000182149"	"ENSG00000182149"	0.000149080981216774	0.00287645020824827	6	1	-0.247852524494445	1	1
"ENSG00000129158"	"ENSG00000129158"	0.00300907131562927	0.0029677653912675	4	1	-0.365375359291584	1	1
"ENSG00000170881"	"ENSG00000170881"	4.75531381804454e-06	0.00296828633430867	3	1	-0.238775358404783	1	1
"ENSG00000130826"	"ENSG00000130826"	3.94138745045473e-48	0.00302963848081358	3	1	0.761474507356331	1	1
"ENSG00000100644"	"ENSG00000100644"	1.00044627819286e-17	0.00305550700982642	8	2	0.408272049990766	1	1
"ENSG00000221914"	"ENSG00000221914"	1.45619368182379e-41	0.00306860832459699	6	1	-0.39121853943515	1	1
"ENSG00000183431"	"ENSG00000183431"	4.97960306350497e-09	0.00313120497160057	3	1	-0.713719989243842	1	0.833333333333333
"ENSG00000117335"	"ENSG00000117335"	1.06408787396202e-14	0.00314945545801263	6	1	0.486017339043698	1	1
"ENSG00000158863"	"ENSG00000158863"	0.00403119404960233	0.00319275452495674	4	1	0.635933722904726	1	1
"ENSG00000007174"	"ENSG00000007174"	6.35493915871036e-14	0.00325691840731886	5	1	0.324590577779671	1	1
"ENSG00000234465"	"ENSG00000234465"	2.70100038126936e-06	0.00337110353329945	5	1	-0.415408238815295	1	1
"ENSG00000147471"	"ENSG00000147471"	1.74270625013747e-05	0.00348182483310507	4	1	-0.655755267609547	1	1
"ENSG00000135932"	"ENSG00000135932"	0.010226149935078	0.00373448554837842	3	2	-0.194338859083264	1	1
"ENSG00000054983"	"ENSG00000054983"	1.14918518849091e-06	0.00377899193194979	3	1	0.89467721052173	1	0.833333333333333
"ENSG00000106603"	"ENSG00000106603"	0.000893553280579008	0.00380554420861993	4	1	0.136267059663094	1	1
"ENSG00000104047"	"ENSG00000104047"	0.00584731232625537	0.00383687989808821	5	1	-0.302209910679977	1	1
"ENSG00000140057"	"ENSG00000140057"	0.000886660539691805	0.0038812905505911	5	1	-0.623378703371832	0.833333333333333	0.666666666666667
"ENSG00000119661"	"ENSG00000119661"	0.00230982500147159	0.00389304418674094	3	1	-0.606677991714674	0.833333333333333	0.833333333333333
"ENSG00000158435"	"ENSG00000158435"	3.61208028827631e-11	0.0039521318417472	5	1	0.280701674440684	1	1
"ENSG00000103429"	"ENSG00000103429"	2.61530216315672e-05	0.00413815487536023	5	1	-0.206838150185184	1	1
"ENSG00000165506"	"ENSG00000165506"	1.05708110369664e-19	0.00424970691896435	5	1	-0.433708218551998	1	0.833333333333333
"ENSG00000034677"	"ENSG00000034677"	0.000236602996645193	0.00430663191521877	5	2	-0.371983413230374	1	1
"ENSG00000168268"	"ENSG00000168268"	0.0233863199396765	0.00431393238480722	4	2	-0.296810067170197	1	1
"ENSG00000131238"	"ENSG00000131238"	9.22591375698904e-07	0.00441265923965506	7	1	0.328606872322882	1	1
"ENSG00000129295"	"ENSG00000129295"	1.86094301333055e-06	0.00452810320917986	7	1	0.203814858469537	1	1
"ENSG00000132670"	"ENSG00000132670"	0.00363922269679839	0.00459305273143855	3	1	0.593432455199125	0.833333333333333	0.833333333333333
"ENSG00000155324"	"ENSG00000155324"	4.65880972801527e-07	0.00466876808507509	9	1	-0.193542274328691	1	1
"ENSG00000197461"	"ENSG00000197461"	6.67623376416038e-06	0.00474224420596664	5	1	-0.287383187602166	1	1
"ENSG00000129226"	"ENSG00000129226"	2.27117968631363e-06	0.00480408590500528	3	1	0.494881421193838	1	0.833333333333333
"ENSG00000127955"	"ENSG00000127955"	0.025587615344655	0.00481244001983975	4	2	0.391170845504208	1	1
"ENSG00000154978"	"ENSG00000154978"	2.89725103843927e-07	0.00484088011911101	4	1	0.415188952056209	1	1
"ENSG00000114416"	"ENSG00000114416"	8.21256567474659e-08	0.0048960743100357	10	1	0.183957724489254	1	1
"ENSG00000083844"	"ENSG00000083844"	3.50619070292768e-08	0.00500056132614434	5	1	-0.764704873818378	0.833333333333333	0.666666666666667
"ENSG00000183576"	"ENSG00000183576"	2.52232671354225e-09	0.00512368547798873	5	1	0.282437438419007	1	1
"ENSG00000198729"	"ENSG00000198729"	1.29343338966862e-14	0.00530104829762631	4	1	0.237905923834691	1	1
"ENSG00000136682"	"ENSG00000136682"	8.46463002143239e-24	0.00531320009366599	9	1	0.243302826801641	1	1
"ENSG00000070785"	"ENSG00000070785"	2.72802004867195e-19	0.00535307647126289	4	1	-0.673172456706293	1	1
"ENSG00000163517"	"ENSG00000163517"	4.02025697775612e-12	0.00536287514710785	5	1	-0.475361600852989	1	1
"ENSG00000107566"	"ENSG00000107566"	1.92744760753156e-05	0.00538205277875853	3	1	-0.505540122002244	1	1
"ENSG00000162222"	"ENSG00000162222"	0.00102008073049766	0.00552451432204827	4	1	-0.437451474605842	1	1
"ENSG00000206140"	"ENSG00000206140"	4.88308892474851e-12	0.00558829614667385	6	2	-0.374109216612451	1	1
"ENSG00000141424"	"ENSG00000141424"	1.15219100023464e-09	0.00579563025946414	5	1	0.522477037470871	1	1
"ENSG00000103005"	"ENSG00000103005"	0.0038450164780157	0.00628450312642257	3	1	-0.356178444785338	1	1
"ENSG00000197620"	"ENSG00000197620"	0.00996653462652023	0.006297776957048	3	1	-0.561607665380545	1	1
"ENSG00000198431"	"ENSG00000198431"	1.48245735147738e-11	0.00635553395848402	8	2	-0.295294836515118	1	1
"ENSG00000128626"	"ENSG00000128626"	1.37563560495173e-10	0.00641892140716105	3	1	0.265110718742955	1	1
"ENSG00000129534"	"ENSG00000129534"	3.13931583055539e-18	0.00643692465586511	8	2	-0.273181338326737	1	1
"ENSG00000148339"	"ENSG00000148339"	5.99506088896612e-10	0.00663939797254586	5	2	0.628928844804092	1	1
"ENSG00000128595"	"ENSG00000128595"	0.00451535386407061	0.00673434972001266	3	1	-0.344985027673861	1	1
"ENSG00000143793"	"ENSG00000143793"	0.0299852759269158	0.00675432578515083	3	1	0.225429070096034	1	1
"ENSG00000164120"	"ENSG00000164120"	1.72609288296397e-09	0.00697581057753529	7	1	0.149473416458459	1	1
"ENSG00000055070"	"ENSG00000055070"	0.0147875031696566	0.00710009197384072	3	2	0.394555133883037	1	1
"ENSG00000182472"	"ENSG00000182472"	2.1145918049414e-05	0.0071827908085382	7	1	-0.465498198519377	1	0.833333333333333
"ENSG00000147526"	"ENSG00000147526"	0.000624180530386597	0.00736075455232555	5	1	-0.304341379129116	1	1
"ENSG00000142599"	"ENSG00000142599"	1.36698390506595e-08	0.0074216214380369	5	1	0.341913505986181	1	1
"ENSG00000180881"	"ENSG00000180881"	4.639548969874e-21	0.00747572399943843	5	1	-0.784802952514939	1	0.833333333333333
"ENSG00000142230"	"ENSG00000142230"	3.96261590932353e-06	0.00751958367876587	4	1	0.244503767048248	1	1
"ENSG00000158773"	"ENSG00000158773"	0.00271320637927779	0.0075237568371575	3	1	-0.503495448072965	1	1
"ENSG00000162736"	"ENSG00000162736"	5.99904567906473e-05	0.00756535910158895	3	1	0.232288465987392	1	1
"ENSG00000132128"	"ENSG00000132128"	0.0280125698441426	0.00765331770369897	3	2	-0.346379307811944	1	1
"ENSG00000171155"	"ENSG00000171155"	4.61571479927672e-23	0.00791355844144344	3	1	0.703789689509508	1	1
"ENSG00000115380"	"ENSG00000115380"	7.42768198734043e-15	0.00804305970107981	7	1	-0.370865200027045	1	1
"ENSG00000140455"	"ENSG00000140455"	5.13969520739561e-13	0.0081456341329197	5	1	0.350339636428518	1	1
"ENSG00000174844"	"ENSG00000174844"	7.98943971537258e-11	0.00816170572224433	5	1	-0.492793179339809	1	0.666666666666667
"ENSG00000048405"	"ENSG00000048405"	1.14793563275543e-07	0.00833878781814548	5	1	0.272220529882213	1	1
"ENSG00000181396"	"ENSG00000181396"	5.7121259860318e-05	0.00843055612778427	3	1	-0.315726734754014	1	1
"ENSG00000127337"	"ENSG00000127337"	2.28106509572045e-08	0.0084376467981106	4	1	0.143871382572361	1	1
"ENSG00000175274"	"ENSG00000175274"	6.50173246177456e-07	0.00881840720483346	6	2	0.378553508017612	1	1
"ENSG00000149480"	"ENSG00000149480"	2.2777398049957e-06	0.00887982793037134	5	1	0.350540080942597	1	1
"ENSG00000153015"	"ENSG00000153015"	0.000610022139635325	0.00894173086654435	3	1	0.266446398645163	1	1
"ENSG00000157954"	"ENSG00000157954"	1.77375918448622e-06	0.00897403237919971	8	1	0.251102535743732	1	1
"ENSG00000183283"	"ENSG00000183283"	4.6962849957996e-34	0.00913093536449185	10	2	-0.180954992068108	1	1
"ENSG00000037474"	"ENSG00000037474"	2.99222035723967e-05	0.00930244054055782	4	1	-0.292372818879691	1	1
"ENSG00000100842"	"ENSG00000100842"	6.5799516007795e-09	0.00982072254651951	4	1	0.462147111823713	1	0.666666666666667
"ENSG00000099899"	"ENSG00000099899"	2.83215463017552e-11	0.009850131318808	7	1	0.397928210048269	1	1
"ENSG00000079332"	"ENSG00000079332"	0.0344678265970539	0.00994725683993597	3	2	-0.334643725538441	1	1
"ENSG00000176715"	"ENSG00000176715"	1.4948815021176e-13	0.0102407235552908	4	1	-0.55963658833919	1	1
"ENSG00000169221"	"ENSG00000169221"	2.02440271008502e-07	0.0103248833014265	3	1	0.528445044598153	1	1
"ENSG00000253982"	"ENSG00000253982"	0.002251307170924	0.0103338423872077	4	1	0.383079349649326	1	1
"ENSG00000157191"	"ENSG00000157191"	0.00176360452185528	0.010628699638752	4	1	0.200050360116959	1	1
"ENSG00000230513"	"ENSG00000230513"	0.00152284080156938	0.0107323070729372	3	1	-0.480775821441641	1	0.833333333333333
"ENSG00000197714"	"ENSG00000197714"	0.000542460977970038	0.0107735330240099	3	1	-0.563140321055634	1	1
"ENSG00000173588"	"ENSG00000173588"	8.41477259929829e-07	0.0109961141952131	7	1	-0.202715316707975	1	1
"ENSG00000151923"	"ENSG00000151923"	1.13737700661356e-20	0.0110097825618607	8	1	0.233695643237537	1	1
"ENSG00000182093"	"ENSG00000182093"	3.7785039797574e-12	0.0110561062755341	6	1	0.189378600834823	1	1
"ENSG00000269556"	"ENSG00000269556"	0.000372664645127304	0.0111158985095746	5	1	0.418194528332739	1	1
"ENSG00000271133"	"ENSG00000271133"	5.32361801059562e-15	0.0111616665542934	5	1	-0.600310562001512	1	1
"ENSG00000117625"	"ENSG00000117625"	2.99110462830296e-10	0.0115361839885936	7	1	0.383357455096493	1	1
"ENSG00000124762"	"ENSG00000124762"	0.0035439743255148	0.0116355390143702	4	1	0.269769304931911	1	1
"ENSG00000145687"	"ENSG00000145687"	0.00639223486828611	0.0116709763901657	6	1	-0.194823084718484	1	1
"ENSG00000100592"	"ENSG00000100592"	8.62302092665828e-27	0.0117800461882928	4	1	-0.254044135089314	1	1
"ENSG00000231160"	"ENSG00000231160"	0.0154307900024211	0.0119180407632776	3	1	-0.445285059303494	1	0.833333333333333
"ENSG00000083544"	"ENSG00000083544"	3.53520213647104e-06	0.0119259497538066	5	2	0.381578710888158	1	0.833333333333333
"ENSG00000144061"	"ENSG00000144061"	2.24163230524412e-07	0.0120927317025454	5	1	0.251722373612283	1	1
"ENSG00000136449"	"ENSG00000136449"	0.000218922848209462	0.0124689837361812	5	1	-0.515942244758285	1	0.833333333333333
"ENSG00000094841"	"ENSG00000094841"	0.00340628163731378	0.0125436598351519	3	1	-0.373702318587515	1	1
"ENSG00000100372"	"ENSG00000100372"	0.0144632051696643	0.01291076233635	3	1	-0.349861789549376	1	1
"ENSG00000151498"	"ENSG00000151498"	9.17578813587072e-05	0.013067299970666	4	1	0.261742929497356	1	1
"ENSG00000166333"	"ENSG00000166333"	1.18772061396679e-17	0.0134346572436599	7	1	0.189999817340817	1	1
"ENSG00000133193"	"ENSG00000133193"	0.0240494979435503	0.0136818676275534	3	1	-0.396033740333832	1	1
"ENSG00000226067"	"ENSG00000226067"	9.5610034846316e-42	0.0138415611748274	10	1	0.408833108532335	1	1
"ENSG00000171466"	"ENSG00000171466"	0.0470961559536492	0.0138593734551113	3	1	-0.261317452858783	1	1
"ENSG00000092148"	"ENSG00000092148"	1.83878295037703e-24	0.0138869472180699	6	1	0.482521803939305	1	0.833333333333333
"ENSG00000124155"	"ENSG00000124155"	1.66632913940192e-14	0.0139390236914015	6	1	0.298340134610843	1	1
"ENSG00000124839"	"ENSG00000124839"	0.00397584708330266	0.0139888849942368	5	1	-0.489656967853905	1	0.833333333333333
"ENSG00000166260"	"ENSG00000166260"	0.000328086951378695	0.0140138699538298	5	1	0.360565233657246	1	1
"ENSG00000166394"	"ENSG00000166394"	0.0448778676836567	0.0140803582512093	3	2	-0.261429843564541	1	1
"ENSG00000116212"	"ENSG00000116212"	1.74759416009427e-21	0.0140943664940704	8	1	-0.196504155895043	1	1
"ENSG00000118246"	"ENSG00000118246"	1.86730311108912e-07	0.0141152699060002	5	1	0.382152882821738	1	1
"ENSG00000119979"	"ENSG00000119979"	5.45378727767704e-13	0.014175182363142	6	2	0.262787621176312	1	1
"ENSG00000004534"	"ENSG00000004534"	8.28848042566613e-15	0.0142107677122068	9	1	0.211764706506279	1	1
"ENSG00000171793"	"ENSG00000171793"	7.63595183394606e-08	0.0143496160322049	3	1	0.512542257078936	1	1
"ENSG00000175106"	"ENSG00000175106"	0.0267031954934608	0.0143900618533656	4	1	0.296529291701076	1	1
"ENSG00000172171"	"ENSG00000172171"	0.0192061211808347	0.0145245725657607	4	1	-0.320923250586091	1	1
"ENSG00000104611"	"ENSG00000104611"	3.28571975045066e-17	0.0146639093362246	7	1	-0.238532110091743	1	1
"ENSG00000118518"	"ENSG00000118518"	0.00522663661634433	0.0147698082177393	8	1	-0.231262330175259	1	0.833333333333333
"ENSG00000100221"	"ENSG00000100221"	7.092127170952e-05	0.0151439651525065	5	1	-0.24627754646158	1	1
"ENSG00000111011"	"ENSG00000111011"	2.51257079161267e-23	0.0151971636143017	12	1	-0.181531892944339	1	1
"ENSG00000107521"	"ENSG00000107521"	1.14508858726823e-08	0.0153436512773301	9	1	-0.199359984263726	1	1
"ENSG00000086504"	"ENSG00000086504"	1.45539397326393e-05	0.0154010886417591	3	1	-0.73861704712136	1	1
"ENSG00000214717"	"ENSG00000214717"	0.000744680464731522	0.0156027922587042	3	1	-0.307289089019262	1	1
"ENSG00000213782"	"ENSG00000213782"	2.51396691408854e-06	0.0157140185788765	4	1	-0.150083060365456	1	1
"ENSG00000071994"	"ENSG00000071994"	2.08406458515782e-05	0.0157321523250748	7	1	0.225459708074476	1	1
"ENSG00000167986"	"ENSG00000167986"	1.52241238502676e-25	0.0159999764053335	4	1	-0.591428481061574	1	1
"ENSG00000225470"	"ENSG00000225470"	4.35329263572059e-17	0.0160102419454016	6	1	0.251229059614055	1	1
"ENSG00000205084"	"ENSG00000205084"	3.04856286054893e-17	0.0162269668556971	4	1	-0.870308824203242	1	0.833333333333333
"ENSG00000075651"	"ENSG00000075651"	0.028517870471912	0.0162980737301679	3	2	-0.404909155370397	1	1
"ENSG00000280071"	"ENSG00000280071"	5.90075882760069e-34	0.0167036904263815	5	1	-0.605644093967149	1	1
"ENSG00000137098"	"ENSG00000137098"	3.03677044660714e-10	0.0168399842496254	9	1	0.211652165114439	1	1
"ENSG00000135919"	"ENSG00000135919"	0.00483964219831309	0.0169321103981138	3	1	0.229320180797546	1	1
"ENSG00000134152"	"ENSG00000134152"	1.55001021515212e-17	0.0170233793888322	6	1	0.222222308356307	1	1
"ENSG00000071051"	"ENSG00000071051"	3.69491499833768e-06	0.0172462251378926	5	1	0.417983333789117	1	0.833333333333333
"ENSG00000127914"	"ENSG00000127914"	2.81479213442480e-09	0.0172581413624793	6	1	-0.205575365059978	1	1
"ENSG00000171124"	"ENSG00000171124"	2.96486964010651e-07	0.0174319424114432	7	1	-0.228929882323015	1	1
"ENSG00000146457"	"ENSG00000146457"	8.93870087340914e-07	0.0182220138607483	8	1	-0.164954705757799	1	1
"ENSG00000142627"	"ENSG00000142627"	9.36528976721123e-56	0.0183591884906104	3	1	0.86429679553771	1	1
"ENSG00000111142"	"ENSG00000111142"	2.3085751848121e-15	0.0185301939341593	5	1	-0.227303265296708	1	1
"ENSG00000039068"	"ENSG00000039068"	4.39930972293403e-13	0.0186281479621942	5	1	-0.560835470450783	1	1
"ENSG00000107816"	"ENSG00000107816"	0.0117681084376419	0.0191388732645445	3	1	0.270441344097305	1	1
"ENSG00000111596"	"ENSG00000111596"	2.99576326532603e-13	0.0192599244705726	7	1	0.192053783126189	1	1
"ENSG00000185808"	"ENSG00000185808"	4.42469455410871e-07	0.019581373157885	5	1	0.463940340111841	1	1
"ENSG00000141349"	"ENSG00000141349"	0.00162239645237649	0.01966580155017	4	1	-0.420438412025881	1	1
"ENSG00000271109"	"ENSG00000271109"	0.000986720176659895	0.0206459645650666	4	1	0.650533418339965	1	0.666666666666667
"ENSG00000123983"	"ENSG00000123983"	1.4366874946923e-05	0.0207456636022383	5	1	0.169033841406816	1	1
"ENSG00000100918"	"ENSG00000100918"	3.81777087840672e-18	0.021024834366461	6	1	-0.489742172541779	1	1
"ENSG00000215187"	"ENSG00000215187"	3.44750289184143e-05	0.0210288458016408	6	1	0.166740097170425	1	1
"ENSG00000128731"	"ENSG00000128731"	1.00810163581385e-17	0.0210876946998334	7	1	-0.344228751105884	1	0.833333333333333
"ENSG00000139218"	"ENSG00000139218"	1.49086260213338e-22	0.0211880124676397	7	1	-0.237777822640568	1	1
"ENSG00000169764"	"ENSG00000169764"	3.57311107385857e-05	0.0216000837204984	4	1	-0.15208577205859	1	1
"ENSG00000108590"	"ENSG00000108590"	2.84098497880034e-05	0.0217978309144971	3	1	-0.606232850220239	1	0.666666666666667
"ENSG00000135951"	"ENSG00000135951"	1.21207181660013e-12	0.0218119871767504	8	1	0.197551734443755	1	1
"ENSG00000171757"	"ENSG00000171757"	0.00149010086889164	0.0222833062103624	4	2	0.240854768100036	1	1
"ENSG00000147535"	"ENSG00000147535"	0.000160307505687982	0.0228375888885017	6	1	0.189653347134703	1	1
"ENSG00000152642"	"ENSG00000152642"	2.34169846937736e-09	0.0233386688656491	3	1	-0.503683696051247	1	1
"ENSG00000072134"	"ENSG00000072134"	0.000162984166403266	0.0239013098957947	4	1	-0.576238602549134	1	0.833333333333333
"ENSG00000121057"	"ENSG00000121057"	1.40183136909316e-05	0.0240815224904802	3	1	-0.517844719154728	1	1
"ENSG00000060642"	"ENSG00000060642"	2.9420262788566e-06	0.0250001502257471	6	1	0.268166678043989	1	1
"ENSG00000228723"	"ENSG00000228723"	0.0382396543637015	0.0258842220416949	3	1	0.136437230216015	1	1
"ENSG00000136197"	"ENSG00000136197"	0.00043356307371945	0.0260392670404488	3	1	0.355291155480777	1	1
"ENSG00000177595"	"ENSG00000177595"	0.00503146696442352	0.026779992322741	3	1	0.487272761463479	1	1
"ENSG00000181284"	"ENSG00000181284"	0.00189728142120101	0.0269086236031027	4	1	-0.2722018489633	1	1
"ENSG00000071082"	"ENSG00000071082"	3.21885951553117e-05	0.0270460277560235	6	1	0.211844401983379	1	1
"ENSG00000086102"	"ENSG00000086102"	1.39181410454047e-07	0.0274179189415175	3	1	-0.520586699789511	1	1
"ENSG00000107949"	"ENSG00000107949"	0.000326504836454748	0.0275213024951943	4	1	-0.187012400283472	1	1
"ENSG00000204564"	"ENSG00000204564"	0.0215880245165573	0.0280885366189958	5	1	0.200384296270504	1	1
"ENSG00000116731"	"ENSG00000116731"	8.36323325502496e-06	0.0287328656037791	7	1	-0.249385386660719	1	1
"ENSG00000177963"	"ENSG00000177963"	6.18575732155856e-12	0.0289972196814524	9	1	-0.286591179444345	1	1
"ENSG00000172037"	"ENSG00000172037"	4.92649084974507e-09	0.0293026884594042	5	1	0.884166821671724	1	0.833333333333333
"ENSG00000081791"	"ENSG00000081791"	0.00867001463204462	0.0303765269543756	5	1	-0.425024932920848	1	0.833333333333333
"ENSG00000106305"	"ENSG00000106305"	0.000134622109952523	0.0305624194932632	3	1	0.150035137850063	1	1
"ENSG00000103495"	"ENSG00000103495"	4.58808916993899e-25	0.0315373363311927	10	1	0.344902579932443	1	1
"ENSG00000110328"	"ENSG00000110328"	2.05912985387537e-07	0.0320578146864995	3	1	0.379923394209297	1	1
"ENSG00000135838"	"ENSG00000135838"	0.000257174083588977	0.0323090732222544	5	1	0.357144420709862	1	1
"ENSG00000008441"	"ENSG00000008441"	6.85837287225352e-05	0.0323963728131525	4	1	0.713745555605456	0.833333333333333	0.666666666666667
"ENSG00000186184"	"ENSG00000186184"	5.72248076882954e-11	0.0328060317416687	7	1	0.184594338047119	1	1
"ENSG00000123130"	"ENSG00000123130"	0.0248227936367627	0.0328258556989762	3	1	-0.17357298478784	1	1
"ENSG00000087470"	"ENSG00000087470"	0.0114879310243452	0.0335030943495383	4	1	0.528197602908456	1	0.833333333333333
"ENSG00000183735"	"ENSG00000183735"	1.18238295100251e-06	0.0340995198852966	5	1	-0.222357517920153	1	1
"ENSG00000244687"	"ENSG00000244687"	0.000731094332694566	0.0342654861793711	7	1	-0.148973929839862	1	1
"ENSG00000177311"	"ENSG00000177311"	5.9846998199176e-14	0.0345541378390107	9	1	0.161986841524379	1	1
"ENSG00000166181"	"ENSG00000166181"	3.25202975421392e-05	0.0348154616145136	6	1	-0.223323917271496	1	1
"ENSG00000137713"	"ENSG00000137713"	0.0164887305149249	0.034875338714873	5	1	-0.447701691133263	1	0.833333333333333
"ENSG00000198429"	"ENSG00000198429"	5.25865901834805e-05	0.0350252887837478	3	2	-0.82977596549422	1	0.833333333333333
"ENSG00000112473"	"ENSG00000112473"	0.0374497361869361	0.0350383758990698	3	1	-0.186201302406074	1	1
"ENSG00000165055"	"ENSG00000165055"	6.73600581600857e-07	0.0368744779842236	3	1	-0.382015180086751	1	1
"ENSG00000005206"	"ENSG00000005206"	9.14151663984328e-08	0.0378943703249015	8	1	-0.192242267972584	1	1
"ENSG00000144401"	"ENSG00000144401"	3.20596844292667e-08	0.0382146177763775	7	1	0.340460814774333	1	1
"ENSG00000090989"	"ENSG00000090989"	3.22089105537512e-07	0.0382366007646096	5	1	0.246896846141299	1	1
"ENSG00000152056"	"ENSG00000152056"	0.033616430236453	0.0383151439593432	3	1	0.252650781026394	1	1
"ENSG00000164548"	"ENSG00000164548"	8.25546519149708e-13	0.0392005601180638	5	1	-0.318894205695006	1	1
"ENSG00000137821"	"ENSG00000137821"	9.22634539547708e-08	0.039331206493028	5	1	-0.724294265570217	1	0.666666666666667
"ENSG00000104825"	"ENSG00000104825"	0.00741097177201696	0.0394067324404324	4	1	0.238158469721266	1	1
"ENSG00000130349"	"ENSG00000130349"	1.01513262018266e-09	0.0399879431362393	4	1	-0.7614916306621	1	0.833333333333333
"ENSG00000054148"	"ENSG00000054148"	0.00267453287782069	0.0401246868131335	3	1	-0.433655950901132	1	0.833333333333333
"ENSG00000156381"	"ENSG00000156381"	0.00117655132610955	0.0404571344789929	5	1	-0.318738869978047	1	1
"ENSG00000138400"	"ENSG00000138400"	0.00832109968288532	0.0408156104104908	4	1	-0.209566423499348	1	1
"ENSG00000196378"	"ENSG00000196378"	0.016845122651932	0.0410632145411038	4	1	0.539312664939924	1	1
"ENSG00000132286"	"ENSG00000132286"	0.00522368905851571	0.0417414415896284	4	1	-0.210067139296257	1	1
"ENSG00000181830"	"ENSG00000181830"	0.000396420192579314	0.0417700770534507	3	1	-0.343234276605409	1	1
"ENSG00000123739"	"ENSG00000123739"	5.86049887439749e-08	0.0425273305569493	3	1	0.348695988932197	1	1
"ENSG00000139597"	"ENSG00000139597"	0.00205635050546125	0.042593257811666	5	1	-0.39662699107484	1	0.833333333333333
"ENSG00000076928"	"ENSG00000076928"	0.00528242674932764	0.0432772659544312	5	1	0.311394010219936	1	1
"ENSG00000212694"	"ENSG00000212694"	0.00285245113827479	0.0435446700376851	4	1	0.379453192618062	1	1
"ENSG00000140995"	"ENSG00000140995"	3.28458445010858e-10	0.0437797414854962	5	1	-0.196241509770154	1	1
"ENSG00000118307"	"ENSG00000118307"	1.0682209503827e-06	0.0438849054449176	7	1	-0.144610068206887	1	1
"ENSG00000109790"	"ENSG00000109790"	0.00256491929006607	0.0448982456774304	3	1	0.302523229810332	1	1
"ENSG00000133597"	"ENSG00000133597"	2.80791160907374e-09	0.0461209137584489	6	1	-0.351107999188188	1	1
"ENSG00000173715"	"ENSG00000173715"	0.0352657423646534	0.0475684834716665	4	1	0.278814847646834	1	1
"ENSG00000115107"	"ENSG00000115107"	1.58718619477745e-11	0.0475844188384185	4	1	-0.67589689238704	1	1
"ENSG00000204954"	"ENSG00000204954"	3.40351935879814e-06	0.0478272319851838	6	1	0.347032486115246	1	1
"ENSG00000110330"	"ENSG00000110330"	7.31605506184604e-07	0.0478731835305609	5	1	-0.255859690875182	1	1
"ENSG00000121067"	"ENSG00000121067"	2.20444193219378e-36	0.0487023995573684	7	1	-0.76490777192583	1	0.833333333333333
"ENSG00000162066"	"ENSG00000162066"	0.000830601228686737	0.0489388133129426	3	1	-0.48202716694504	1	1
