"gene_ID"	"gene_qvalue"	"minimal_tx_qvalue"	"number_tx"	"number_significant_tx"	"max(Ciliated_VIC01_72hpi_child_Infected-Ciliated_uninfected_child_Uninfected)"	"pct_gene_expr"	"max_pct_tx_expr"
"ENSG00000074201"	"ENSG00000074201"	2.05219753371973e-08	0	2	2	-0.734337128405909	1	1
"ENSG00000162419"	"ENSG00000162419"	0.0172524841536058	0	2	2	-0.682875674694219	1	0.666666666666667
"ENSG00000180596"	"ENSG00000180596"	0.00367346383521934	0	2	2	-0.598941139242153	1	0.833333333333333
"ENSG00000224616"	"ENSG00000224616"	1.88791316606161e-05	0	2	2	0.591687114319366	1	1
"ENSG00000233937"	"ENSG00000233937"	0.0288276693473182	0	2	2	-0.563990650002461	1	1
"ENSG00000149273"	"ENSG00000149273"	3.83236365479607e-236	0	2	2	-0.509720683991501	1	1
"ENSG00000129194"	"ENSG00000129194"	0.000493427890022489	0	2	2	-0.471098364384345	1	1
"ENSG00000198692"	"ENSG00000198692"	1.33973832051806e-07	0	2	2	-0.466980718199992	1	1
"ENSG00000100263"	"ENSG00000100263"	0.00238564387548332	0	2	2	-0.465543437094647	1	1
"ENSG00000143947"	"ENSG00000143947"	3.83236365479607e-236	0	2	2	0.440178041325134	1	1
"ENSG00000139990"	"ENSG00000139990"	0.000567090225773743	0	2	2	-0.424110913707584	1	1
"ENSG00000055211"	"ENSG00000055211"	6.57404282748478e-07	0	2	2	-0.423372585073398	1	1
"ENSG00000143252"	"ENSG00000143252"	0.0237691054268427	0	2	2	-0.411537651129691	1	1
"ENSG00000105819"	"ENSG00000105819"	0.000443913693455579	0	2	2	-0.366017888104116	1	1
"ENSG00000183684"	"ENSG00000183684"	6.59188129695669e-06	0	2	2	0.348466160281588	1	1
"ENSG00000158864"	"ENSG00000158864"	3.2451505977776e-22	0	2	2	0.33197504148013	1	1
"ENSG00000144677"	"ENSG00000144677"	0.0374263006089026	0	2	2	-0.32853955360378	1	1
"ENSG00000083535"	"ENSG00000083535"	0.000206968047983771	0	2	2	-0.325521803477329	1	1
"ENSG00000156508"	"ENSG00000156508"	3.83236365479607e-236	0	2	2	0.320193675512003	1	1
"ENSG00000143669"	"ENSG00000143669"	0.0437966533895529	0	2	2	-0.317789968370097	0.833333333333333	0.833333333333333
"ENSG00000047410"	"ENSG00000047410"	0.0160796808825779	0	2	2	0.304801972099687	1	1
"ENSG00000151502"	"ENSG00000151502"	0.00123166026838107	0	2	2	-0.299397621743424	1	1
"ENSG00000237441"	"ENSG00000237441"	0.0499387386690302	0	2	2	0.274107593857831	1	1
"ENSG00000163131"	"ENSG00000163131"	0.00785272665220083	0	2	2	-0.272322499403186	1	1
"ENSG00000185338"	"ENSG00000185338"	0.0153812166794185	0	2	2	0.266611461757459	1	1
"ENSG00000085117"	"ENSG00000085117"	1.73271283716007e-10	0	2	2	0.265788643535364	1	1
"ENSG00000198843"	"ENSG00000198843"	0.000709075679609124	0	2	2	0.262309384161498	1	1
"ENSG00000141295"	"ENSG00000141295"	0.0115086192175138	0	2	2	-0.240632832717181	1	1
"ENSG00000013275"	"ENSG00000013275"	3.77081003729355e-14	0	2	2	0.236250404249777	1	1
"ENSG00000157227"	"ENSG00000157227"	0.00861670927603559	0	2	2	0.235566411320326	1	1
"ENSG00000143314"	"ENSG00000143314"	0.048980872256116	0	2	2	0.230600682142922	1	1
"ENSG00000100744"	"ENSG00000100744"	0.000232106973529745	0	2	2	-0.227639622868644	1	1
"ENSG00000148672"	"ENSG00000148672"	0.0277413339379619	0	2	2	0.218643636465242	1	1
"ENSG00000071553"	"ENSG00000071553"	0.000654538993733122	0	2	2	0.217693253061315	1	1
"ENSG00000162909"	"ENSG00000162909"	1.21563667371324e-23	0	2	2	-0.216293744659034	1	1
"ENSG00000109321"	"ENSG00000109321"	0.00180835559065854	0	2	2	0.20913812200941	1	1
"ENSG00000126698"	"ENSG00000126698"	0.00119147448525399	0	2	2	0.201848194209069	1	1
"ENSG00000137880"	"ENSG00000137880"	0.000100909192516175	0	2	2	-0.192511679818098	1	1
"ENSG00000117758"	"ENSG00000117758"	0.0157528024154767	0	2	2	0.191048700161508	1	1
"ENSG00000164405"	"ENSG00000164405"	1.14185187800885e-10	0	2	2	0.190861292959093	1	1
"ENSG00000147883"	"ENSG00000147883"	0.0233059174463813	0	2	2	0.188555844878063	1	1
"ENSG00000225663"	"ENSG00000225663"	0.0389406571299586	0	2	2	0.183578196780883	1	1
"ENSG00000155066"	"ENSG00000155066"	0.0022513738303461	0	2	2	0.180131721062425	1	1
"ENSG00000198848"	"ENSG00000198848"	0.000537956149690952	0	2	2	0.178790871118707	1	1
"ENSG00000141232"	"ENSG00000141232"	2.03833246677833e-06	0	2	2	-0.178397296532955	1	1
"ENSG00000132386"	"ENSG00000132386"	2.90010246732842e-10	0	2	2	0.174021898787543	1	1
"ENSG00000130725"	"ENSG00000130725"	0.00180889361329096	0	2	2	-0.173010523320769	1	1
"ENSG00000178952"	"ENSG00000178952"	7.64720288379489e-28	0	2	2	-0.16451818726483	1	1
"ENSG00000160201"	"ENSG00000160201"	0.0305165051685208	0	2	2	-0.150784710565339	1	1
"ENSG00000159388"	"ENSG00000159388"	0.000917933914288831	0	2	2	0.14872171161071	1	1
"ENSG00000156411"	"ENSG00000156411"	8.00788419557841e-05	0	2	2	0.143880188015977	1	1
"ENSG00000136936"	"ENSG00000136936"	0.0152865393727163	0	2	2	-0.13609303909113	1	1
"ENSG00000164032"	"ENSG00000164032"	2.9412593103235e-26	0	2	2	-0.131982187715921	1	1
"ENSG00000089280"	"ENSG00000089280"	0.0209732142865999	0	2	2	-0.128012228242209	1	1
"ENSG00000187244"	"ENSG00000187244"	0.0345119281921857	0	2	2	-0.124068111558095	1	1
"ENSG00000128739"	"ENSG00000128739"	0.0286394683116719	0	2	2	-0.114891915632242	1	1
"ENSG00000140319"	"ENSG00000140319"	2.59968325607558e-09	0	2	2	0.11452695192875	1	1
"ENSG00000166165"	"ENSG00000166165"	2.70173399126843e-10	0	2	2	-0.109697537085424	1	1
"ENSG00000173992"	"ENSG00000173992"	0.000561172466853315	0	2	2	-0.10950885530617	1	1
"ENSG00000142409"	"ENSG00000142409"	0.0161658450448266	0	2	2	-0.108367496993129	1	1
"ENSG00000118680"	"ENSG00000118680"	7.29866809510663e-09	0	2	2	-0.108342886160229	1	1
"ENSG00000129625"	"ENSG00000129625"	0.00794518525111	0	2	2	-0.105542688113783	1	1
"ENSG00000160789"	"ENSG00000160789"	0.0296942935382247	0	2	2	0.105310755169844	1	1
"ENSG00000185043"	"ENSG00000185043"	5.79898215441917e-15	0	2	2	-0.101250642616733	1	1
"ENSG00000091640"	"ENSG00000091640"	0.000560687480190453	0	2	2	-0.099839059634884	1	1
"ENSG00000100906"	"ENSG00000100906"	0.0161508307997721	0	2	2	-0.0984469346106038	1	1
"ENSG00000165609"	"ENSG00000165609"	2.52704229423724e-05	0	2	2	-0.0945027275583057	1	1
"ENSG00000167779"	"ENSG00000167779"	0.0106264423387363	0	2	2	0.0944547930898461	1	1
"ENSG00000057149"	"ENSG00000057149"	7.99663934113028e-37	0	2	2	0.0880427842355987	1	1
"ENSG00000104823"	"ENSG00000104823"	3.4425534962871e-09	0	2	2	0.0836958891111899	1	1
"ENSG00000007520"	"ENSG00000007520"	0.0111917624280475	0	2	2	-0.0756712891040931	1	1
"ENSG00000125835"	"ENSG00000125835"	0.0302824233051075	0	2	2	-0.0736281218987161	1	1
"ENSG00000131966"	"ENSG00000131966"	0.0455751310654012	0	2	2	0.0728506716420073	1	1
"ENSG00000155096"	"ENSG00000155096"	0.0259324354776885	0	2	2	-0.0684892560102641	1	1
"ENSG00000163453"	"ENSG00000163453"	0.00638394138534951	0	2	2	0.0632920164081118	1	1
"ENSG00000118418"	"ENSG00000118418"	0.023058608921106	0	2	2	0.0588139908505106	1	1
"ENSG00000165672"	"ENSG00000165672"	0.00250249880075869	0	2	2	0.0587991343206571	1	1
"ENSG00000105993"	"ENSG00000105993"	0.0223723299234181	0	2	2	0.0572239376483582	1	1
"ENSG00000250722"	"ENSG00000250722"	0.0387856862499469	0	2	2	0.0567176935811746	1	1
"ENSG00000187514"	"ENSG00000187514"	6.59734448276018e-09	0	2	2	-0.0561699899879654	1	1
"ENSG00000143621"	"ENSG00000143621"	0.0102139996690423	0	2	2	-0.0552050329822575	1	1
"ENSG00000140391"	"ENSG00000140391"	0.000939455313241449	0	2	2	0.0540645895002668	1	1
"ENSG00000196139"	"ENSG00000196139"	6.51831857099424e-08	0	2	2	-0.047762593056858	1	1
"ENSG00000104904"	"ENSG00000104904"	0.000729021367250169	0	2	2	-0.0449929150765679	1	1
"ENSG00000108602"	"ENSG00000108602"	0.00293621417873893	0	2	2	-0.0399403859766717	1	1
"ENSG00000111640"	"ENSG00000111640"	2.03914923829963e-05	0	2	2	-0.03962154808095	1	1
"ENSG00000006327"	"ENSG00000006327"	0.00639281723208556	0	2	2	0.0383881310027504	1	1
"ENSG00000184009"	"ENSG00000184009"	0.000236050001252553	0	2	2	0.0322781930593448	1	1
"ENSG00000089157"	"ENSG00000089157"	0.0155971742721884	0	2	2	-0.0210129669206183	1	1
"ENSG00000088986"	"ENSG00000088986"	0.034988553616145	0	2	2	0.0209529997015268	1	1
"ENSG00000164919"	"ENSG00000164919"	3.83236365479607e-236	1.99886545992144e-236	4	2	0.850231747137595	1	1
"ENSG00000196754"	"ENSG00000196754"	3.83236365479607e-236	2.90769222018563e-197	5	1	0.794198492173108	1	1
"ENSG00000089356"	"ENSG00000089356"	1.63645874208649e-188	1.93990489545369e-180	3	2	0.45626626052591	1	1
"ENSG00000143416"	"ENSG00000143416"	7.36040029393241e-163	9.03399170609495e-108	4	1	-0.806215477649657	1	1
"ENSG00000104408"	"ENSG00000104408"	4.54996583848749e-217	3.84776213911936e-100	5	1	-0.872412551116751	1	1
"ENSG00000174748"	"ENSG00000174748"	3.83236365479607e-236	3.00122078672197e-93	5	2	-0.791044175871861	1	1
"ENSG00000104529"	"ENSG00000104529"	3.20211006072655e-100	1.5143827903034e-85	3	2	0.427769216758783	1	1
"ENSG00000114125"	"ENSG00000114125"	3.75929220071571e-89	6.40706380942698e-78	5	2	0.656687550472342	1	1
"ENSG00000051620"	"ENSG00000051620"	1.15023273890732e-124	9.62326889763651e-73	3	1	0.510270299594271	1	1
"ENSG00000173457"	"ENSG00000173457"	3.22693396072227e-128	1.81898730370777e-65	3	1	0.5752838294658	1	1
"ENSG00000173812"	"ENSG00000173812"	4.21734226064066e-119	2.68026970612876e-64	4	2	-0.279161500561502	1	1
"ENSG00000183255"	"ENSG00000183255"	3.89674495147247e-71	3.2677324057565e-64	4	2	0.780070007382668	1	1
"ENSG00000147403"	"ENSG00000147403"	6.38933232366441e-81	2.39805707879565e-60	7	1	0.243813523231856	1	1
"ENSG00000173486"	"ENSG00000173486"	3.04784874525338e-80	2.64055257139249e-52	3	1	-0.551309767889413	1	1
"ENSG00000245532"	"ENSG00000245532"	7.16157287457492e-59	3.20917573966541e-52	5	2	0.538165726837112	1	1
"ENSG00000245910"	"ENSG00000245910"	3.15667114160989e-58	2.19981530391831e-47	4	1	-0.822655940953089	1	1
"ENSG00000178741"	"ENSG00000178741"	4.20419479491618e-88	1.71309476293484e-44	3	1	0.408942804392234	1	1
"ENSG00000138777"	"ENSG00000138777"	6.29784354455701e-43	1.48242045692241e-42	4	2	0.866639861034317	1	1
"ENSG00000088832"	"ENSG00000088832"	4.13766703809212e-60	1.15115422096388e-41	3	1	0.655115306477201	1	1
"ENSG00000025708"	"ENSG00000025708"	5.1365978934735e-83	7.32179160104691e-39	5	1	0.468399956503776	1	1
"ENSG00000178585"	"ENSG00000178585"	1.94009344477708e-63	3.45508545297179e-38	5	1	-0.542444857141795	1	1
"ENSG00000185825"	"ENSG00000185825"	6.59157172444461e-73	1.36790165848989e-36	4	1	0.441334094718253	1	1
"ENSG00000198830"	"ENSG00000198830"	6.53687446494642e-95	5.98235005149209e-35	4	1	-0.977709552566116	1	1
"ENSG00000160113"	"ENSG00000160113"	3.1871118576954e-59	2.39896186815741e-32	4	2	-0.393978931552737	1	1
"ENSG00000104695"	"ENSG00000104695"	4.48579526416037e-40	1.04801073209778e-30	5	2	0.502143571153217	1	1
"ENSG00000172809"	"ENSG00000172809"	1.73724510076026e-28	1.86583641974299e-30	5	2	0.649517902020724	1	1
"ENSG00000132274"	"ENSG00000132274"	1.9935778198298e-39	2.42566547548698e-29	5	1	0.732573658680693	1	1
"ENSG00000070756"	"ENSG00000070756"	4.72286174054201e-60	2.54758054623647e-29	5	1	0.457116449329907	1	1
"ENSG00000080824"	"ENSG00000080824"	1.5594337943309e-55	4.09700312117932e-29	3	1	-0.426544830425407	1	1
"ENSG00000113387"	"ENSG00000113387"	2.37398442833465e-54	4.53148639759105e-29	3	2	-0.719563389470436	1	1
"ENSG00000021355"	"ENSG00000021355"	3.52196960054938e-51	7.48143682020939e-29	5	1	-0.577571154115337	1	1
"ENSG00000110321"	"ENSG00000110321"	5.12695538864197e-59	7.62103022250335e-26	8	1	0.379921364604752	1	1
"ENSG00000188659"	"ENSG00000188659"	2.22202790729441e-20	1.08024921126424e-22	6	2	0.835465430249544	1	1
"ENSG00000100359"	"ENSG00000100359"	6.45972689871523e-69	1.06717825477195e-21	8	1	-0.526638854691081	1	1
"ENSG00000213246"	"ENSG00000213246"	9.05355686249333e-41	1.64608190831314e-21	4	1	0.59978226031751	1	1
"ENSG00000115685"	"ENSG00000115685"	2.39664409806315e-23	1.96184878738726e-21	6	3	0.469777690752517	1	1
"ENSG00000041357"	"ENSG00000041357"	3.58359342703567e-58	2.26842844908766e-21	4	2	0.7822551721915	1	1
"ENSG00000149547"	"ENSG00000149547"	3.23670980328511e-25	3.90303906375435e-21	5	1	0.504887580054176	1	1
"ENSG00000115561"	"ENSG00000115561"	3.45921682896669e-98	1.01666995636423e-20	4	1	0.52028054879051	1	1
"ENSG00000067167"	"ENSG00000067167"	5.97942267057897e-45	5.11286706534955e-20	3	1	0.838575167689556	1	1
"ENSG00000257727"	"ENSG00000257727"	3.7098250976656e-54	1.29474258773056e-19	6	1	0.590954478044539	1	1
"ENSG00000029993"	"ENSG00000029993"	9.4076254395422e-33	1.30154160021819e-19	5	1	-0.606679863450788	1	1
"ENSG00000184007"	"ENSG00000184007"	4.28100002941067e-37	2.53990610802467e-19	3	1	0.485643264081553	1	1
"ENSG00000114354"	"ENSG00000114354"	2.28871387031715e-41	9.0297797652747e-19	4	1	-0.354158134578368	1	1
"ENSG00000177082"	"ENSG00000177082"	1.06624263421806e-21	1.39972739304986e-18	6	2	0.545497715654897	1	1
"ENSG00000152904"	"ENSG00000152904"	6.33171962405958e-30	2.75134569990115e-18	5	1	-0.617703477230096	1	1
"ENSG00000104763"	"ENSG00000104763"	3.75258715223334e-28	4.25706165621961e-18	3	1	0.321962116296944	1	1
"ENSG00000166598"	"ENSG00000166598"	6.55439781310245e-25	4.90377096171276e-18	4	1	0.302953384325545	1	1
"ENSG00000115457"	"ENSG00000115457"	6.47551942705745e-28	1.14596237461265e-17	4	1	-0.249353721443615	1	1
"ENSG00000120992"	"ENSG00000120992"	3.63664292024921e-23	1.15660734096973e-17	3	1	-0.347955307609537	1	1
"ENSG00000168259"	"ENSG00000168259"	1.24395775446333e-36	1.4302254235868e-17	4	1	-0.458678517259627	1	1
"ENSG00000183844"	"ENSG00000183844"	3.85173066174262e-57	1.86478328394939e-17	5	1	-0.900387229344572	1	1
"ENSG00000162949"	"ENSG00000162949"	3.47707957979394e-22	3.05026341441822e-17	4	1	-0.210274229752697	1	1
"ENSG00000006625"	"ENSG00000006625"	1.4058564565149e-15	4.04049989424424e-17	3	1	0.216089846528197	1	1
"ENSG00000107372"	"ENSG00000107372"	2.37513277746912e-28	4.53290951788282e-17	6	1	0.467693969422109	1	1
"ENSG00000067836"	"ENSG00000067836"	8.18730838903449e-42	3.05382446394952e-16	6	1	-0.468595931623777	1	1
"ENSG00000100979"	"ENSG00000100979"	3.29430857144408e-33	5.32812053565436e-16	4	1	-0.79593010353238	1	1
"ENSG00000167757"	"ENSG00000167757"	5.27637173451928e-18	3.96290850707438e-15	5	2	0.242069058604843	1	1
"ENSG00000092820"	"ENSG00000092820"	1.94657144017696e-15	4.08870018196708e-15	3	1	0.710466269972568	1	1
"ENSG00000136986"	"ENSG00000136986"	9.98905353656022e-35	5.5814576799565e-15	4	2	0.880832517176232	1	0.833333333333333
"ENSG00000197982"	"ENSG00000197982"	6.91463131677302e-29	1.80792758967459e-14	3	1	-0.290202363333376	1	1
"ENSG00000186395"	"ENSG00000186395"	1.84377835595421e-21	2.01057604996094e-14	4	1	0.451700593720702	1	1
"ENSG00000170296"	"ENSG00000170296"	2.28176099555784e-32	2.2414845219481e-14	3	2	-0.911726115590565	1	1
"ENSG00000146731"	"ENSG00000146731"	1.1973774735408e-32	3.74469829798358e-14	4	1	0.748031159883516	1	1
"ENSG00000102931"	"ENSG00000102931"	2.19893013967655e-22	4.43598448559866e-14	4	1	0.830370590183098	1	0.833333333333333
"ENSG00000241468"	"ENSG00000241468"	2.8016484715588e-15	8.68179631359783e-14	3	2	0.198280022361794	1	1
"ENSG00000163399"	"ENSG00000163399"	6.16228775882848e-160	9.42500617099249e-14	5	1	-0.637825147198304	1	1
"ENSG00000120438"	"ENSG00000120438"	2.68520232356084e-36	1.82536184873087e-13	5	1	-0.441733173948287	1	1
"ENSG00000133818"	"ENSG00000133818"	1.50373902665685e-64	2.34953400376945e-13	6	1	-0.540983617598425	1	1
"ENSG00000128016"	"ENSG00000128016"	2.11741052695834e-29	3.07518692964468e-13	3	1	-0.232453288921843	1	1
"ENSG00000122359"	"ENSG00000122359"	1.17452884387359e-34	3.24708114517771e-13	5	1	-0.278751864179884	1	1
"ENSG00000044115"	"ENSG00000044115"	1.09302016467999e-28	3.48984018030814e-13	4	1	0.674125701525094	1	1
"ENSG00000121073"	"ENSG00000121073"	1.87788672688835e-35	3.70271998193466e-13	5	1	-0.612972660366884	1	1
"ENSG00000102854"	"ENSG00000102854"	3.85790957716975e-69	3.93012825458549e-13	8	1	0.358027456503929	1	1
"ENSG00000133275"	"ENSG00000133275"	2.10403530294382e-12	5.29351349561971e-13	3	2	0.637503159497872	1	1
"ENSG00000177459"	"ENSG00000177459"	4.83972456631118e-19	5.38909587991959e-13	3	1	-0.460354139324088	1	1
"ENSG00000148700"	"ENSG00000148700"	1.63218532300391e-20	6.79182463974756e-13	4	2	-0.621317598022139	1	1
"ENSG00000163634"	"ENSG00000163634"	1.05265182796607e-34	7.0520416952208e-13	5	1	-0.608162294470422	1	1
"ENSG00000165175"	"ENSG00000165175"	4.98294905357618e-21	9.03302294152793e-13	4	1	0.507940361711833	1	1
"ENSG00000104549"	"ENSG00000104549"	2.43204942425099e-13	3.65912158039619e-12	4	1	0.247715317325108	1	1
"ENSG00000168310"	"ENSG00000168310"	1.28442029004748e-15	4.04062537569548e-12	5	1	0.527309046754246	1	1
"ENSG00000137699"	"ENSG00000137699"	1.47808922293874e-25	4.26726479864753e-12	6	2	-0.444659339465395	1	1
"ENSG00000102054"	"ENSG00000102054"	1.12959189306367e-96	6.04150634376102e-12	4	1	0.839806476588003	1	1
"ENSG00000149084"	"ENSG00000149084"	6.99439957437433e-35	6.06791954557043e-12	4	1	0.410445840020782	1	1
"ENSG00000158234"	"ENSG00000158234"	4.97575621285776e-51	6.18152509874955e-12	7	1	0.486486486439405	1	0.833333333333333
"ENSG00000196344"	"ENSG00000196344"	1.38596170608224e-33	6.19274020680323e-12	5	1	0.351741584450204	1	1
"ENSG00000121774"	"ENSG00000121774"	3.91099234949834e-12	8.59957570438907e-12	3	1	-0.508887543916253	1	1
"ENSG00000141424"	"ENSG00000141424"	2.19219690862588e-18	1.05845037334543e-11	4	1	0.565006647282329	1	1
"ENSG00000040341"	"ENSG00000040341"	7.03918359271219e-13	1.25454069668788e-11	5	1	0.649122023411644	1	1
"ENSG00000127022"	"ENSG00000127022"	9.51763601222395e-79	1.26613630173755e-11	5	2	-0.532446208012698	1	1
"ENSG00000198960"	"ENSG00000198960"	1.37953259965272e-14	1.38595513090531e-11	4	1	0.628247832848356	1	1
"ENSG00000100219"	"ENSG00000100219"	7.41004396656792e-29	1.65172251507485e-11	4	1	-0.177224212365751	1	1
"ENSG00000120860"	"ENSG00000120860"	1.6397102159888e-17	2.53348752761114e-11	3	1	0.366897243508852	1	1
"ENSG00000159884"	"ENSG00000159884"	1.26467921936229e-20	2.66570796603257e-11	6	1	0.725488018287644	1	1
"ENSG00000109339"	"ENSG00000109339"	8.81684284340265e-21	3.1510915953594e-11	7	2	0.422763525782061	1	1
"ENSG00000167920"	"ENSG00000167920"	1.17029087332643e-19	3.27554157442732e-11	4	1	-0.418960762806342	1	1
"ENSG00000173171"	"ENSG00000173171"	7.29469612555154e-15	3.41922589808587e-11	4	1	-0.592262519347099	1	1
"ENSG00000106617"	"ENSG00000106617"	4.60073036497361e-17	4.08043181838108e-11	5	1	0.543267008796383	1	1
"ENSG00000085224"	"ENSG00000085224"	1.40770350249919e-15	4.33113485990818e-11	4	1	-0.690111553719805	1	1
"ENSG00000175756"	"ENSG00000175756"	1.60175718684967e-09	4.39228819905717e-11	4	2	0.311250796018348	1	1
"ENSG00000090487"	"ENSG00000090487"	5.54827223926095e-23	1.15272431842393e-10	6	1	-0.428464580856707	1	1
"ENSG00000185104"	"ENSG00000185104"	2.62769345980461e-25	1.32604381275973e-10	5	1	-0.56986252636781	1	1
"ENSG00000143153"	"ENSG00000143153"	4.37267250917845e-107	1.37291134509788e-10	4	1	0.666101464681917	1	1
"ENSG00000258752"	"ENSG00000258752"	5.53334581923755e-19	1.45335724465041e-10	3	1	-0.331918055930217	1	1
"ENSG00000108963"	"ENSG00000108963"	2.92940485707247e-11	1.71732373569109e-10	4	1	0.729417989663381	1	1
"ENSG00000075785"	"ENSG00000075785"	2.04778769228681e-14	2.91190345697442e-10	3	1	0.176295783267766	1	1
"ENSG00000136279"	"ENSG00000136279"	1.03415355115956e-23	5.24735900142743e-10	3	1	0.430751959063797	1	1
"ENSG00000023228"	"ENSG00000023228"	1.91817707838324e-14	5.89405795149397e-10	5	1	0.403134930225606	1	1
"ENSG00000093010"	"ENSG00000093010"	1.163646910052e-54	7.44015328752823e-10	8	2	-0.769496362205977	1	1
"ENSG00000250479"	"ENSG00000250479"	9.0602218740141e-19	9.66853198252716e-10	3	1	0.978569729070197	1	0.666666666666667
"ENSG00000101361"	"ENSG00000101361"	2.60111603940889e-11	1.03454014714208e-09	3	2	0.459717590747926	1	1
"ENSG00000149600"	"ENSG00000149600"	5.38505587021253e-11	1.19112713381879e-09	4	2	-0.475772590104085	1	1
"ENSG00000042753"	"ENSG00000042753"	3.02221305422091e-08	1.20586468916622e-09	4	1	-0.231725010437858	1	1
"ENSG00000139644"	"ENSG00000139644"	1.30381959744282e-22	1.56411961895625e-09	3	1	0.296547849932623	1	1
"ENSG00000108946"	"ENSG00000108946"	8.26197066604763e-36	1.66325503994035e-09	7	2	0.361310246557075	1	1
"ENSG00000065154"	"ENSG00000065154"	1.07241209381321e-10	2.14344808846265e-09	3	1	0.262664672372333	1	1
"ENSG00000185055"	"ENSG00000185055"	2.41406394184955e-15	3.28554745683409e-09	7	1	0.310815710300008	1	1
"ENSG00000124074"	"ENSG00000124074"	9.50001732236783e-12	3.35721525297004e-09	5	1	0.457592772354723	1	1
"ENSG00000113712"	"ENSG00000113712"	1.67308444263603e-81	3.6090000498814e-09	9	1	-0.394565427394043	1	1
"ENSG00000139726"	"ENSG00000139726"	5.07061192929172e-15	3.64435572753029e-09	4	1	0.436283657807264	1	1
"ENSG00000088836"	"ENSG00000088836"	4.79126282404882e-12	3.76947019843258e-09	5	1	-0.680720769256472	1	0.833333333333333
"ENSG00000109083"	"ENSG00000109083"	2.58885914870993e-09	4.21488926424285e-09	4	2	0.435046472198136	1	1
"ENSG00000167136"	"ENSG00000167136"	7.55815032326608e-22	4.3888789954116e-09	3	1	-0.256920970080544	1	1
"ENSG00000146072"	"ENSG00000146072"	1.14253622625153e-18	4.82994634547211e-09	3	1	0.613583966591443	1	1
"ENSG00000163527"	"ENSG00000163527"	8.06950611208605e-11	5.0370873085284e-09	4	1	-0.495340934230884	1	1
"ENSG00000157778"	"ENSG00000157778"	1.22154660869777e-40	6.27169935575664e-09	7	1	0.470291003428438	1	1
"ENSG00000112110"	"ENSG00000112110"	1.66293168391708e-24	6.66105847286216e-09	3	1	-0.256918349228968	1	1
"ENSG00000166037"	"ENSG00000166037"	1.05691655810123e-18	8.47508910775419e-09	5	1	0.571139096183842	1	1
"ENSG00000130396"	"ENSG00000130396"	3.31181071095103e-20	1.36536523668055e-08	4	1	0.59095895822885	1	1
"ENSG00000173588"	"ENSG00000173588"	2.14816096451852e-08	1.75359257388591e-08	7	1	0.646153040613463	1	1
"ENSG00000073584"	"ENSG00000073584"	8.78053715256521e-21	1.84767719685162e-08	8	1	-0.337678426546537	1	1
"ENSG00000181789"	"ENSG00000181789"	2.77025034060993e-13	1.90604808484441e-08	3	1	0.630272135819726	1	1
"ENSG00000168575"	"ENSG00000168575"	8.13297092095939e-32	1.9419566828325e-08	7	1	-0.41478975581005	1	1
"ENSG00000114209"	"ENSG00000114209"	1.96903058215132e-35	1.95319762701247e-08	6	1	-0.309666201547638	1	1
"ENSG00000122565"	"ENSG00000122565"	3.43003442043459e-08	2.1993459006264e-08	5	2	-0.487349315467007	1	1
"ENSG00000078808"	"ENSG00000078808"	8.2629390949134e-13	2.21737663861803e-08	3	1	-0.210032580430329	1	1
"ENSG00000156313"	"ENSG00000156313"	3.30552383576146e-26	2.45332454127384e-08	6	1	0.459990639907148	1	1
"ENSG00000063854"	"ENSG00000063854"	1.03198055313369e-66	2.59859815941928e-08	4	1	-0.447988727841852	1	1
"ENSG00000206199"	"ENSG00000206199"	3.18465709002889e-12	2.62646168752503e-08	5	3	-0.49300416217918	1	1
"ENSG00000154640"	"ENSG00000154640"	1.00365856824345e-09	2.75673356392988e-08	3	1	-0.249061028883884	1	1
"ENSG00000263001"	"ENSG00000263001"	1.11251232120563e-13	3.12375127683181e-08	4	2	0.619316237036826	1	1
"ENSG00000136271"	"ENSG00000136271"	5.93398609719447e-12	3.96974514123105e-08	4	1	-0.524042379854403	1	1
"ENSG00000109670"	"ENSG00000109670"	5.40817401137841e-18	4.23376194695603e-08	8	1	-0.47777735624376	1	1
"ENSG00000133318"	"ENSG00000133318"	1.67988990551923e-20	5.5927570568522e-08	4	1	-0.270389989616146	1	1
"ENSG00000154813"	"ENSG00000154813"	1.31968595684781e-16	6.04105920367574e-08	4	1	-0.659593873466762	1	1
"ENSG00000147533"	"ENSG00000147533"	4.66678072820053e-08	6.12125559226097e-08	3	1	0.341549738982722	1	1
"ENSG00000110536"	"ENSG00000110536"	6.26610141942648e-17	6.23551687327876e-08	6	2	0.519540599571675	1	0.833333333333333
"ENSG00000183421"	"ENSG00000183421"	5.6496347672402e-11	6.32875620278547e-08	3	1	-0.589844549301466	1	1
"ENSG00000108848"	"ENSG00000108848"	1.0077182758687e-10	7.09248067414181e-08	3	1	0.399460764602915	1	1
"ENSG00000123395"	"ENSG00000123395"	1.31251111475562e-10	9.21868049362713e-08	4	1	0.22048945714055	1	1
"ENSG00000100129"	"ENSG00000100129"	1.51168650983321e-82	9.81139727481207e-08	6	1	0.336889333865689	1	1
"ENSG00000108244"	"ENSG00000108244"	1.10062759645613e-06	9.88297008960108e-08	3	1	-0.161474099605552	1	1
"ENSG00000280071"	"ENSG00000280071"	2.61884975430689e-19	1.14262144697687e-07	5	1	-0.446954633885702	1	1
"ENSG00000113282"	"ENSG00000113282"	6.95780031552376e-09	1.22233721916987e-07	7	2	0.29482776013292	1	1
"ENSG00000104164"	"ENSG00000104164"	2.03928275551826e-31	1.37858283310808e-07	5	1	-0.879327819025599	1	0.666666666666667
"ENSG00000146223"	"ENSG00000146223"	5.18492571073679e-22	1.45044782390032e-07	8	1	0.346450846993725	1	1
"ENSG00000136770"	"ENSG00000136770"	1.30629765883154e-09	1.98895142620539e-07	3	1	-0.538296064954444	1	1
"ENSG00000135773"	"ENSG00000135773"	6.39369678286126e-12	2.26031504477115e-07	4	1	0.64667351836199	1	0.833333333333333
"ENSG00000123240"	"ENSG00000123240"	3.60549512086044e-61	2.34803979358832e-07	12	1	-0.418418116008853	1	1
"ENSG00000164442"	"ENSG00000164442"	1.33671080010141e-06	3.4751795661237e-07	3	2	0.24080073211411	1	1
"ENSG00000156453"	"ENSG00000156453"	2.11335272235193e-07	3.49963282031202e-07	4	2	-0.624516395703753	1	1
"ENSG00000078674"	"ENSG00000078674"	4.11256262815878e-33	3.74034891262234e-07	9	1	0.21781005361817	1	1
"ENSG00000163093"	"ENSG00000163093"	1.99026960476328e-06	4.54916630765082e-07	4	1	0.63659121385485	1	1
"ENSG00000170873"	"ENSG00000170873"	2.39334374789651e-07	5.03899055684367e-07	5	1	0.436745739925563	1	1
"ENSG00000198736"	"ENSG00000198736"	7.09734512132867e-10	5.34889361274533e-07	3	1	-0.410401066181041	1	1
"ENSG00000132780"	"ENSG00000132780"	4.36120238999152e-05	5.40520431268869e-07	6	1	-0.244097919227362	1	1
"ENSG00000105388"	"ENSG00000105388"	7.31296269354847e-11	5.5248610603955e-07	5	1	-0.648715864420061	1	0.833333333333333
"ENSG00000111907"	"ENSG00000111907"	2.52287244911272e-05	8.28313523959437e-07	5	2	-0.333129506706373	1	1
"ENSG00000117528"	"ENSG00000117528"	3.27382322363437e-17	8.53068549584304e-07	4	2	0.819436672299384	1	0.833333333333333
"ENSG00000151715"	"ENSG00000151715"	1.64794272378184e-07	1.01775025274236e-06	5	2	0.2744766356668	1	1
"ENSG00000132286"	"ENSG00000132286"	1.5910152405121e-06	1.1261021077842e-06	4	2	0.393768671506597	1	1
"ENSG00000147676"	"ENSG00000147676"	2.52380660407231e-16	1.20172885142511e-06	4	1	-0.189000096329551	1	1
"ENSG00000081277"	"ENSG00000081277"	2.4517378135314e-10	1.27465062065443e-06	3	1	-0.791538555999494	1	1
"ENSG00000105655"	"ENSG00000105655"	1.46878723147797e-32	1.32963253054138e-06	5	1	0.369862429728998	1	1
"ENSG00000152642"	"ENSG00000152642"	2.22380575424748e-10	1.61233970943577e-06	3	1	0.631081635133377	1	0.833333333333333
"ENSG00000205336"	"ENSG00000205336"	3.51647800696451e-06	1.84095322420346e-06	3	1	0.622801873467064	1	1
"ENSG00000140943"	"ENSG00000140943"	6.6575859723942e-19	2.11099836186768e-06	4	1	0.341145590549408	1	1
"ENSG00000231160"	"ENSG00000231160"	7.84812583794923e-06	2.23727122907931e-06	3	2	0.480325746556713	1	0.833333333333333
"ENSG00000101246"	"ENSG00000101246"	4.13785579871637e-17	2.33078937904733e-06	7	1	0.415030505029046	1	1
"ENSG00000158435"	"ENSG00000158435"	1.10155246629953e-06	2.57508328992568e-06	4	1	0.401319358100209	1	1
"ENSG00000100284"	"ENSG00000100284"	2.55228643112595e-05	2.63391906804226e-06	6	1	0.57938719859253	1	0.833333333333333
"ENSG00000204344"	"ENSG00000204344"	9.46050860875525e-14	3.47580880643798e-06	6	1	0.382607797749778	1	1
"ENSG00000124155"	"ENSG00000124155"	1.09987110564022e-10	3.55921991685646e-06	3	1	0.361551107977953	1	1
"ENSG00000176945"	"ENSG00000176945"	6.77017412320049e-12	4.4345838778615e-06	7	1	-0.290345741935111	1	1
"ENSG00000148341"	"ENSG00000148341"	1.33655732775415e-18	4.79283966674644e-06	7	2	-0.195923289488017	1	1
"ENSG00000064419"	"ENSG00000064419"	1.00770215082847e-05	4.98508689084482e-06	3	1	0.76341629668202	1	1
"ENSG00000143622"	"ENSG00000143622"	3.42642287170329e-21	5.20007682307629e-06	6	1	0.411820210119772	1	1
"ENSG00000064199"	"ENSG00000064199"	3.22368522821702e-41	5.72144767198484e-06	3	1	0.983357687796617	1	0.833333333333333
"ENSG00000177479"	"ENSG00000177479"	7.91407776459304e-06	6.24963145810606e-06	7	1	0.458096280548598	1	1
"ENSG00000175106"	"ENSG00000175106"	3.27809919617139e-05	6.46525897569925e-06	3	1	0.607337505214663	1	1
"ENSG00000104979"	"ENSG00000104979"	2.44656663717046e-19	6.59833737157109e-06	4	2	0.901644422982738	1	1
"ENSG00000109180"	"ENSG00000109180"	2.00048559620694e-30	6.69555045295119e-06	4	1	0.17280040812519	1	1
"ENSG00000057663"	"ENSG00000057663"	7.38256186090176e-12	6.74536268766691e-06	6	2	-0.355159432461086	1	1
"ENSG00000077942"	"ENSG00000077942"	1.145600668838e-09	7.64560908760957e-06	4	1	0.224017365138903	1	1
"ENSG00000236287"	"ENSG00000236287"	7.03221001822783e-06	8.27473760797145e-06	4	1	0.57214892332946	1	1
"ENSG00000197748"	"ENSG00000197748"	5.67683309432513e-12	8.27513726437861e-06	6	1	0.326988139337619	1	1
"ENSG00000181085"	"ENSG00000181085"	1.37514612368976e-12	8.34875680742615e-06	7	1	0.325242633098426	1	1
"ENSG00000100918"	"ENSG00000100918"	1.65997431479622e-15	8.52671668796373e-06	5	1	0.557637194361408	1	1
"ENSG00000243789"	"ENSG00000243789"	3.16680480407364e-08	8.55786279874266e-06	4	1	0.410800450402173	1	1
"ENSG00000132470"	"ENSG00000132470"	1.44404104735164e-49	8.7593243340272e-06	8	1	-0.41544624124204	1	1
"ENSG00000183734"	"ENSG00000183734"	4.92272646646868e-08	8.86538151954252e-06	3	1	-0.507436813356836	1	1
"ENSG00000204618"	"ENSG00000204618"	1.42941984452003e-07	9.5323349747574e-06	4	2	-0.262467124996665	1	1
"ENSG00000196352"	"ENSG00000196352"	7.03945176519747e-10	9.79399998802559e-06	5	1	-0.214234478836274	1	1
"ENSG00000136147"	"ENSG00000136147"	3.02287800586624e-08	1.14510033595858e-05	6	1	0.419362425297479	1	1
"ENSG00000102119"	"ENSG00000102119"	5.85117267986612e-21	1.1499201282606e-05	5	1	0.372354288705619	1	1
"ENSG00000182934"	"ENSG00000182934"	9.41710773669068e-08	1.22963447195084e-05	4	1	0.290773706568753	1	1
"ENSG00000128626"	"ENSG00000128626"	0.000108283105475786	1.23151625429369e-05	3	2	0.326431762879101	1	1
"ENSG00000169228"	"ENSG00000169228"	1.0594634540882e-09	1.26942198881307e-05	5	1	0.467015635198179	1	1
"ENSG00000177427"	"ENSG00000177427"	3.01765852491538e-07	1.37842779429069e-05	3	1	-0.558588177561565	1	1
"ENSG00000139597"	"ENSG00000139597"	9.93761789561095e-05	1.42607296414932e-05	5	1	0.749998868780575	1	0.833333333333333
"ENSG00000134108"	"ENSG00000134108"	1.7790390001057e-07	1.47643068726429e-05	4	1	-0.592466966144692	1	0.833333333333333
"ENSG00000136235"	"ENSG00000136235"	1.36112877988352e-08	1.51723807180386e-05	6	2	-0.318529029397218	1	1
"ENSG00000274265"	"ENSG00000274265"	1.31357498291324e-08	1.61941804880207e-05	5	1	0.291297400675919	1	1
"ENSG00000166145"	"ENSG00000166145"	9.76057362851519e-37	1.62011254656706e-05	8	1	0.275752946937802	1	1
"ENSG00000046647"	"ENSG00000046647"	1.19776217123537e-14	1.66439944948929e-05	5	2	0.487179366465686	1	1
"ENSG00000144908"	"ENSG00000144908"	6.60889462472832e-09	1.75547908040632e-05	8	1	-0.327047673834269	1	1
"ENSG00000138668"	"ENSG00000138668"	1.29438101689873e-06	1.7687121256469e-05	6	2	0.253374704301062	1	1
"ENSG00000114446"	"ENSG00000114446"	5.80747709768428e-08	1.95665075541333e-05	3	1	0.949548848055503	1	0.666666666666667
"ENSG00000169359"	"ENSG00000169359"	6.27280253281489e-15	1.97896371144544e-05	4	1	-0.829783574600343	1	0.833333333333333
"ENSG00000132356"	"ENSG00000132356"	9.99131768216164e-12	1.99341662615504e-05	3	2	-0.647365464499005	1	1
"ENSG00000005801"	"ENSG00000005801"	2.10079932270512e-08	2.077977072695e-05	6	2	0.529184370575592	1	0.833333333333333
"ENSG00000154518"	"ENSG00000154518"	1.56336927725314e-06	2.19943947338414e-05	5	1	0.29957908289202	1	1
"ENSG00000107262"	"ENSG00000107262"	4.71047773557297e-09	2.26004285223563e-05	3	1	-0.381560336405299	1	1
"ENSG00000160838"	"ENSG00000160838"	7.22009503003942e-08	2.3027330026769e-05	5	1	0.290990659255206	1	1
"ENSG00000155324"	"ENSG00000155324"	3.55842599894146e-10	2.31451695269523e-05	7	1	0.489766719840209	1	1
"ENSG00000072042"	"ENSG00000072042"	3.37414257972928e-06	2.49829844604432e-05	3	1	0.191958116591465	1	1
"ENSG00000023572"	"ENSG00000023572"	4.63291178017312e-10	2.56847235308101e-05	3	1	0.395965867978729	1	1
"ENSG00000137693"	"ENSG00000137693"	3.87134764232236e-09	2.76438572131554e-05	5	2	-0.519607395291235	1	1
"ENSG00000100083"	"ENSG00000100083"	1.21775867603973e-09	2.90397856440014e-05	4	1	-0.437464659099954	1	1
"ENSG00000100225"	"ENSG00000100225"	2.98793188806263e-07	3.30084855335009e-05	5	1	0.263544427296488	1	1
"ENSG00000204711"	"ENSG00000204711"	1.12274700281918e-18	3.52029901646262e-05	7	1	-0.229626459831807	1	1
"ENSG00000118705"	"ENSG00000118705"	3.55162997941021e-11	3.92044128421519e-05	3	1	0.270268411442569	1	1
"ENSG00000271133"	"ENSG00000271133"	2.0366346018813e-15	4.02127308825154e-05	5	1	0.728574221544743	1	1
"ENSG00000149573"	"ENSG00000149573"	0.000217759933218064	4.46255862053626e-05	4	1	0.210242682087859	1	1
"ENSG00000064490"	"ENSG00000064490"	2.34605052134658e-23	4.48304891138304e-05	6	1	-0.456084114042013	1	1
"ENSG00000161249"	"ENSG00000161249"	0.000163963651003356	4.6717931629536e-05	10	1	0.14028847951533	1	1
"ENSG00000132463"	"ENSG00000132463"	3.91049352374806e-20	4.81233721104223e-05	8	1	0.361126159141904	1	1
"ENSG00000137274"	"ENSG00000137274"	2.18632879555768e-27	4.83194202642396e-05	4	1	0.65026895348886	1	1
"ENSG00000111834"	"ENSG00000111834"	9.67134140378998e-07	4.98052081833483e-05	3	1	-0.496833602139456	1	1
"ENSG00000170571"	"ENSG00000170571"	4.77194191768707e-17	5.01628478018425e-05	4	1	0.688246407904243	1	1
"ENSG00000104852"	"ENSG00000104852"	1.30521701023235e-17	5.18217617872196e-05	4	1	-0.212861613797621	1	1
"ENSG00000177830"	"ENSG00000177830"	5.43565693409802e-14	5.50160201750697e-05	4	2	-0.601421916796393	1	1
"ENSG00000092330"	"ENSG00000092330"	0.000334316087629335	5.54470443901554e-05	4	2	0.296115745501265	1	1
"ENSG00000096093"	"ENSG00000096093"	2.20291853033884e-20	5.91183858052481e-05	7	1	0.199412803466392	1	1
"ENSG00000131871"	"ENSG00000131871"	2.2308775041893e-13	6.07152002995311e-05	3	1	-0.233755369393364	1	1
"ENSG00000134686"	"ENSG00000134686"	3.07708993663444e-12	6.23577353192816e-05	5	1	0.57461933732018	1	1
"ENSG00000117394"	"ENSG00000117394"	2.15734557071677e-07	6.5650983037107e-05	4	3	-0.331004068049208	1	1
"ENSG00000137492"	"ENSG00000137492"	7.95486454268862e-23	6.70982889636546e-05	8	1	-0.490562318551537	1	0.666666666666667
"ENSG00000105176"	"ENSG00000105176"	7.01863785245608e-11	7.34440244606049e-05	7	1	0.28020746248804	1	0.833333333333333
"ENSG00000077585"	"ENSG00000077585"	1.0836519453309e-09	7.7917171477228e-05	4	1	-0.320490109092153	1	1
"ENSG00000104047"	"ENSG00000104047"	0.000185055725965958	8.2386263216417e-05	5	1	0.329585094861793	1	1
"ENSG00000099849"	"ENSG00000099849"	7.04860450307804e-14	8.28899250295427e-05	8	1	0.197825090517856	1	1
"ENSG00000155287"	"ENSG00000155287"	5.10951613365419e-05	8.37018065003963e-05	3	1	0.378018329986264	1	1
"ENSG00000151929"	"ENSG00000151929"	1.02038375631518e-09	8.85848307134511e-05	3	1	-0.629067540112037	1	1
"ENSG00000164924"	"ENSG00000164924"	5.77741476434733e-22	8.93540879085769e-05	8	1	0.244482408865515	1	1
"ENSG00000172062"	"ENSG00000172062"	4.29721222617923e-05	9.01593594503838e-05	4	1	0.399661500832332	1	1
"ENSG00000112972"	"ENSG00000112972"	2.52232360947045e-06	9.07914915428655e-05	5	1	0.357889962950678	1	1
"ENSG00000139168"	"ENSG00000139168"	4.50731778766634e-10	9.74153616522691e-05	4	1	0.811849146703939	1	0.833333333333333
"ENSG00000172845"	"ENSG00000172845"	9.97630761641621e-22	0.000102542872927559	7	2	0.372090513216543	1	0.833333333333333
"ENSG00000186184"	"ENSG00000186184"	7.77185104019255e-19	0.000104950825346456	6	1	0.336536456265205	1	1
"ENSG00000104611"	"ENSG00000104611"	2.01017994399148e-19	0.000105776680157253	7	2	-0.338643177261833	1	1
"ENSG00000114861"	"ENSG00000114861"	1.42526234012064e-19	0.000109759460599053	11	1	0.301587733547817	1	1
"ENSG00000185033"	"ENSG00000185033"	0.000813719795339486	0.000118905720329021	3	2	0.293057647139774	1	1
"ENSG00000128923"	"ENSG00000128923"	2.68695393706744e-11	0.000120208746892703	3	1	0.518666465982967	1	1
"ENSG00000174206"	"ENSG00000174206"	0.000474832747084094	0.000124490967603836	3	1	-0.769487100033501	1	0.833333333333333
"ENSG00000140044"	"ENSG00000140044"	3.00290988736732e-05	0.000134633595642867	3	1	-0.510377298194158	1	1
"ENSG00000081307"	"ENSG00000081307"	5.01529679994409e-05	0.000138810196717009	4	1	0.530230879192602	1	1
"ENSG00000120805"	"ENSG00000120805"	2.1833841497481e-13	0.000140724692121188	4	1	0.24104181690895	1	1
"ENSG00000062194"	"ENSG00000062194"	3.77309803580227e-15	0.000143957930548606	8	1	-0.278873497093549	1	1
"ENSG00000122877"	"ENSG00000122877"	3.03594126639284e-05	0.000152342092929221	3	1	0.53342330295001	1	1
"ENSG00000167232"	"ENSG00000167232"	6.6058475313775e-21	0.000154814772306108	5	1	0.736462828288184	1	1
"ENSG00000016602"	"ENSG00000016602"	5.4313573187133e-07	0.00016106444972718	3	1	-0.764712531086153	1	1
"ENSG00000133640"	"ENSG00000133640"	6.82011060926114e-05	0.000162634162756517	4	1	-0.60219852162375	1	1
"ENSG00000135535"	"ENSG00000135535"	3.53671189848886e-40	0.000179228278600919	6	1	0.168475758314423	1	1
"ENSG00000170881"	"ENSG00000170881"	5.39724506303837e-05	0.000180816832615489	3	1	0.334707541987187	1	1
"ENSG00000171124"	"ENSG00000171124"	1.02180837727766e-08	0.000186296293100712	7	1	0.219107925197054	1	1
"ENSG00000188290"	"ENSG00000188290"	0.000518755814031644	0.000189753990070283	3	2	0.176430486610607	1	1
"ENSG00000168268"	"ENSG00000168268"	0.000859816340437629	0.000198363396310004	3	2	0.419412643395081	1	1
"ENSG00000111348"	"ENSG00000111348"	4.16142045834136e-07	0.000199302205219243	3	1	0.139757509185106	1	1
"ENSG00000114120"	"ENSG00000114120"	2.34243277186565e-06	0.000201497516585615	7	1	0.287719010839655	1	1
"ENSG00000067182"	"ENSG00000067182"	3.92957441051263e-07	0.000201865516075018	3	1	0.198197046266215	1	1
"ENSG00000158201"	"ENSG00000158201"	3.24613882633377e-05	0.000204044248252744	5	1	0.357154321237783	1	1
"ENSG00000164930"	"ENSG00000164930"	1.80328104478441e-31	0.00021547313960263	6	1	-0.746248704879391	1	1
"ENSG00000081154"	"ENSG00000081154"	0.000516041301216605	0.000215532794264895	4	2	0.29585000247787	1	1
"ENSG00000157601"	"ENSG00000157601"	1.63690935470155e-37	0.000218726217216565	6	1	0.286301523888565	1	1
"ENSG00000141380"	"ENSG00000141380"	1.31598406453112e-14	0.000225518463448025	6	1	0.285358170869076	1	1
"ENSG00000229891"	"ENSG00000229891"	0.000447431621931977	0.000257817224559917	3	1	-0.588728394207556	1	1
"ENSG00000173801"	"ENSG00000173801"	5.94291813519828e-41	0.000273670049210897	8	2	-0.511680128338002	1	1
"ENSG00000140350"	"ENSG00000140350"	0.00229338569679234	0.000277861701795954	4	2	-0.265545042578107	1	1
"ENSG00000111912"	"ENSG00000111912"	1.88924250136368e-16	0.000352122608769905	6	1	0.185240698998665	1	1
"ENSG00000105357"	"ENSG00000105357"	1.71595338720986e-21	0.000360643778169718	6	1	0.462239324110625	1	1
"ENSG00000106077"	"ENSG00000106077"	0.000124270705569174	0.000387901103076459	7	1	0.243980898197532	1	1
"ENSG00000154080"	"ENSG00000154080"	0.000987835825218777	0.000399416640529719	3	2	0.19990461435063	1	1
"ENSG00000153786"	"ENSG00000153786"	0.000823033846981215	0.000399920317095576	5	1	0.415228909192936	1	1
"ENSG00000127955"	"ENSG00000127955"	0.0016386280733437	0.000401892673652236	4	2	-0.471289440235958	1	1
"ENSG00000115641"	"ENSG00000115641"	0.00312853212977847	0.000411496864672653	5	1	0.158562942265204	1	1
"ENSG00000141543"	"ENSG00000141543"	1.79792149427968e-09	0.000412316128087784	3	1	0.947678747901793	1	0.666666666666667
"ENSG00000108604"	"ENSG00000108604"	2.83334321452098e-07	0.00043799574369121	4	1	-0.385541939139135	1	1
"ENSG00000183283"	"ENSG00000183283"	1.19750741130365e-11	0.000451310646727556	5	2	0.255208458490445	1	1
"ENSG00000185339"	"ENSG00000185339"	5.27772265818506e-10	0.000455634762132913	5	2	-0.378049604780511	1	1
"ENSG00000243989"	"ENSG00000243989"	1.87699105970267e-06	0.000479634540200063	3	1	-0.364839757927612	1	1
"ENSG00000198931"	"ENSG00000198931"	2.23241677370543e-08	0.000517039572212465	3	1	0.163432874535083	1	1
"ENSG00000146733"	"ENSG00000146733"	8.13815290396363e-10	0.000541096961784188	4	1	0.377170321416421	1	1
"ENSG00000107949"	"ENSG00000107949"	3.39305149350294e-05	0.000553287873937327	4	1	0.281428469905428	1	1
"ENSG00000226067"	"ENSG00000226067"	6.14756848184308e-14	0.000554926982704933	8	1	-0.382016111947803	1	1
"ENSG00000117226"	"ENSG00000117226"	4.59679421292706e-40	0.000555588038510467	8	1	0.437497602407272	1	1
"ENSG00000134504"	"ENSG00000134504"	2.72881353378051e-05	0.000555644841594784	7	1	0.325204351670531	1	1
"ENSG00000151726"	"ENSG00000151726"	8.34027940351974e-09	0.000587013841996554	4	1	0.682608993548923	1	0.833333333333333
"ENSG00000087448"	"ENSG00000087448"	1.65382352097281e-06	0.000625496844381187	3	1	-0.869016694033191	1	0.666666666666667
"ENSG00000197451"	"ENSG00000197451"	6.35628074739937e-05	0.000631663638724205	3	1	0.287889611515153	1	1
"ENSG00000140254"	"ENSG00000140254"	0.000145882069905608	0.000649756235814443	3	1	-0.382533440564934	1	1
"ENSG00000147274"	"ENSG00000147274"	1.62798849410289e-13	0.000651794992290031	5	1	0.285271389440588	1	1
"ENSG00000167165"	"ENSG00000167165"	0.000180359549487094	0.000668892645390813	3	1	-0.757495704199659	0.833333333333333	0.833333333333333
"ENSG00000167380"	"ENSG00000167380"	9.82274315514367e-05	0.000673945721526519	5	1	0.44528108531694	1	0.833333333333333
"ENSG00000157992"	"ENSG00000157992"	1.63962072790116e-07	0.00068681218573641	5	1	0.261656983860852	1	1
"ENSG00000162852"	"ENSG00000162852"	1.47925499787288e-07	0.000702979362205607	3	1	-0.764611391997538	1	1
"ENSG00000012211"	"ENSG00000012211"	2.73998244490976e-08	0.000721996879117764	4	2	-0.787231897393232	0.833333333333333	0.5
"ENSG00000141030"	"ENSG00000141030"	7.02770469146197e-19	0.000737375391230087	5	1	0.574587960418808	1	1
"ENSG00000117143"	"ENSG00000117143"	0.000393949040188709	0.00078142235931652	4	2	0.239819095203109	1	1
"ENSG00000146282"	"ENSG00000146282"	0.0016599549656692	0.000787981090492296	5	1	0.15764169989897	1	1
"ENSG00000129151"	"ENSG00000129151"	3.2574702455214e-05	0.000799191561347897	4	1	0.539705261305047	1	0.833333333333333
"ENSG00000188486"	"ENSG00000188486"	5.0959347270082e-06	0.000834784706758507	3	1	-0.180105811128586	1	1
"ENSG00000157637"	"ENSG00000157637"	1.11164723091702e-05	0.000872929026676745	3	1	0.424803554262882	1	1
"ENSG00000056972"	"ENSG00000056972"	0.000860228554977412	0.000875288896249693	3	1	-0.559252198790152	1	1
"ENSG00000215068"	"ENSG00000215068"	2.33443355821268e-07	0.000880244015235607	4	1	-0.575263808139382	1	1
"ENSG00000103342"	"ENSG00000103342"	4.58559283669798e-24	0.000955464308698504	3	1	-0.640777259708388	1	1
"ENSG00000175348"	"ENSG00000175348"	4.95969674038447e-08	0.000972356009756516	4	1	-0.197202385133399	1	1
"ENSG00000134077"	"ENSG00000134077"	1.15845466930918e-05	0.000976390535351267	3	1	-0.38109811762252	1	1
"ENSG00000104450"	"ENSG00000104450"	7.62469968752525e-23	0.00100103424893117	10	1	0.30645210218399	1	1
"ENSG00000138674"	"ENSG00000138674"	1.3252784385305e-19	0.00101816766603935	8	1	0.260619662254947	1	1
"ENSG00000196236"	"ENSG00000196236"	5.35757650639349e-05	0.00104852349985877	3	1	0.398913924511555	1	1
"ENSG00000135932"	"ENSG00000135932"	8.42043030618754e-14	0.00108484612690611	4	1	-0.312957206974972	1	1
"ENSG00000135750"	"ENSG00000135750"	9.51031324181094e-17	0.00112158542706224	3	1	-0.652602587270227	1	1
"ENSG00000173575"	"ENSG00000173575"	1.07442989013604e-08	0.00112642427719993	3	1	-0.26243914865617	1	1
"ENSG00000157259"	"ENSG00000157259"	1.15906699288153e-06	0.00114783487675632	4	1	0.379633080402641	1	1
"ENSG00000176915"	"ENSG00000176915"	0.002249892803519	0.00116913918127036	3	1	-0.172134357264783	1	1
"ENSG00000257923"	"ENSG00000257923"	0.00178831581702731	0.00119627562331871	4	2	0.383468778911992	1	1
"ENSG00000224259"	"ENSG00000224259"	0.0067673468860915	0.00121176160776902	3	2	0.260000716171075	1	1
"ENSG00000184983"	"ENSG00000184983"	0.00338683241707893	0.00122581670603731	3	1	0.189146370114572	1	1
"ENSG00000144566"	"ENSG00000144566"	6.92232749541006e-10	0.00123917233711973	4	1	0.353422614066281	1	1
"ENSG00000071127"	"ENSG00000071127"	1.18439811498214e-11	0.00125394577546178	4	1	-0.272940046778009	1	1
"ENSG00000112699"	"ENSG00000112699"	6.67953209659963e-14	0.0012574169228039	5	1	-0.193768286089145	1	1
"ENSG00000052126"	"ENSG00000052126"	6.44053621645654e-08	0.0012603733236999	4	1	-0.36829839403112	1	1
"ENSG00000111196"	"ENSG00000111196"	0.00170752041206384	0.00126537331267452	3	1	-0.634925775695186	1	1
"ENSG00000104765"	"ENSG00000104765"	1.28534239713241e-06	0.0012681674267836	3	1	0.229286671053441	1	1
"ENSG00000071051"	"ENSG00000071051"	0.000885219229732491	0.00128186124114408	5	1	0.266037015752496	1	1
"ENSG00000112539"	"ENSG00000112539"	1.87802575992048e-09	0.00134897207002514	6	1	-0.435980825515866	1	1
"ENSG00000204673"	"ENSG00000204673"	3.56501571541582e-10	0.00136505973507824	4	1	0.694379016702845	1	0.833333333333333
"ENSG00000129226"	"ENSG00000129226"	3.50674970749821e-06	0.00143907944865795	5	1	0.472610742434886	1	0.833333333333333
"ENSG00000218739"	"ENSG00000218739"	0.000264403202040394	0.00143973944509545	3	1	0.233288341055928	1	1
"ENSG00000186480"	"ENSG00000186480"	0.00521256425985726	0.0014647511681128	3	2	0.307587119590044	1	1
"ENSG00000010270"	"ENSG00000010270"	8.56170091402626e-05	0.00147970692000846	4	1	-0.302943866953435	1	1
"ENSG00000111725"	"ENSG00000111725"	0.000449086388561719	0.00150085549474369	4	1	-0.694734694259678	1	1
"ENSG00000163071"	"ENSG00000163071"	1.13970214141414e-07	0.00154477697185702	6	1	-0.467885967028165	1	0.666666666666667
"ENSG00000144136"	"ENSG00000144136"	1.36778568673009e-05	0.00155218549566356	3	1	-0.329527234990112	1	1
"ENSG00000172493"	"ENSG00000172493"	2.64666633899656e-05	0.00155803835897523	4	1	0.470964290385641	1	1
"ENSG00000120910"	"ENSG00000120910"	0.000632839900546929	0.00155916276886435	4	1	0.388087471495628	1	1
"ENSG00000164675"	"ENSG00000164675"	0.00303651352687588	0.00156425618274003	3	2	0.344658499741362	1	1
"ENSG00000119431"	"ENSG00000119431"	6.23352933463388e-05	0.00160069366896436	3	1	0.214183859194084	1	1
"ENSG00000170619"	"ENSG00000170619"	1.71666607464884e-05	0.0016044602158126	4	1	0.257873919985174	1	1
"ENSG00000141504"	"ENSG00000141504"	2.99388847923478e-13	0.00170192091690186	4	1	-0.35198525765158	1	1
"ENSG00000099875"	"ENSG00000099875"	6.15828589434705e-05	0.00170574810981896	4	2	0.212363442466257	1	1
"ENSG00000102100"	"ENSG00000102100"	0.00278068321008653	0.00173112244830594	4	1	0.35973624085735	1	1
"ENSG00000178028"	"ENSG00000178028"	0.00898624210477373	0.00177217741238968	3	1	0.264307911739628	1	1
"ENSG00000107968"	"ENSG00000107968"	7.35407541970743e-15	0.00177548262496666	8	1	0.395992121248306	1	0.833333333333333
"ENSG00000172831"	"ENSG00000172831"	6.54208197143444e-13	0.00178146020552692	4	1	0.557957302003455	1	1
"ENSG00000204256"	"ENSG00000204256"	4.09387296819683e-12	0.00183377512154175	4	1	0.548567334430775	1	1
"ENSG00000108641"	"ENSG00000108641"	0.00078228339388525	0.00187163631021709	5	1	-0.285870177309745	1	1
"ENSG00000100949"	"ENSG00000100949"	6.54895848129165e-05	0.00189776193701219	3	1	-0.349125627903093	1	1
"ENSG00000104824"	"ENSG00000104824"	1.88972914911824e-05	0.00192345194566889	5	1	-0.145629178204894	1	1
"ENSG00000121749"	"ENSG00000121749"	0.000585574894851347	0.00195338460145952	4	1	0.442579964616033	1	1
"ENSG00000213366"	"ENSG00000213366"	0.00176785617941142	0.00204630281985814	5	1	0.370880086330452	1	0.833333333333333
"ENSG00000086189"	"ENSG00000086189"	1.12998760433305e-06	0.0021234024099748	4	1	-0.624447633254842	1	0.833333333333333
"ENSG00000158604"	"ENSG00000158604"	4.94799137333016e-06	0.00213191854864822	4	1	-0.644481625234555	1	1
"ENSG00000001084"	"ENSG00000001084"	6.59579779298114e-30	0.00214615510279347	7	1	-0.374659737739177	1	1
"ENSG00000135363"	"ENSG00000135363"	6.03044418316917e-50	0.00216540199477916	10	1	0.315789400273568	1	1
"ENSG00000004961"	"ENSG00000004961"	1.72249655279079e-30	0.00218242116641117	6	1	0.715394021649937	1	1
"ENSG00000242247"	"ENSG00000242247"	2.80298726500551e-05	0.00222222011012928	3	1	0.191279030740993	1	1
"ENSG00000135925"	"ENSG00000135925"	4.24706501327248e-10	0.0022503386024172	5	1	0.347933496665514	1	1
"ENSG00000068438"	"ENSG00000068438"	8.44131356866164e-11	0.00227097689170069	5	1	0.325079229158123	1	1
"ENSG00000184164"	"ENSG00000184164"	3.00322333722535e-05	0.00232709575843422	4	1	-0.208968901440918	1	1
"ENSG00000143418"	"ENSG00000143418"	1.40027675601574e-07	0.0023436360004135	4	1	-0.610332006219766	1	1
"ENSG00000065883"	"ENSG00000065883"	1.00575450371233e-05	0.00238215794361312	3	1	-0.821416156944697	1	0.833333333333333
"ENSG00000093000"	"ENSG00000093000"	3.16808852352924e-10	0.00239267563435337	6	1	0.339776682580372	1	1
"ENSG00000168256"	"ENSG00000168256"	0.00131087801239357	0.00239943964396101	5	1	0.461151852846764	1	0.833333333333333
"ENSG00000127914"	"ENSG00000127914"	4.09185665477476e-21	0.00245808927096517	7	1	0.568327835798817	1	1
"ENSG00000176623"	"ENSG00000176623"	5.6417051465554e-06	0.00256343767122747	8	1	0.301392510503962	1	1
"ENSG00000135951"	"ENSG00000135951"	2.03594861210414e-12	0.00262167985237532	8	1	0.26111539204482	1	1
"ENSG00000175581"	"ENSG00000175581"	2.64666633899656e-05	0.0027434134198394	7	1	-0.551996214794311	1	0.833333333333333
"ENSG00000100364"	"ENSG00000100364"	8.61820591048922e-10	0.00278784292834948	3	1	0.647140002190066	1	1
"ENSG00000067334"	"ENSG00000067334"	1.9768863863693e-17	0.00279053128034231	4	1	0.261280849175412	1	1
"ENSG00000062038"	"ENSG00000062038"	4.52695815927552e-05	0.00281857941194117	3	1	-0.251574249203136	1	1
"ENSG00000132155"	"ENSG00000132155"	0.000154218914961209	0.00287398602142233	3	1	0.387212469484836	1	1
"ENSG00000105479"	"ENSG00000105479"	0.00110234871786718	0.00292976206570446	6	1	0.498032617080319	0.833333333333333	0.833333333333333
"ENSG00000111011"	"ENSG00000111011"	6.12565913166722e-18	0.00294455607232019	10	1	0.285715002472467	1	1
"ENSG00000159216"	"ENSG00000159216"	0.00198251064986348	0.00298196873959038	6	1	0.528221865636415	1	1
"ENSG00000096746"	"ENSG00000096746"	0.0115529599908927	0.00307577706639994	6	1	0.159764500816853	1	1
"ENSG00000102805"	"ENSG00000102805"	0.00312853212977847	0.00311275272508181	3	2	-0.31884321658273	1	1
"ENSG00000112312"	"ENSG00000112312"	0.0167994181415963	0.00322654270165484	3	2	-0.286337090677619	1	1
"ENSG00000170017"	"ENSG00000170017"	6.15030081461119e-19	0.00335682625075903	5	2	-0.702876946602748	1	1
"ENSG00000103043"	"ENSG00000103043"	2.11130526797645e-09	0.00345804110614615	4	1	0.749529368266111	1	1
"ENSG00000214087"	"ENSG00000214087"	0.00871976114876626	0.00357155859834254	3	1	-0.203523204560294	1	1
"ENSG00000121579"	"ENSG00000121579"	1.22674354257156e-05	0.00359610153994241	4	1	-0.367269732931848	1	1
"ENSG00000175354"	"ENSG00000175354"	2.44166290196667e-31	0.00369207086906247	9	1	-0.314740385434758	1	1
"ENSG00000205937"	"ENSG00000205937"	0.00882471900105759	0.0037295519474028	5	2	0.195013525481837	1	1
"ENSG00000077092"	"ENSG00000077092"	0.00301782861751633	0.00377359250860288	3	1	0.585460812602397	1	1
"ENSG00000175582"	"ENSG00000175582"	1.03845644949774e-12	0.0038195086161473	5	2	0.375073652158397	1	1
"ENSG00000241484"	"ENSG00000241484"	0.000830429337139808	0.00394058107821525	4	1	0.384410774158463	1	1
"ENSG00000136682"	"ENSG00000136682"	4.37592156034082e-21	0.00400344547736074	9	1	0.353575218729382	1	1
"ENSG00000132591"	"ENSG00000132591"	0.00785979657401563	0.00415009153776036	3	1	-0.184009831227358	1	1
"ENSG00000176532"	"ENSG00000176532"	7.08267828241915e-28	0.00429245296129357	5	1	-0.248287115580574	1	1
"ENSG00000100413"	"ENSG00000100413"	4.39973815070088e-07	0.00452743118547726	3	2	-0.67974721093073	1	1
"ENSG00000048140"	"ENSG00000048140"	4.77117536133373e-05	0.00463217317107249	5	1	0.272992584429015	1	1
"ENSG00000163510"	"ENSG00000163510"	0.000223988917691318	0.00465300543175099	3	1	-0.599996949504072	1	0.833333333333333
"ENSG00000137776"	"ENSG00000137776"	2.25653155887129e-31	0.00470677222048091	10	1	-0.296022980890874	1	1
"ENSG00000148248"	"ENSG00000148248"	0.00325725644645853	0.00496350844516183	5	1	-0.25150247509611	1	1
"ENSG00000197321"	"ENSG00000197321"	0.00426986976631998	0.00502342465153761	3	1	0.443164233393478	1	1
"ENSG00000042980"	"ENSG00000042980"	0.000374321451596347	0.00507468027166779	3	1	-0.592875088176105	1	0.833333333333333
"ENSG00000225973"	"ENSG00000225973"	0.00047529703374061	0.0051187077665842	4	1	0.374785760156711	1	1
"ENSG00000068745"	"ENSG00000068745"	9.9522153804687e-17	0.00512223534879687	5	1	-0.170815246063862	1	1
"ENSG00000181284"	"ENSG00000181284"	0.00055796125196986	0.00516763574440429	4	1	0.350893060911968	1	1
"ENSG00000234465"	"ENSG00000234465"	0.000184148485078422	0.00518180602749537	5	1	0.431454236757128	1	1
"ENSG00000103415"	"ENSG00000103415"	4.87238201074846e-22	0.00521942217867021	5	1	0.405567785101666	1	1
"ENSG00000163520"	"ENSG00000163520"	2.57682833162485e-06	0.00528194961701606	4	1	0.499582195234471	1	1
"ENSG00000136247"	"ENSG00000136247"	0.005066451814014	0.00541567781758347	5	1	-0.244243883207427	1	1
"ENSG00000154102"	"ENSG00000154102"	0.020432733013864	0.00555530771693531	3	2	0.183134649754838	1	1
"ENSG00000120709"	"ENSG00000120709"	3.30647143048119e-05	0.00560970113829247	3	1	-0.661774901794986	1	0.833333333333333
"ENSG00000244879"	"ENSG00000244879"	1.32472026849956e-18	0.00567425234292326	9	1	0.324675081528055	1	1
"ENSG00000197728"	"ENSG00000197728"	0.0124936228978936	0.00574231410330762	3	1	-0.180895616613025	1	1
"ENSG00000113161"	"ENSG00000113161"	9.99002573389279e-15	0.00579828057796899	6	1	0.373415897757716	1	1
"ENSG00000143183"	"ENSG00000143183"	0.00163922134488657	0.00610109577014096	3	1	0.161822557903505	1	1
"ENSG00000115677"	"ENSG00000115677"	7.25677062350158e-40	0.00612441843339808	5	1	-0.498933980210796	1	1
"ENSG00000129071"	"ENSG00000129071"	2.18026796027733e-15	0.00612798239054836	9	1	0.250128675593093	1	1
"ENSG00000244274"	"ENSG00000244274"	0.0167829972394093	0.00614815654525615	3	1	0.159069511195096	1	1
"ENSG00000177731"	"ENSG00000177731"	0.000449992235090985	0.00618079632497547	5	1	0.156009051261376	1	1
"ENSG00000167986"	"ENSG00000167986"	1.85008751276249e-06	0.00630888983628943	4	1	-0.295671407474887	1	1
"ENSG00000007168"	"ENSG00000007168"	0.000232269197046731	0.00631250342476531	5	1	-0.226738878488898	1	1
"ENSG00000075651"	"ENSG00000075651"	0.00331372699462922	0.00642900138365311	3	1	0.498232232659411	1	0.833333333333333
"ENSG00000148337"	"ENSG00000148337"	2.16178512689881e-07	0.00644084789872208	9	1	0.345851274223295	1	1
"ENSG00000184584"	"ENSG00000184584"	6.14509110786021e-12	0.00645528521578182	8	1	0.231109629602451	1	1
"ENSG00000136718"	"ENSG00000136718"	2.6480931420903e-09	0.00652422688785105	5	1	-0.283426957838342	1	1
"ENSG00000130159"	"ENSG00000130159"	0.000265221145227576	0.0066146479227784	4	1	0.180028896764659	1	1
"ENSG00000005486"	"ENSG00000005486"	3.6328328387941e-08	0.00663623887598093	4	1	0.433182441581513	1	1
"ENSG00000137409"	"ENSG00000137409"	0.0120018538528727	0.00666512446119495	6	1	-0.178120325959136	1	1
"ENSG00000035141"	"ENSG00000035141"	0.0025839072075935	0.00672453994283106	3	1	0.191045383764289	1	1
"ENSG00000181481"	"ENSG00000181481"	0.0222603175202492	0.0068511890539691	3	2	-0.314520929583112	1	1
"ENSG00000104133"	"ENSG00000104133"	2.16440327448056e-07	0.0071614765598631	4	1	0.769228869044692	1	0.833333333333333
"ENSG00000004975"	"ENSG00000004975"	0.000766447487095115	0.00732923204609657	4	1	0.403462295922686	1	1
"ENSG00000130600"	"ENSG00000130600"	5.93398609719447e-12	0.00738301621349218	5	1	0.393447845866175	0.833333333333333	0.833333333333333
"ENSG00000167377"	"ENSG00000167377"	0.0141375532002296	0.00748121425578332	4	1	0.58331204539155	0.833333333333333	0.833333333333333
"ENSG00000100462"	"ENSG00000100462"	0.00428866570984069	0.00758561421429998	3	1	0.376438521893913	1	1
"ENSG00000010626"	"ENSG00000010626"	5.06307167806602e-05	0.00762356073932371	5	1	-0.198713059166035	1	1
"ENSG00000132676"	"ENSG00000132676"	0.0440395826980442	0.00766012013094293	7	1	-0.283294429963338	1	1
"ENSG00000011295"	"ENSG00000011295"	1.99389347692807e-15	0.00766221896561705	6	1	0.406249752102186	1	1
"ENSG00000064666"	"ENSG00000064666"	0.0208026856675758	0.00767213023104423	4	1	-0.216978109986346	1	1
"ENSG00000099326"	"ENSG00000099326"	0.00032170186129083	0.00768200377353038	4	1	0.443657055258674	1	1
"ENSG00000171224"	"ENSG00000171224"	8.17029807946433e-05	0.00800875337729192	3	1	0.372108911332125	1	1
"ENSG00000182472"	"ENSG00000182472"	0.000288398885677816	0.00802332660478041	8	1	0.486647383035953	0.833333333333333	0.833333333333333
"ENSG00000219545"	"ENSG00000219545"	0.000178022650859277	0.0081266561663996	6	1	0.571912884719163	1	0.666666666666667
"ENSG00000234545"	"ENSG00000234545"	1.44454494956915e-06	0.00840923332104377	5	1	-0.318124598678934	1	1
"ENSG00000170365"	"ENSG00000170365"	6.5102423961323e-06	0.00847367519442788	4	2	-0.375101179428277	1	1
"ENSG00000204852"	"ENSG00000204852"	0.00698646632249361	0.00863563918571495	7	1	0.143298000826459	1	1
"ENSG00000164305"	"ENSG00000164305"	0.0230871162973414	0.00867123965945228	3	1	0.214740375746774	1	1
"ENSG00000118600"	"ENSG00000118600"	0.00307656815162182	0.00873633413018452	4	2	-0.31745916569711	1	1
"ENSG00000102904"	"ENSG00000102904"	8.94454399635175e-06	0.00896552494719169	10	1	-0.291398794597601	1	1
"ENSG00000146416"	"ENSG00000146416"	1.61964295803349e-12	0.00899971434907398	3	1	0.84388281275343	1	1
"ENSG00000166503"	"ENSG00000166503"	0.00987397229119289	0.0091402905585647	3	1	0.300152893943492	1	1
"ENSG00000176920"	"ENSG00000176920"	5.56012767824633e-11	0.00916674804068538	4	2	-0.66069348884463	1	1
"ENSG00000178307"	"ENSG00000178307"	9.71228428639475e-21	0.00936799662883851	4	1	-0.688802111353821	1	1
"ENSG00000177426"	"ENSG00000177426"	2.87376129615016e-19	0.00948812373041654	8	1	-0.186434215101473	1	1
"ENSG00000151287"	"ENSG00000151287"	0.0312330567169596	0.00958547769145696	4	1	-0.283838239384875	1	0.833333333333333
"ENSG00000070087"	"ENSG00000070087"	2.0891475547115e-09	0.00976783395346294	5	1	-0.339193896610835	1	1
"ENSG00000196873"	"ENSG00000196873"	4.1062310247342e-13	0.00982087054272697	7	1	0.374999540521894	1	1
"ENSG00000179021"	"ENSG00000179021"	1.27905461905104e-11	0.00983984900725448	3	1	0.353503591274806	1	1
"ENSG00000105699"	"ENSG00000105699"	0.0426166752803901	0.0098428654076704	4	1	-0.191240275163763	1	1
"ENSG00000173409"	"ENSG00000173409"	0.00691361257517355	0.00985593112249968	4	1	-0.161638493860266	1	1
"ENSG00000144283"	"ENSG00000144283"	0.000144837523913594	0.00990790631741336	4	1	0.417485094686324	1	1
"ENSG00000203485"	"ENSG00000203485"	0.000859461798023794	0.00994548776214651	3	1	0.413032623436334	1	1
"ENSG00000176444"	"ENSG00000176444"	0.0139690669179682	0.0099542612208149	3	1	-0.577753275647164	1	0.833333333333333
"ENSG00000178719"	"ENSG00000178719"	0.00688375873321669	0.0102766534076078	3	1	-0.645806794664861	1	1
"ENSG00000113163"	"ENSG00000113163"	3.68091409930044e-07	0.0104937135201626	5	1	-0.247557589958993	1	1
"ENSG00000101911"	"ENSG00000101911"	6.73776277370014e-05	0.010505610524903	3	1	-0.258996198821948	1	1
"ENSG00000140545"	"ENSG00000140545"	0.000380819591011643	0.0105194862039157	3	1	-0.184298823783482	1	1
"ENSG00000189171"	"ENSG00000189171"	6.8641828223153e-07	0.0107872175574902	4	1	-0.228852290487064	1	1
"ENSG00000182979"	"ENSG00000182979"	2.28880231743983e-13	0.0108293289596019	8	1	-0.300625172815428	1	1
"ENSG00000130349"	"ENSG00000130349"	1.7710190241735e-12	0.010930433543014	4	2	0.766761503515422	1	1
"ENSG00000170425"	"ENSG00000170425"	6.6575859723942e-19	0.0110577893250333	4	1	-0.669011885020455	1	1
"ENSG00000102984"	"ENSG00000102984"	0.0222515364501776	0.0110679034073265	5	1	0.462449097625712	1	0.833333333333333
"ENSG00000165698"	"ENSG00000165698"	1.87583032330038e-06	0.0113549366123575	4	1	-0.254283347575927	1	1
"ENSG00000111142"	"ENSG00000111142"	1.58968366012537e-12	0.0114819541691171	5	1	0.258292118661767	1	1
"ENSG00000065357"	"ENSG00000065357"	2.43430843934443e-07	0.0115100557286449	7	1	0.335932764446652	1	1
"ENSG00000117395"	"ENSG00000117395"	1.0517761257796e-12	0.0115899693655315	5	1	-0.369214583657221	1	1
"ENSG00000136436"	"ENSG00000136436"	8.47873873118392e-09	0.0116152027050562	4	1	0.903618128868026	1	0.666666666666667
"ENSG00000089006"	"ENSG00000089006"	0.00653308593486202	0.0118986336239255	6	1	0.169646152780861	1	1
"ENSG00000065621"	"ENSG00000065621"	0.035714410919703	0.012040840215221	4	1	0.225083974999911	1	1
"ENSG00000141759"	"ENSG00000141759"	2.57798052658449e-13	0.0124319776686675	4	2	0.649769276157193	1	1
"ENSG00000167671"	"ENSG00000167671"	1.73591695295418e-09	0.0127434220837707	5	1	-0.204430116769392	1	1
"ENSG00000162073"	"ENSG00000162073"	0.000178587237608145	0.0130132532567582	4	1	0.255126349884962	1	1
"ENSG00000013441"	"ENSG00000013441"	0.000804448036338289	0.0130572504259703	4	1	0.242185507038438	1	1
"ENSG00000171055"	"ENSG00000171055"	0.0465217907944264	0.0136331474650166	4	1	0.175136573532088	1	1
"ENSG00000172239"	"ENSG00000172239"	1.54877604132703e-19	0.0136949843115337	6	1	-0.182150883316473	1	1
"ENSG00000105963"	"ENSG00000105963"	0.0354659852312095	0.0138719747137714	4	1	0.435832665757947	1	1
"ENSG00000204954"	"ENSG00000204954"	0.00017193120991609	0.0139168393440021	4	1	-0.3746268586562	1	1
"ENSG00000185551"	"ENSG00000185551"	2.4376334287419e-17	0.014032721237192	6	1	0.434899979381892	1	1
"ENSG00000146963"	"ENSG00000146963"	5.41150351743643e-16	0.0142563354233977	5	1	-0.460575905622765	1	1
"ENSG00000160633"	"ENSG00000160633"	0.0147572871358085	0.0143110243690101	4	1	-0.270586144688628	1	1
"ENSG00000109189"	"ENSG00000109189"	0.00733906491115469	0.0143724340783304	3	1	0.255630745946393	1	1
"ENSG00000100842"	"ENSG00000100842"	3.16287609553066e-08	0.0146091969203032	4	1	0.742879740991693	1	0.833333333333333
"ENSG00000106682"	"ENSG00000106682"	1.0311892278516e-06	0.0147784252695557	3	1	-0.276975893848661	1	1
"ENSG00000185803"	"ENSG00000185803"	4.33402519895945e-14	0.0148293978974477	5	1	-0.191313660061086	1	1
"ENSG00000125743"	"ENSG00000125743"	6.65830010584045e-07	0.0148584360161498	3	1	-0.637246002418315	1	1
"ENSG00000166169"	"ENSG00000166169"	0.00342826200397485	0.0150363626373198	3	1	-0.789100773869954	1	0.5
"ENSG00000140931"	"ENSG00000140931"	5.41688868646136e-06	0.0151279289825009	3	1	0.855439023910501	1	0.666666666666667
"ENSG00000140057"	"ENSG00000140057"	0.00305883299710995	0.0153452721814434	5	1	0.393353330220896	1	1
"ENSG00000134574"	"ENSG00000134574"	0.00823520008972109	0.0154016623114037	7	1	-0.263513903444505	1	1
"ENSG00000107960"	"ENSG00000107960"	0.0309866669514496	0.0155756244200033	3	1	-0.285050627910329	1	1
"ENSG00000103502"	"ENSG00000103502"	1.03845644949774e-12	0.0159553372665556	6	1	-0.367603416629715	1	1
"ENSG00000151552"	"ENSG00000151552"	0.0134485647845382	0.0160134473947196	4	2	-0.313760417175045	1	1
"ENSG00000148339"	"ENSG00000148339"	5.84482912852243e-07	0.0160227300612524	5	1	-0.628406828374029	1	1
"ENSG00000100196"	"ENSG00000100196"	0.00153117464753778	0.0161827814349983	3	1	0.550951609780278	1	0.833333333333333
"ENSG00000105223"	"ENSG00000105223"	1.0765664055794e-06	0.0166020397011206	10	1	-0.224352102528546	1	1
"ENSG00000101882"	"ENSG00000101882"	4.75024830630803e-29	0.0166726204392676	3	1	-0.874076765599969	1	1
"ENSG00000111670"	"ENSG00000111670"	0.00597080567600572	0.0169496979542415	4	1	0.337821902766719	1	1
"ENSG00000198498"	"ENSG00000198498"	1.30917354568898e-08	0.0169502990958409	4	1	0.260637911467463	1	1
"ENSG00000116754"	"ENSG00000116754"	7.93613824546447e-60	0.0172733413653928	10	1	0.211579749043199	1	1
"ENSG00000169220"	"ENSG00000169220"	1.12068241630922e-17	0.0173137752166468	6	1	0.393159421065387	1	0.833333333333333
"ENSG00000025293"	"ENSG00000025293"	0.000333700506185737	0.0173996973135374	3	1	-0.200842986208117	1	1
"ENSG00000159714"	"ENSG00000159714"	6.33149514032217e-05	0.0175839966163605	6	1	0.326927778087763	1	1
"ENSG00000156256"	"ENSG00000156256"	9.80899991183323e-11	0.0177111744454699	5	1	-0.403384938908828	1	0.833333333333333
"ENSG00000197021"	"ENSG00000197021"	0.0422149194568612	0.0178080547106714	3	2	-0.298941851540894	1	0.833333333333333
"ENSG00000120915"	"ENSG00000120915"	0.0190510766863463	0.0179054040585437	3	1	0.181103334047286	1	1
"ENSG00000141298"	"ENSG00000141298"	0.000387413385715469	0.0179675069030058	5	1	0.172688896821981	1	1
"ENSG00000154099"	"ENSG00000154099"	7.04860450307804e-14	0.0180177765755646	5	1	0.356493665460584	1	1
"ENSG00000132561"	"ENSG00000132561"	4.52953995795774e-05	0.0181304448196583	5	1	-0.353740992811726	1	1
"ENSG00000143919"	"ENSG00000143919"	3.43435002086505e-07	0.0185470089712694	5	1	-0.380990251651573	1	1
"ENSG00000131503"	"ENSG00000131503"	3.65207870060214e-05	0.0189661643196082	8	1	0.181034031234053	1	1
"ENSG00000149480"	"ENSG00000149480"	6.78364614696235e-06	0.0189785188468589	4	1	-0.346262992002953	1	1
"ENSG00000165782"	"ENSG00000165782"	0.00882471900105759	0.0191641746669912	4	1	0.297999375427989	1	1
"ENSG00000111790"	"ENSG00000111790"	0.0145094633596118	0.0196211380589872	3	1	-0.245625291525899	1	1
"ENSG00000114547"	"ENSG00000114547"	0.0486116269267525	0.0197848727313339	3	1	0.295531029482923	1	1
"ENSG00000141499"	"ENSG00000141499"	0.0359110312754885	0.0198570829491902	5	1	0.209992775893178	1	1
"ENSG00000069509"	"ENSG00000069509"	1.51095608238039e-13	0.0199065193756016	4	1	0.547863197752213	1	1
"ENSG00000143797"	"ENSG00000143797"	3.73440659636183e-05	0.0199067299500587	3	2	-0.695780495952789	0.833333333333333	0.833333333333333
"ENSG00000050130"	"ENSG00000050130"	1.96585508325036e-16	0.0201040364031238	7	2	0.521179551939267	1	1
"ENSG00000204054"	"ENSG00000204054"	1.4058564565149e-15	0.0201567305398871	9	1	-0.175469582811903	1	1
"ENSG00000021762"	"ENSG00000021762"	0.000136529292052067	0.0203737803033193	3	1	-0.678543381956578	1	1
"ENSG00000157349"	"ENSG00000157349"	0.0196742218722448	0.0204314846770871	5	1	0.235201433619353	1	1
"ENSG00000185896"	"ENSG00000185896"	2.42580415243946e-06	0.0205828505534172	4	1	0.153139814848863	1	1
"ENSG00000162174"	"ENSG00000162174"	1.3129875363594e-05	0.0207820020004086	6	1	0.174120083313595	1	1
"ENSG00000172932"	"ENSG00000172932"	0.000142167181949372	0.0211761766994163	5	1	0.366878551542465	1	1
"ENSG00000053747"	"ENSG00000053747"	0.00447128851723161	0.0214920751848527	3	1	0.402782430708886	1	1
"ENSG00000198000"	"ENSG00000198000"	1.60562309663769e-05	0.0219549301042042	6	1	-0.56622290556866	0.833333333333333	0.833333333333333
"ENSG00000163738"	"ENSG00000163738"	1.30051740201678e-08	0.02201236312308	3	2	0.623998720343676	1	0.833333333333333
"ENSG00000184012"	"ENSG00000184012"	0.00462312499704708	0.0221773504903315	6	1	0.415699896065592	1	0.833333333333333
"ENSG00000251136"	"ENSG00000251136"	0.00282881861567026	0.0223826457398445	3	1	-0.567589223017545	1	0.833333333333333
"ENSG00000114544"	"ENSG00000114544"	0.000437647225418586	0.0227415573369207	5	1	0.259882482828761	1	1
"ENSG00000119636"	"ENSG00000119636"	6.22076177558763e-06	0.0229127419551282	7	1	-0.249451311259476	1	1
"ENSG00000101447"	"ENSG00000101447"	0.00252905977558292	0.0233679907924666	3	1	-0.556299636048859	1	1
"ENSG00000168488"	"ENSG00000168488"	2.16744281433125e-16	0.0234980924304548	11	1	0.366666168565658	1	0.833333333333333
"ENSG00000185515"	"ENSG00000185515"	7.46702841041227e-06	0.0235775846435936	5	1	-0.570135142532501	1	1
"ENSG00000005483"	"ENSG00000005483"	1.09331222335268e-05	0.0239035927294341	4	1	-0.418351707932783	1	1
"ENSG00000157954"	"ENSG00000157954"	1.7021728504716e-08	0.0239198919421185	8	2	-0.236890677151879	1	1
"ENSG00000159363"	"ENSG00000159363"	0.0170380715503067	0.0240391904093659	4	2	0.426252014936194	1	1
"ENSG00000005302"	"ENSG00000005302"	0.0381410044180438	0.0240867426825394	7	1	0.392308271300635	1	1
"ENSG00000181322"	"ENSG00000181322"	0.0280614159906393	0.0246246948106563	4	1	0.644332878111672	1	0.833333333333333
"ENSG00000087152"	"ENSG00000087152"	7.9119015482349e-05	0.0253945850406792	3	1	-0.753695968059709	1	0.833333333333333
"ENSG00000154978"	"ENSG00000154978"	0.000130627830821609	0.0254531386068686	5	1	-0.404864609456972	1	0.833333333333333
"ENSG00000105281"	"ENSG00000105281"	2.18515500332833e-08	0.0254848036695111	3	1	-0.273744687172609	1	1
"ENSG00000173889"	"ENSG00000173889"	0.0213061868942869	0.0255927886510081	5	1	0.637981998132465	1	0.833333333333333
"ENSG00000069345"	"ENSG00000069345"	1.20052752669081e-06	0.0258960437274151	4	1	-0.176237036807919	1	1
"ENSG00000206053"	"ENSG00000206053"	9.26405623623569e-13	0.0268876784393394	5	1	-0.214287042009586	1	1
"ENSG00000164985"	"ENSG00000164985"	1.09615752517159e-06	0.0270615091398868	6	1	0.36080064935086	1	1
"ENSG00000185507"	"ENSG00000185507"	0.000729021367250169	0.0278969467035448	7	1	-0.212355165638816	1	1
"ENSG00000131558"	"ENSG00000131558"	1.80270766618244e-10	0.0279003749476371	5	1	0.31777061494917	1	1
"ENSG00000070785"	"ENSG00000070785"	1.75913227335233e-18	0.0280288601713166	5	1	0.555230331335186	1	0.833333333333333
"ENSG00000176029"	"ENSG00000176029"	0.00750575770857469	0.0288228113764269	4	1	-0.336502098784129	1	1
"ENSG00000135919"	"ENSG00000135919"	0.0153852987040603	0.0292854365959513	3	1	-0.277421615524581	1	1
"ENSG00000174796"	"ENSG00000174796"	3.58387207738018e-05	0.0293444653922952	4	1	-0.539807183849866	1	0.666666666666667
"ENSG00000126522"	"ENSG00000126522"	1.45777191873982e-07	0.0293773213890004	7	1	0.276428734725122	1	1
"ENSG00000067066"	"ENSG00000067066"	3.00627813816473e-05	0.0295620001751438	9	1	-0.239037827660226	1	1
"ENSG00000164808"	"ENSG00000164808"	9.45318836265893e-13	0.0296142986477737	5	1	0.576276962483131	1	1
"ENSG00000168476"	"ENSG00000168476"	5.66597877687899e-05	0.0296841526329426	4	1	-0.213680760233064	1	1
"ENSG00000087903"	"ENSG00000087903"	1.43629673725231e-05	0.0298020527082883	5	1	-0.488453892252073	1	0.833333333333333
"ENSG00000171311"	"ENSG00000171311"	1.39366145009174e-07	0.0298444101782466	4	1	0.79947027268064	1	0.833333333333333
"ENSG00000169057"	"ENSG00000169057"	0.000171303595298171	0.0300610736704068	4	1	0.350016762832467	1	0.833333333333333
"ENSG00000183048"	"ENSG00000183048"	0.0340951135108861	0.0303471489291466	3	1	0.308771001574607	1	1
"ENSG00000088930"	"ENSG00000088930"	0.000215014372421938	0.0313408955755076	3	1	-0.321894230375247	1	1
"ENSG00000147677"	"ENSG00000147677"	0.00952641309011552	0.0321060162837159	5	1	0.275272607720478	1	1
"ENSG00000124444"	"ENSG00000124444"	0.00324163690958988	0.0322988379510342	5	1	0.436645281190851	1	1
"ENSG00000186153"	"ENSG00000186153"	6.47053060261071e-05	0.0325452794054253	5	1	-0.290079330724694	1	1
"ENSG00000008838"	"ENSG00000008838"	1.30706704649754e-12	0.0329492184067869	8	1	0.389190865084497	1	1
"ENSG00000127720"	"ENSG00000127720"	1.28465980487403e-07	0.0333823532966221	3	2	0.548872162690904	1	1
"ENSG00000128951"	"ENSG00000128951"	0.000727181810836595	0.0336140918963653	4	1	0.228307878444187	1	1
"ENSG00000131187"	"ENSG00000131187"	0.000616179715443874	0.0342676745495019	5	1	0.276476967504299	1	1
"ENSG00000135679"	"ENSG00000135679"	2.4602104352469e-05	0.0347851225456715	6	1	0.175863512359697	1	1
"ENSG00000185813"	"ENSG00000185813"	0.000126209931515586	0.0348846395344951	8	1	0.152038768444059	1	1
"ENSG00000182087"	"ENSG00000182087"	4.03964808304335e-28	0.0349078438795532	9	1	0.302550122567713	1	1
"ENSG00000129158"	"ENSG00000129158"	0.0462215557345103	0.0349688102365843	4	1	0.402433540588687	1	1
"ENSG00000205133"	"ENSG00000205133"	3.42383664692555e-05	0.0349821332973225	8	1	0.293727722931418	1	1
"ENSG00000111328"	"ENSG00000111328"	4.80121348568287e-12	0.035042103142147	5	1	-0.291980824098739	1	1
"ENSG00000239306"	"ENSG00000239306"	0.0175901399981905	0.0353207736439682	3	1	-0.352161880931374	1	1
"ENSG00000135677"	"ENSG00000135677"	5.413966056271e-05	0.0358124802269091	3	1	0.886334660909127	1	0.666666666666667
"ENSG00000124839"	"ENSG00000124839"	0.0161717241045576	0.0360474004988804	5	1	0.481405662731979	1	0.833333333333333
"ENSG00000011009"	"ENSG00000011009"	1.01889002600739e-09	0.0361764240822995	5	1	-0.266774007239619	1	1
"ENSG00000204130"	"ENSG00000204130"	8.48603326724919e-07	0.0362324719717842	5	1	0.529179959095829	1	1
"ENSG00000198431"	"ENSG00000198431"	1.29029498267089e-22	0.0364829881174562	9	1	0.365079365079365	1	1
"ENSG00000160746"	"ENSG00000160746"	0.0133429906689461	0.0365001460606767	3	1	0.476267093059087	1	1
"ENSG00000076242"	"ENSG00000076242"	1.02181281934209e-06	0.0365275751374687	5	1	0.337452774368923	1	1
"ENSG00000103495"	"ENSG00000103495"	1.00626285840413e-09	0.0373053276585471	7	1	-0.344688991664461	1	1
"ENSG00000164615"	"ENSG00000164615"	0.0128983624170135	0.0373458391146419	3	1	-0.141851922363785	1	1
"ENSG00000149196"	"ENSG00000149196"	1.9508153344201e-08	0.037566349360931	3	1	-0.247689482821482	1	1
"ENSG00000159322"	"ENSG00000159322"	0.000229281571697257	0.0376927402622646	6	1	-0.200338625714762	1	1
"ENSG00000139218"	"ENSG00000139218"	1.00700279807439e-14	0.0381953948878316	7	1	0.184150037406873	1	1
"ENSG00000126581"	"ENSG00000126581"	2.9682262439772e-08	0.039556717207879	6	1	-0.247190923639772	1	1
"ENSG00000168884"	"ENSG00000168884"	3.29997234058597e-06	0.0399538479326029	4	1	-0.162910439867243	1	1
"ENSG00000128595"	"ENSG00000128595"	0.0216914019863603	0.0402426240663734	3	1	0.311645279086258	1	1
"ENSG00000155621"	"ENSG00000155621"	3.2829925046826e-05	0.0404120932206502	5	1	-0.370967818543789	1	1
"ENSG00000185164"	"ENSG00000185164"	7.22009503003942e-08	0.0404894778441457	7	1	0.499999574882315	1	0.833333333333333
"ENSG00000106305"	"ENSG00000106305"	3.2209680403088e-18	0.0407284394473659	5	1	0.266690847942018	1	1
"ENSG00000139842"	"ENSG00000139842"	1.15526434546214e-05	0.0410525140916778	4	1	0.544540114154327	1	0.833333333333333
"ENSG00000165219"	"ENSG00000165219"	0.00252575900959163	0.0414543915337593	4	1	0.517707114844652	0.833333333333333	0.833333333333333
"ENSG00000162736"	"ENSG00000162736"	0.00117796422497783	0.041747729391404	3	1	-0.23271453203258	1	1
"ENSG00000122481"	"ENSG00000122481"	0.000130059761887977	0.0417690513232109	6	1	-0.291166737814999	1	1
"ENSG00000166183"	"ENSG00000166183"	0.0362218284602128	0.0418762500619775	13	1	0.212185115679648	1	0.833333333333333
"ENSG00000015479"	"ENSG00000015479"	1.61383489181885e-07	0.0419869886317879	8	1	-0.277700253403133	1	1
"ENSG00000168615"	"ENSG00000168615"	0.00194744371673733	0.0420009040303521	4	1	-0.197185007184326	1	1
"ENSG00000122970"	"ENSG00000122970"	0.000235101033518098	0.0420922054700915	3	1	-0.338740145548717	1	1
"ENSG00000138434"	"ENSG00000138434"	3.75102220187022e-13	0.0426705741062596	6	1	0.5	1	0.833333333333333
"ENSG00000110330"	"ENSG00000110330"	0.000174882449427112	0.0431243777825319	6	1	-0.178089449256213	1	1
"ENSG00000197461"	"ENSG00000197461"	2.01350924016973e-07	0.0435088216301841	5	1	-0.368754772874548	1	1
"ENSG00000176842"	"ENSG00000176842"	0.0223409202971245	0.0436640224744872	3	1	0.409986218635074	1	1
"ENSG00000141854"	"ENSG00000141854"	0.0337409385641791	0.0437440061371776	4	1	0.355213106550643	1	1
"ENSG00000115652"	"ENSG00000115652"	0.000335346756672003	0.0449928512818776	5	1	-0.273523469218304	1	1
"ENSG00000132199"	"ENSG00000132199"	1.00085157507983e-16	0.0455113620530876	7	1	-0.42029665224014	1	1
"ENSG00000168734"	"ENSG00000168734"	0.00139355875493819	0.0457751130311668	5	1	-0.219833230643433	1	1
"ENSG00000100372"	"ENSG00000100372"	0.0339739472881603	0.0461073670408762	3	1	0.308561240402547	1	1
"ENSG00000143374"	"ENSG00000143374"	0.00166388104473221	0.0469139856054699	3	1	0.432603440694707	1	0.833333333333333
"ENSG00000117335"	"ENSG00000117335"	2.60264032345576e-06	0.0469452867868772	5	1	-0.175291305597321	1	1
"ENSG00000182400"	"ENSG00000182400"	0.0121290145357007	0.0473885745500527	3	1	0.376410388503231	1	1
"ENSG00000213186"	"ENSG00000213186"	0.000830992383598201	0.0475264676837187	4	1	-0.680057506430969	1	0.666666666666667
"ENSG00000081320"	"ENSG00000081320"	0.0406465023029804	0.0477520087074582	3	1	0.24782080479878	1	1
"ENSG00000175866"	"ENSG00000175866"	2.51859985227467e-11	0.0481672914216586	10	1	0.172816739231636	1	1
"ENSG00000125850"	"ENSG00000125850"	0.00082573724056782	0.0487893040356438	4	1	0.169046177062004	1	1
"ENSG00000249859"	"ENSG00000249859"	5.02592196711303e-08	0.0488926906811492	7	1	0.542185242310048	1	0.833333333333333
"ENSG00000047457"	"ENSG00000047457"	2.10403475043467e-23	0.0492120679737564	8	1	-0.431166890931596	1	1
"ENSG00000153015"	"ENSG00000153015"	0.00751163768517601	0.0492658125237946	3	1	-0.279929665235857	1	1
