"gene_ID"	"gene_qvalue"	"minimal_tx_qvalue"	"number_tx"	"number_significant_tx"	"max(Secretory_UK_72hpi_adult_Infected-Secretory_uninfected_adult_Uninfected)"	"pct_gene_expr"	"max_pct_tx_expr"
"ENSG00000142327"	"ENSG00000142327"	9.2137450967172e-05	0	2	2	0.638031042899026	1	0.833333333333333
"ENSG00000119471"	"ENSG00000119471"	0.016102354667534	0	2	2	0.528207902291783	1	1
"ENSG00000180881"	"ENSG00000180881"	0.000793944117753836	0	2	2	-0.512574348925289	1	1
"ENSG00000198466"	"ENSG00000198466"	0.00535908514758664	0	2	2	0.508468727001442	1	0.833333333333333
"ENSG00000151491"	"ENSG00000151491"	0.000825299793890643	0	2	2	-0.442689714377536	1	1
"ENSG00000119760"	"ENSG00000119760"	0.00990281894756567	0	2	2	-0.433389650572807	1	1
"ENSG00000178741"	"ENSG00000178741"	3.81654117490948e-71	0	2	2	-0.425727963800855	1	1
"ENSG00000179813"	"ENSG00000179813"	0.0132948166085543	0	2	2	-0.422744497779522	1	1
"ENSG00000111671"	"ENSG00000111671"	0.0102723169110966	0	2	2	-0.408345079689637	1	1
"ENSG00000142867"	"ENSG00000142867"	2.92618964520278e-06	0	2	2	-0.402619743394819	1	1
"ENSG00000106290"	"ENSG00000106290"	0.018958430337294	0	2	2	0.375319639094277	1	1
"ENSG00000168077"	"ENSG00000168077"	0.00176187739025873	0	2	2	-0.364572148660671	1	1
"ENSG00000108468"	"ENSG00000108468"	0.0158777552067891	0	2	2	-0.344493636404359	1	1
"ENSG00000169372"	"ENSG00000169372"	0.00632424974762776	0	2	2	-0.343555275459517	1	1
"ENSG00000113811"	"ENSG00000113811"	1.04312841984987e-06	0	2	2	0.31720898021372	1	1
"ENSG00000147592"	"ENSG00000147592"	0.000721715004668251	0	2	2	0.307512252041173	1	1
"ENSG00000114395"	"ENSG00000114395"	0.00690267332175131	0	2	2	-0.306429316712781	1	1
"ENSG00000132275"	"ENSG00000132275"	0.049899733830096	0	2	2	0.298625932810985	1	1
"ENSG00000175895"	"ENSG00000175895"	0.0179157924681774	0	2	2	0.295812654987544	1	1
"ENSG00000163931"	"ENSG00000163931"	2.04994084701779e-31	0	2	2	-0.265996924097257	1	1
"ENSG00000013275"	"ENSG00000013275"	2.99458688438818e-13	0	2	2	-0.263629096377523	1	1
"ENSG00000085117"	"ENSG00000085117"	6.91065461788054e-10	0	2	2	-0.259485494247263	1	1
"ENSG00000213523"	"ENSG00000213523"	2.911278294993e-06	0	2	2	-0.25706651525837	1	1
"ENSG00000130592"	"ENSG00000130592"	0.0330667574629304	0	2	2	-0.256514381990475	1	1
"ENSG00000131188"	"ENSG00000131188"	0.00492168375624547	0	2	2	-0.221929440567786	1	1
"ENSG00000100162"	"ENSG00000100162"	0.0400141266107686	0	2	2	0.218761508691862	1	1
"ENSG00000145088"	"ENSG00000145088"	0.0213407906738055	0	2	2	-0.218190946572032	1	1
"ENSG00000184924"	"ENSG00000184924"	2.21303598847635e-09	0	2	2	0.21449024766733	1	1
"ENSG00000138495"	"ENSG00000138495"	3.49727850036623e-05	0	2	2	0.213170586653382	1	1
"ENSG00000117862"	"ENSG00000117862"	0.0138046449088097	0	2	2	-0.203985615809797	1	1
"ENSG00000132341"	"ENSG00000132341"	3.58521309404455e-34	0	2	2	-0.185341953355543	1	1
"ENSG00000206075"	"ENSG00000206075"	1.64692859062865e-12	0	2	2	0.180906095177221	1	1
"ENSG00000100906"	"ENSG00000100906"	1.70576634258191e-06	0	2	2	0.161097886206252	1	1
"ENSG00000160201"	"ENSG00000160201"	0.00981829991566465	0	2	2	-0.15074405607766	1	1
"ENSG00000121858"	"ENSG00000121858"	0.000271009674810438	0	2	2	-0.149884001359798	1	1
"ENSG00000144713"	"ENSG00000144713"	6.47510817600042e-86	0	2	2	-0.138008937890852	1	1
"ENSG00000164346"	"ENSG00000164346"	0.0119104017475755	0	2	2	-0.131762582855843	1	1
"ENSG00000159335"	"ENSG00000159335"	0.0189050270490116	0	2	2	0.129583064908515	1	1
"ENSG00000168101"	"ENSG00000168101"	0.00380895379821618	0	2	2	-0.127135004470131	1	1
"ENSG00000185043"	"ENSG00000185043"	9.11012529137589e-14	0	2	2	-0.116255288818078	1	1
"ENSG00000117984"	"ENSG00000117984"	1.12525123004416e-06	0	2	2	-0.111229278823523	1	1
"ENSG00000133131"	"ENSG00000133131"	0.00501225943442058	0	2	2	0.109868699595941	1	1
"ENSG00000161011"	"ENSG00000161011"	1.78223151494251e-05	0	2	2	0.101086112770408	1	1
"ENSG00000173992"	"ENSG00000173992"	0.0138444305800932	0	2	2	0.0998385392625295	1	1
"ENSG00000165672"	"ENSG00000165672"	2.7159322801447e-08	0	2	2	0.0951187502896873	1	1
"ENSG00000186081"	"ENSG00000186081"	1.75839902163085e-29	0	2	2	0.0872516552665663	1	1
"ENSG00000137818"	"ENSG00000137818"	0.00427935140581167	0	2	2	0.0860267086297264	1	1
"ENSG00000172270"	"ENSG00000172270"	0.000372442641257468	0	2	2	-0.0858589173653389	1	1
"ENSG00000174564"	"ENSG00000174564"	0.0272554992518964	0	2	2	-0.0830671029676469	1	1
"ENSG00000165609"	"ENSG00000165609"	0.00141045047906	0	2	2	-0.0818532275261714	1	1
"ENSG00000145491"	"ENSG00000145491"	0.0417901710686218	0	2	2	-0.0818072178934964	1	1
"ENSG00000099622"	"ENSG00000099622"	0.000239992429111834	0	2	2	-0.0797833522520932	1	1
"ENSG00000136689"	"ENSG00000136689"	0.0418527387834832	0	2	2	0.0797055986928843	1	1
"ENSG00000160932"	"ENSG00000160932"	0.00354479602312701	0	2	2	0.0777993482010321	1	1
"ENSG00000185885"	"ENSG00000185885"	0.0130640491984285	0	2	2	0.0765466060232961	1	1
"ENSG00000173113"	"ENSG00000173113"	0.0044213794005966	0	2	2	-0.0755917221935716	1	1
"ENSG00000140319"	"ENSG00000140319"	4.88331527802574e-05	0	2	2	0.072918101444426	1	1
"ENSG00000187244"	"ENSG00000187244"	0.00664299163596399	0	2	2	-0.0694030986425406	1	1
"ENSG00000165474"	"ENSG00000165474"	0.0131069093205269	0	2	2	0.0677895632485132	1	1
"ENSG00000241343"	"ENSG00000241343"	7.76392713889871e-09	0	2	2	0.0657363856385574	1	1
"ENSG00000196139"	"ENSG00000196139"	2.63509503971227e-09	0	2	2	-0.0648095531371741	1	1
"ENSG00000167644"	"ENSG00000167644"	0.00277248505819447	0	2	2	0.0634083100109532	1	1
"ENSG00000137331"	"ENSG00000137331"	0.000325617638472664	0	2	2	-0.0588191423472405	1	1
"ENSG00000125458"	"ENSG00000125458"	0.0211259825042113	0	2	2	0.0586318326938945	1	1
"ENSG00000120129"	"ENSG00000120129"	1.84351446526147e-06	0	2	2	0.0578978466257532	1	1
"ENSG00000104823"	"ENSG00000104823"	1.01541696422766e-06	0	2	2	-0.057832616754398	1	1
"ENSG00000187514"	"ENSG00000187514"	9.67145197593182e-23	0	2	2	0.055003943524939	1	1
"ENSG00000164032"	"ENSG00000164032"	3.39647560036484e-08	0	2	2	0.0485652940232957	1	1
"ENSG00000042753"	"ENSG00000042753"	0.00723784550399853	0	2	2	0.0451357838520934	1	1
"ENSG00000088832"	"ENSG00000088832"	0.0111539272960922	0	2	2	-0.039825319443105	1	1
"ENSG00000184009"	"ENSG00000184009"	9.62827136850825e-11	0	2	2	0.0347421982045379	1	1
"ENSG00000164405"	"ENSG00000164405"	0.0194392763280336	0	2	2	0.0328296368684812	1	1
"ENSG00000170315"	"ENSG00000170315"	0.0417901710686218	0	2	2	0.0302160713126771	1	1
"ENSG00000205420"	"ENSG00000205420"	1.05236363890596e-09	0	2	2	-0.0289842020808866	1	1
"ENSG00000243678"	"ENSG00000243678"	0.0202621654532577	0	2	2	-0.0286335850848423	1	1
"ENSG00000164919"	"ENSG00000164919"	0.0352239434360831	0	2	2	-0.0247621817311119	1	1
"ENSG00000125968"	"ENSG00000125968"	0.0121496412306682	0	2	2	0.0229307797027831	1	1
"ENSG00000221983"	"ENSG00000221983"	0.0169661203703948	0	2	2	0.0223660501998544	1	1
"ENSG00000108298"	"ENSG00000108298"	0.000415306060746981	0	2	2	0.0204933738876867	1	1
"ENSG00000170889"	"ENSG00000170889"	0.0105045881637739	0	2	2	0.0199147048008076	1	1
"ENSG00000110700"	"ENSG00000110700"	0.0105045881637739	0	2	2	0.0188177535178926	1	1
"ENSG00000111640"	"ENSG00000111640"	0.0445233847985377	0	2	2	-0.0165643307803409	1	1
"ENSG00000188846"	"ENSG00000188846"	0.03393419414655	0	2	2	0.0137446513544704	1	1
"ENSG00000083845"	"ENSG00000083845"	0.0181627451266968	0	2	2	0.012896552647646	1	1
"ENSG00000122026"	"ENSG00000122026"	1.02390810598378e-227	5.16492365533483e-313	4	1	-0.360511907757773	1	1
"ENSG00000167996"	"ENSG00000167996"	1.02390810598378e-227	5.16492365520637e-312	4	1	-0.464392151610244	1	1
"ENSG00000147403"	"ENSG00000147403"	1.02390810598378e-227	6.01658095867155e-299	6	2	0.954758792333376	1	1
"ENSG00000211450"	"ENSG00000211450"	1.02390810598378e-227	6.6989770843737e-242	3	1	0.92839522347796	1	1
"ENSG00000089356"	"ENSG00000089356"	1.61222915417566e-167	4.90240064058801e-165	3	2	-0.481980287299733	1	1
"ENSG00000104408"	"ENSG00000104408"	1.24006082891825e-155	1.37566359837994e-134	3	1	0.95637128378945	1	1
"ENSG00000163435"	"ENSG00000163435"	1.02390810598378e-227	1.46621708938527e-89	4	1	0.587624886786304	1	1
"ENSG00000143198"	"ENSG00000143198"	3.42914813706519e-146	3.03669297323163e-85	3	1	-0.453292242396129	1	1
"ENSG00000130429"	"ENSG00000130429"	4.48013033329244e-118	1.74223098468165e-70	4	1	-0.399317327749285	1	1
"ENSG00000104529"	"ENSG00000104529"	4.08431682123516e-85	1.84467048890478e-69	4	2	-0.423955328238846	1	1
"ENSG00000197728"	"ENSG00000197728"	4.9506166291425e-53	1.47558012543738e-54	3	3	0.857922821449598	1	1
"ENSG00000245910"	"ENSG00000245910"	2.02700225833594e-60	4.76890050920392e-52	4	1	0.848936967997551	1	1
"ENSG00000203875"	"ENSG00000203875"	3.86535320063505e-44	1.84665709139782e-47	5	3	0.482037305165117	1	1
"ENSG00000170477"	"ENSG00000170477"	4.3665862703393e-67	3.23903853634112e-44	3	2	-0.365753243739815	1	1
"ENSG00000110958"	"ENSG00000110958"	2.36631069566717e-59	1.3978518051961e-40	4	1	-0.399690923548557	1	1
"ENSG00000129235"	"ENSG00000129235"	4.42971144603482e-50	1.14931893258053e-33	3	1	0.777314903521058	1	1
"ENSG00000174444"	"ENSG00000174444"	1.08594062551756e-38	6.65904428395069e-32	3	1	0.959819551708662	1	1
"ENSG00000110492"	"ENSG00000110492"	5.980071903016e-71	1.2310259086431e-31	5	1	-0.313777923635465	1	1
"ENSG00000169567"	"ENSG00000169567"	3.5615958715537e-77	1.45948620856459e-31	5	1	-0.853858049150578	1	1
"ENSG00000173272"	"ENSG00000173272"	2.94485061473316e-45	4.07919743366918e-30	3	1	0.31175127248852	1	1
"ENSG00000172809"	"ENSG00000172809"	3.08150240121959e-28	5.62449313993507e-30	5	2	0.666713661236329	1	1
"ENSG00000115661"	"ENSG00000115661"	1.59337532416755e-36	1.65481575005644e-29	6	1	0.736453604979963	1	1
"ENSG00000206073"	"ENSG00000206073"	1.57685778612592e-29	5.02391912859392e-29	3	1	0.249476615050833	1	1
"ENSG00000130164"	"ENSG00000130164"	2.06751566140041e-29	3.18227487999837e-27	3	1	-0.898969266254319	1	1
"ENSG00000105519"	"ENSG00000105519"	4.2002450592642e-52	1.10231134267314e-26	7	2	-0.393042790348391	1	1
"ENSG00000102144"	"ENSG00000102144"	2.51038329291262e-25	2.12553397801952e-26	3	2	-0.409966087006715	1	1
"ENSG00000110536"	"ENSG00000110536"	2.33274715183907e-36	7.52231227705295e-25	8	1	-0.709832509745066	1	1
"ENSG00000160180"	"ENSG00000160180"	4.48286168000609e-40	5.54754871259601e-23	3	1	-0.474609302336106	1	1
"ENSG00000245532"	"ENSG00000245532"	2.19535922708028e-39	7.1181150946552e-23	4	2	0.293109844899171	1	1
"ENSG00000182196"	"ENSG00000182196"	2.39722237806868e-61	1.37413906156674e-22	5	1	0.482577053052259	1	1
"ENSG00000116459"	"ENSG00000116459"	1.29486570135179e-32	2.04847448350831e-22	4	1	0.867750702621939	1	1
"ENSG00000104164"	"ENSG00000104164"	5.43910142013774e-22	3.06562303875664e-22	3	1	0.238560706522215	1	1
"ENSG00000137975"	"ENSG00000137975"	1.31729548927052e-38	8.72955598116881e-22	3	1	0.856929907149641	1	1
"ENSG00000196344"	"ENSG00000196344"	2.91094945022468e-66	2.93213888817382e-21	6	1	-0.282894352406663	1	1
"ENSG00000168310"	"ENSG00000168310"	1.06429303841362e-23	5.53273432953998e-21	3	1	0.725247059655563	1	1
"ENSG00000100129"	"ENSG00000100129"	2.54733369370693e-105	8.46515854581272e-21	5	1	0.706122942057033	1	1
"ENSG00000127022"	"ENSG00000127022"	2.66718043013428e-35	9.2629699292417e-21	4	1	0.576679922280122	1	1
"ENSG00000230937"	"ENSG00000230937"	1.50793395715015e-41	3.26514788687833e-20	7	1	0.265247108583567	1	1
"ENSG00000127125"	"ENSG00000127125"	2.17299237321619e-21	5.96365367747099e-20	5	2	0.294252271591462	1	1
"ENSG00000161203"	"ENSG00000161203"	1.34956487623915e-54	6.74677098901704e-20	3	1	0.217170460841564	1	1
"ENSG00000150753"	"ENSG00000150753"	1.72709821264469e-39	1.43747396281697e-19	3	1	-0.417832288205566	1	1
"ENSG00000063660"	"ENSG00000063660"	2.36584363133216e-26	1.61326614402873e-19	3	1	-0.532222903895857	1	1
"ENSG00000128951"	"ENSG00000128951"	2.21253834800499e-26	1.35148926744217e-18	5	2	-0.506374825259512	1	1
"ENSG00000130254"	"ENSG00000130254"	1.30960867282548e-19	1.72290297925392e-18	4	1	-0.727618191319933	1	1
"ENSG00000110852"	"ENSG00000110852"	9.70856245276067e-22	2.52857499130939e-18	4	1	0.796414889485173	1	1
"ENSG00000181163"	"ENSG00000181163"	5.74113291611129e-19	2.59881215966582e-17	3	1	0.497578940430734	1	1
"ENSG00000044115"	"ENSG00000044115"	1.09462438151248e-25	3.63787451949371e-16	6	1	-0.584084515969498	1	1
"ENSG00000188529"	"ENSG00000188529"	1.7530088162857e-26	1.4194931834454e-15	5	2	0.638824453471577	1	1
"ENSG00000117394"	"ENSG00000117394"	4.16001917898107e-25	1.66889845886279e-15	4	1	-0.672998594955137	1	1
"ENSG00000004455"	"ENSG00000004455"	1.29140542382387e-18	1.06494502259983e-14	5	1	-0.541727898276748	1	1
"ENSG00000107372"	"ENSG00000107372"	5.27766318935821e-25	1.07905918393239e-14	6	1	0.531518832574893	1	1
"ENSG00000109180"	"ENSG00000109180"	4.46092034984754e-25	1.93291578261891e-14	5	1	0.287451066764149	1	1
"ENSG00000204618"	"ENSG00000204618"	1.79071229762738e-14	4.49393975071706e-14	4	2	0.490106337727995	1	1
"ENSG00000148908"	"ENSG00000148908"	7.78567497385435e-17	5.6098963962903e-14	3	1	0.641244654334536	1	1
"ENSG00000155066"	"ENSG00000155066"	2.09407365997804e-15	7.38321311262598e-14	4	1	0.75652636335948	1	0.833333333333333
"ENSG00000157778"	"ENSG00000157778"	1.7759817284497e-45	7.88604830935037e-14	6	1	0.577853725098402	1	1
"ENSG00000204385"	"ENSG00000204385"	4.13643836530711e-42	8.27894794094189e-13	5	1	0.616899101420725	1	1
"ENSG00000260916"	"ENSG00000260916"	3.92908361571761e-19	1.18831154541982e-12	4	1	0.6470035211513	1	1
"ENSG00000258752"	"ENSG00000258752"	6.12631895858012e-14	3.06822864455685e-12	3	1	-0.508598730828536	1	1
"ENSG00000115310"	"ENSG00000115310"	7.71737461676498e-67	3.92970313796206e-12	6	1	0.315534621279053	1	1
"ENSG00000163584"	"ENSG00000163584"	3.12952957430121e-27	4.81602976432745e-12	3	1	-0.240920186900168	1	1
"ENSG00000067182"	"ENSG00000067182"	6.886928818036e-21	8.4913740432031e-12	3	1	0.495885649829611	1	1
"ENSG00000017797"	"ENSG00000017797"	7.84121607266453e-34	1.23652603188617e-11	3	1	0.974810032211462	1	0.833333333333333
"ENSG00000109861"	"ENSG00000109861"	9.9796586796046e-11	1.62975301685916e-11	3	1	-0.212242908446996	1	1
"ENSG00000198830"	"ENSG00000198830"	6.88267340372551e-75	1.71284018379257e-11	5	1	0.861952165972639	1	1
"ENSG00000171867"	"ENSG00000171867"	4.51347308620988e-24	2.07350347768555e-11	3	1	0.514432856303516	1	1
"ENSG00000263001"	"ENSG00000263001"	1.67661950818583e-18	2.45769399029527e-11	5	1	-0.810936145265544	1	0.833333333333333
"ENSG00000006625"	"ENSG00000006625"	6.17096748540175e-10	2.70182864109701e-11	3	2	0.249740582752116	1	1
"ENSG00000122644"	"ENSG00000122644"	1.53328678566474e-21	4.07932712429277e-11	6	1	0.375723265310119	1	1
"ENSG00000188659"	"ENSG00000188659"	1.14931754504259e-09	4.43179404539501e-11	5	1	0.884089848999436	1	0.666666666666667
"ENSG00000172354"	"ENSG00000172354"	9.74258337227662e-11	6.13480758516787e-11	4	1	-0.221951830116868	1	1
"ENSG00000143549"	"ENSG00000143549"	3.53838226669393e-48	9.59286945208234e-11	7	1	0.507287566024924	1	1
"ENSG00000177459"	"ENSG00000177459"	7.47195843070278e-16	1.04530602162155e-10	3	1	-0.515189483973052	1	1
"ENSG00000184110"	"ENSG00000184110"	4.46982521056526e-32	1.98994065170087e-10	5	1	0.419003682521147	1	1
"ENSG00000183431"	"ENSG00000183431"	1.35895856623098e-09	2.06559990970306e-10	3	1	0.85889370157221	1	0.833333333333333
"ENSG00000057935"	"ENSG00000057935"	1.35998902909098e-15	2.59943108827731e-10	3	1	0.584614774090949	1	1
"ENSG00000087460"	"ENSG00000087460"	3.5248447018357e-53	3.75816430216652e-10	9	1	-0.29408443229512	1	1
"ENSG00000104964"	"ENSG00000104964"	7.7948019690258e-50	4.80865719446111e-10	5	1	0.231305941596647	1	1
"ENSG00000173171"	"ENSG00000173171"	8.77037235985856e-09	5.74486499993943e-10	3	3	-0.579677197701455	1	1
"ENSG00000124795"	"ENSG00000124795"	1.55340889245504e-11	6.65148463050988e-10	6	1	0.646855322440072	1	1
"ENSG00000122545"	"ENSG00000122545"	1.05958873593501e-62	9.31330377889361e-10	5	1	-0.345451379334204	1	1
"ENSG00000136827"	"ENSG00000136827"	1.54742859163999e-09	9.75583285605743e-10	3	1	-0.670970001526698	1	1
"ENSG00000051620"	"ENSG00000051620"	1.98123181772966e-08	1.07873665504123e-09	3	1	0.201565724808049	1	1
"ENSG00000049449"	"ENSG00000049449"	1.16697875702383e-18	1.58424470358256e-09	4	1	0.638297872107709	1	1
"ENSG00000048405"	"ENSG00000048405"	1.51837746632913e-13	2.04439354567876e-09	5	1	0.67769569811084	1	1
"ENSG00000115963"	"ENSG00000115963"	1.19480547036994e-07	2.31032921603917e-09	4	1	0.230762699399151	1	1
"ENSG00000157601"	"ENSG00000157601"	4.47013954077303e-27	5.30708219965332e-09	6	1	-0.433320721056421	1	1
"ENSG00000167986"	"ENSG00000167986"	2.24241451128471e-37	5.43089794503449e-09	6	1	-0.519999262816323	1	0.833333333333333
"ENSG00000116212"	"ENSG00000116212"	4.63826924158921e-12	5.76823825202197e-09	8	1	-0.453884696639589	1	1
"ENSG00000204220"	"ENSG00000204220"	4.74823462551912e-11	6.60104016581709e-09	5	2	0.502346824444139	1	1
"ENSG00000011009"	"ENSG00000011009"	7.27180285663682e-13	7.18789708506973e-09	6	1	0.370048869199231	1	1
"ENSG00000128626"	"ENSG00000128626"	3.35299813617389e-20	1.04696829711469e-08	3	1	-0.906873274096328	1	1
"ENSG00000155438"	"ENSG00000155438"	6.53678148718216e-08	1.21049239717912e-08	3	2	0.471009732319728	1	1
"ENSG00000136261"	"ENSG00000136261"	3.46451905093801e-19	1.45849400652971e-08	4	1	-0.427562092804037	1	1
"ENSG00000123358"	"ENSG00000123358"	5.76955760769371e-10	1.59115566803785e-08	8	1	-0.62063449796023	1	0.833333333333333
"ENSG00000041357"	"ENSG00000041357"	1.80261068142081e-33	1.69629330313093e-08	4	2	0.744117277574333	1	1
"ENSG00000175110"	"ENSG00000175110"	4.07682291300739e-16	2.69426128395378e-08	4	1	-0.52932989679359	1	1
"ENSG00000244038"	"ENSG00000244038"	4.90837549551009e-07	2.69706609604041e-08	3	2	-0.207268535456583	1	1
"ENSG00000221914"	"ENSG00000221914"	2.87604438708753e-15	3.01618591689755e-08	6	1	-0.415816942291462	1	1
"ENSG00000171311"	"ENSG00000171311"	7.14378526962783e-13	3.07548715518917e-08	4	1	-0.904040975141285	1	1
"ENSG00000183844"	"ENSG00000183844"	1.41537926928535e-10	3.30275506281347e-08	4	1	0.391194600772984	1	1
"ENSG00000166959"	"ENSG00000166959"	6.71763954003671e-09	3.35111663192304e-08	4	1	-0.346209933038524	1	1
"ENSG00000118705"	"ENSG00000118705"	2.93839883311429e-16	6.38778870554778e-08	3	1	-0.312314539116224	1	1
"ENSG00000278558"	"ENSG00000278558"	4.16148085765872e-11	6.6023558299304e-08	4	1	-0.72727191138447	1	1
"ENSG00000089693"	"ENSG00000089693"	9.99782362835153e-17	6.98882328542663e-08	6	1	0.837126853054156	1	1
"ENSG00000181061"	"ENSG00000181061"	7.16939722180162e-07	8.5352761448738e-08	3	2	-0.276124230861542	1	1
"ENSG00000149084"	"ENSG00000149084"	2.07420308380575e-14	1.62188935439831e-07	5	1	0.482728808177157	1	1
"ENSG00000129625"	"ENSG00000129625"	2.4115210552993e-28	2.00455171504962e-07	3	1	0.292185375578909	1	1
"ENSG00000270647"	"ENSG00000270647"	9.79230144268072e-17	2.86150872994549e-07	6	1	-0.454400462074292	1	1
"ENSG00000147010"	"ENSG00000147010"	6.77316177337873e-10	4.84862905625352e-07	4	1	-0.807370058118459	1	1
"ENSG00000185499"	"ENSG00000185499"	1.33981762681434e-24	5.82480315048729e-07	5	1	0.323169443459758	1	1
"ENSG00000144136"	"ENSG00000144136"	1.2670836393043e-06	7.68794359135491e-07	3	2	-0.468610109113067	1	1
"ENSG00000206140"	"ENSG00000206140"	2.55616206275374e-10	8.07626751704562e-07	5	1	0.561473388423149	1	1
"ENSG00000157916"	"ENSG00000157916"	1.89660552992901e-06	8.65588527372143e-07	3	2	0.260817675345557	1	1
"ENSG00000067082"	"ENSG00000067082"	7.26964411085773e-06	8.92997017666348e-07	3	2	0.40325676990993	1	1
"ENSG00000120533"	"ENSG00000120533"	5.4712014912471e-103	9.57908111070877e-07	6	1	0.543638961877103	1	1
"ENSG00000132470"	"ENSG00000132470"	1.58084230096542e-66	9.98624731402345e-07	7	1	0.623530572361009	1	1
"ENSG00000185650"	"ENSG00000185650"	4.65397384483063e-16	1.17108728850222e-06	4	1	-0.391250568216363	1	1
"ENSG00000113712"	"ENSG00000113712"	7.48071843276059e-72	1.41199634373258e-06	12	1	-0.260683801701701	1	1
"ENSG00000116478"	"ENSG00000116478"	1.79119708154869e-10	1.95360709096383e-06	3	1	-0.207694199357416	1	1
"ENSG00000119844"	"ENSG00000119844"	6.56311360310452e-08	1.9904694740462e-06	5	1	0.634802084523388	1	1
"ENSG00000129654"	"ENSG00000129654"	4.84151007043388e-14	2.06785848884605e-06	3	1	0.496058278081728	1	1
"ENSG00000166164"	"ENSG00000166164"	4.75812641302381e-19	2.13092059833864e-06	7	1	-0.429101104412463	1	1
"ENSG00000166145"	"ENSG00000166145"	6.4373598035901e-36	2.34792147892111e-06	7	1	0.292775800323014	1	1
"ENSG00000139620"	"ENSG00000139620"	9.50232368323297e-08	2.55654608076848e-06	5	1	-0.772960131169943	1	0.833333333333333
"ENSG00000132780"	"ENSG00000132780"	2.14307133036169e-11	3.91367763036647e-06	7	1	0.309636929070876	1	1
"ENSG00000117335"	"ENSG00000117335"	3.84357796469074e-14	3.96398875748144e-06	5	1	0.511933306676645	1	1
"ENSG00000141013"	"ENSG00000141013"	1.16588443649899e-06	3.9903291788521e-06	4	1	0.467898287547411	1	1
"ENSG00000165410"	"ENSG00000165410"	2.67827182542212e-08	4.1402560103836e-06	7	1	-0.646098844565399	1	0.666666666666667
"ENSG00000176731"	"ENSG00000176731"	2.46874075394785e-05	4.21920001899404e-06	3	1	0.195103232246304	1	1
"ENSG00000132507"	"ENSG00000132507"	4.24511876186306e-20	4.55140319538095e-06	4	1	-0.197398003481553	1	1
"ENSG00000109390"	"ENSG00000109390"	2.92107347456105e-11	5.31752457142413e-06	5	1	-0.213391689171457	1	1
"ENSG00000023330"	"ENSG00000023330"	4.78129926556968e-15	5.38010207866821e-06	6	1	0.650000551045592	1	0.833333333333333
"ENSG00000165119"	"ENSG00000165119"	9.16250833751247e-05	5.72113716396414e-06	5	1	0.245355363781575	1	1
"ENSG00000164733"	"ENSG00000164733"	1.42398360998844e-92	6.85503839848567e-06	7	1	-0.488298766933886	1	1
"ENSG00000025708"	"ENSG00000025708"	3.87296308155651e-35	7.71001724339255e-06	5	1	0.423014596297019	1	1
"ENSG00000167699"	"ENSG00000167699"	5.28405532860772e-34	8.26685355908565e-06	5	2	-0.76922995733934	1	1
"ENSG00000186468"	"ENSG00000186468"	7.00665400063086e-05	9.24123348919947e-06	5	2	0.318071227613402	1	1
"ENSG00000167325"	"ENSG00000167325"	2.81924008521478e-06	9.39140562705506e-06	3	1	0.47038777901454	1	1
"ENSG00000109689"	"ENSG00000109689"	1.08930105585922e-19	9.97247292846858e-06	3	1	0.941931297816215	1	0.666666666666667
"ENSG00000133835"	"ENSG00000133835"	2.32786365897918e-08	1.09901763845437e-05	7	1	-0.374281784385726	1	1
"ENSG00000173846"	"ENSG00000173846"	7.64694354034285e-05	1.14807361170816e-05	3	2	-0.504559048331487	1	1
"ENSG00000163882"	"ENSG00000163882"	1.29666213685151e-17	1.18252991544104e-05	5	1	-0.781292951114978	1	1
"ENSG00000153037"	"ENSG00000153037"	1.39851817117243e-05	1.19390909468164e-05	4	1	0.234111919983053	1	1
"ENSG00000203950"	"ENSG00000203950"	0.000127900470318159	1.24056922740365e-05	3	2	0.317863678322865	1	1
"ENSG00000167136"	"ENSG00000167136"	5.55949173051291e-23	1.26234135136622e-05	3	1	0.381878118305535	1	1
"ENSG00000243989"	"ENSG00000243989"	9.70715447138778e-11	1.42420889651651e-05	5	1	-0.550481018165666	1	1
"ENSG00000197912"	"ENSG00000197912"	4.11867473618936e-08	1.58170883319872e-05	8	1	0.602308018366426	1	0.833333333333333
"ENSG00000115520"	"ENSG00000115520"	1.39762865080074e-08	1.61675803625229e-05	3	1	0.824006384970854	1	1
"ENSG00000112335"	"ENSG00000112335"	1.08154669937067e-14	1.66831238942743e-05	4	1	0.166937726535238	1	1
"ENSG00000172831"	"ENSG00000172831"	1.01766977417969e-08	1.74846194360442e-05	4	1	0.628113370446919	1	1
"ENSG00000158023"	"ENSG00000158023"	3.65950948627339e-06	1.7634111645792e-05	6	1	-0.730620071096501	1	0.833333333333333
"ENSG00000138744"	"ENSG00000138744"	1.69291593869916e-09	1.81127849342178e-05	5	1	0.63627916736392	1	1
"ENSG00000139218"	"ENSG00000139218"	1.30676117961437e-10	1.96732561524791e-05	6	2	0.253993707659678	1	1
"ENSG00000119333"	"ENSG00000119333"	1.08010299936296e-15	2.10238122227889e-05	4	1	-0.261456671965556	1	1
"ENSG00000173801"	"ENSG00000173801"	1.98242604952317e-21	2.15290741010387e-05	7	2	0.341774929539399	1	1
"ENSG00000115129"	"ENSG00000115129"	1.03232996782406e-19	2.26650034343626e-05	8	1	-0.349426658612406	1	1
"ENSG00000164104"	"ENSG00000164104"	0.000220144653945669	2.27006205666236e-05	3	2	-0.332559415975815	1	1
"ENSG00000134825"	"ENSG00000134825"	3.49774281567672e-11	2.47088613066074e-05	4	2	0.937750454752611	1	0.833333333333333
"ENSG00000170296"	"ENSG00000170296"	1.47769487203306e-39	2.51959727919704e-05	5	2	0.905361372682827	1	1
"ENSG00000127337"	"ENSG00000127337"	0.000200025420842112	2.68101025432909e-05	3	2	0.281012883057966	1	1
"ENSG00000196872"	"ENSG00000196872"	2.34478891847673e-08	2.94643393384584e-05	7	1	0.459758596678813	1	1
"ENSG00000127948"	"ENSG00000127948"	0.000182443500554562	3.00491050547201e-05	3	2	-0.243983604565916	1	1
"ENSG00000170017"	"ENSG00000170017"	2.71516962632197e-07	3.08306768533176e-05	4	1	-0.529660750794208	1	1
"ENSG00000114686"	"ENSG00000114686"	4.86809802661294e-18	3.2304689222536e-05	5	1	0.262812361220855	1	1
"ENSG00000184281"	"ENSG00000184281"	1.18586888064317e-06	3.27249006740285e-05	3	1	-0.186192426396126	1	1
"ENSG00000125944"	"ENSG00000125944"	6.12568453820481e-70	3.5052734383547e-05	7	1	0.449663190172584	1	1
"ENSG00000120742"	"ENSG00000120742"	4.95116412163469e-17	3.54652663196398e-05	5	2	0.311218163324031	1	1
"ENSG00000161618"	"ENSG00000161618"	8.47376185829502e-13	3.60643435781396e-05	7	1	-0.415187979560507	1	1
"ENSG00000165175"	"ENSG00000165175"	0.000343911090781085	3.61494807879331e-05	3	2	-0.346886623294511	1	1
"ENSG00000158373"	"ENSG00000158373"	3.86916927309723e-05	4.17300820518458e-05	3	1	-0.332579127178189	1	1
"ENSG00000204381"	"ENSG00000204381"	5.04993206389202e-10	4.18160277651423e-05	3	2	-0.880548739794869	1	1
"ENSG00000129219"	"ENSG00000129219"	0.000139222991691474	4.21909306192506e-05	3	1	-0.785907102181588	1	0.833333333333333
"ENSG00000189077"	"ENSG00000189077"	4.50138758801737e-06	4.26394659142469e-05	4	1	0.699237525753771	1	0.833333333333333
"ENSG00000196591"	"ENSG00000196591"	6.13904939088743e-17	4.33537424356296e-05	5	1	-0.317384466870403	1	1
"ENSG00000114126"	"ENSG00000114126"	1.22718561549442e-11	4.43067312557935e-05	8	1	0.358024571657323	1	1
"ENSG00000126698"	"ENSG00000126698"	2.75766248122988e-05	4.51212608907029e-05	4	2	0.259705715308643	1	1
"ENSG00000175575"	"ENSG00000175575"	7.59626110709593e-14	4.55359477391094e-05	6	1	-0.70917570299989	1	1
"ENSG00000164610"	"ENSG00000164610"	0.000419088427281141	4.79048711564146e-05	3	2	-0.354310334031675	1	1
"ENSG00000139722"	"ENSG00000139722"	9.96067433285683e-09	5.23512413845369e-05	4	1	-0.191941005935939	1	1
"ENSG00000137575"	"ENSG00000137575"	1.3070290993042e-09	5.3531143321621e-05	4	1	-0.327426026965602	1	1
"ENSG00000134779"	"ENSG00000134779"	1.79518003713877e-31	5.38411648437056e-05	12	2	-0.287769672086522	1	1
"ENSG00000134363"	"ENSG00000134363"	0.000153273266949365	5.70662956454669e-05	4	1	-0.722213371007192	1	0.833333333333333
"ENSG00000197746"	"ENSG00000197746"	6.03709399972299e-07	7.09692791373953e-05	3	1	0.383545492001604	1	1
"ENSG00000136802"	"ENSG00000136802"	3.70550573807903e-06	7.58931751830244e-05	4	1	0.389663520708913	1	1
"ENSG00000174428"	"ENSG00000174428"	0.00019754263187622	8.03277445291946e-05	4	2	0.504017975590706	1	1
"ENSG00000041988"	"ENSG00000041988"	3.20382541990379e-07	8.35403692635303e-05	3	1	-0.755185264864761	1	1
"ENSG00000117362"	"ENSG00000117362"	0.000856514309677911	8.63532976601862e-05	4	1	-0.268748890554801	1	1
"ENSG00000144161"	"ENSG00000144161"	3.90330989653052e-13	8.70218521711371e-05	5	1	-0.653061227422807	1	1
"ENSG00000101782"	"ENSG00000101782"	2.02877374345646e-20	8.82518660562521e-05	5	1	-0.637324942618018	1	1
"ENSG00000115806"	"ENSG00000115806"	3.71026681585345e-11	8.9515788567238e-05	4	1	0.502332192944448	1	1
"ENSG00000117523"	"ENSG00000117523"	2.64836678530421e-09	9.12024924094664e-05	5	2	-0.648780198969595	1	1
"ENSG00000106853"	"ENSG00000106853"	1.0649402207038e-10	9.31777518327008e-05	7	1	-0.175949051260898	1	1
"ENSG00000090238"	"ENSG00000090238"	5.16443872230654e-09	0.000106519369890242	4	1	0.17940565976555	1	1
"ENSG00000005486"	"ENSG00000005486"	8.74969093986835e-07	0.000107143395856816	6	1	0.273482207453669	1	1
"ENSG00000133265"	"ENSG00000133265"	3.19920204980128e-07	0.000107485920334947	3	1	0.356974088761449	1	1
"ENSG00000105835"	"ENSG00000105835"	0.00150663448383469	0.000111045902144038	4	1	-0.247401588833651	1	1
"ENSG00000182165"	"ENSG00000182165"	1.92856871854053e-09	0.000116887081291253	4	1	-0.1351453602966	1	1
"ENSG00000146731"	"ENSG00000146731"	2.26396291638138e-20	0.000129224123469243	3	1	0.377519760617221	1	1
"ENSG00000146282"	"ENSG00000146282"	2.38400833916061e-10	0.000130294516685282	6	3	0.25177879181073	1	1
"ENSG00000189377"	"ENSG00000189377"	0.000103133148443533	0.000150585391731389	3	2	0.406711327002411	1	1
"ENSG00000108669"	"ENSG00000108669"	6.37581309032193e-05	0.000152852103142893	5	1	0.592592369081617	1	0.833333333333333
"ENSG00000105619"	"ENSG00000105619"	1.22917782653989e-06	0.000165036855625401	5	1	0.464286166340136	1	1
"ENSG00000142687"	"ENSG00000142687"	3.81432571833283e-08	0.000173567041048995	5	1	-0.546623960636611	1	1
"ENSG00000164442"	"ENSG00000164442"	0.000997774715447164	0.000181548351572541	3	2	0.247974403978691	1	1
"ENSG00000104881"	"ENSG00000104881"	5.24093750327857e-12	0.000186401976600897	5	2	0.469427620104457	1	1
"ENSG00000186812"	"ENSG00000186812"	1.35814786880423e-11	0.000195296387235593	3	1	-0.898397650706526	1	1
"ENSG00000141510"	"ENSG00000141510"	0.00094248720158411	0.00021969144786992	3	1	0.606781760181375	1	1
"ENSG00000034152"	"ENSG00000034152"	0.000327613213394979	0.00023095835076769	4	2	-0.336926936104804	1	1
"ENSG00000073803"	"ENSG00000073803"	0.00135183151775432	0.000244470966779006	3	2	-0.283828990614804	1	1
"ENSG00000158747"	"ENSG00000158747"	7.76961150927595e-05	0.000246340897373919	5	1	-0.305000600370362	1	1
"ENSG00000153786"	"ENSG00000153786"	3.3177269297995e-05	0.000249579578503491	4	1	-0.491187485422649	1	1
"ENSG00000177981"	"ENSG00000177981"	0.00145665782438688	0.000250495197625152	3	2	-0.550649598874323	1	1
"ENSG00000113282"	"ENSG00000113282"	4.31411674076731e-09	0.000277125308386865	8	1	0.268292286261304	1	1
"ENSG00000169490"	"ENSG00000169490"	4.55599102159401e-13	0.000283124363024426	6	1	-0.658957680238567	1	1
"ENSG00000070731"	"ENSG00000070731"	0.000175703850022274	0.000290345926243326	5	1	-0.390692736477592	1	1
"ENSG00000123892"	"ENSG00000123892"	0.00166164500097988	0.000292650138347675	3	1	0.158581979182667	1	1
"ENSG00000130826"	"ENSG00000130826"	6.76716609600834e-14	0.000323012994697443	3	1	0.379375802450786	1	1
"ENSG00000160752"	"ENSG00000160752"	4.57861017243231e-37	0.000370762692295081	7	1	0.280676755065099	1	1
"ENSG00000143612"	"ENSG00000143612"	0.00109686613996832	0.000394784531472993	5	1	-0.211809351248318	1	1
"ENSG00000119335"	"ENSG00000119335"	1.48531494631302e-08	0.000407906900421151	3	1	0.361681472364111	1	1
"ENSG00000092820"	"ENSG00000092820"	2.03903574436629e-13	0.000420939166440659	4	2	-0.558558539573467	1	1
"ENSG00000125877"	"ENSG00000125877"	1.44483222704837e-16	0.000468458381367569	7	1	0.272719016553007	1	1
"ENSG00000057608"	"ENSG00000057608"	6.489969203269e-10	0.000513068343180184	4	1	0.186451004504497	1	1
"ENSG00000110841"	"ENSG00000110841"	0.00240364831553029	0.000561158435976603	3	2	0.50168182389519	1	1
"ENSG00000067836"	"ENSG00000067836"	1.20746792314149e-05	0.000562968504636174	4	1	-0.188764739454449	1	1
"ENSG00000107175"	"ENSG00000107175"	8.3403187826502e-09	0.000580484252094798	5	1	0.306633096957211	1	1
"ENSG00000009307"	"ENSG00000009307"	2.13921491620317e-11	0.000583719586358791	7	1	-0.198242193245591	1	1
"ENSG00000196670"	"ENSG00000196670"	5.99016973162427e-07	0.000598943593262653	9	1	0.535384432501631	1	1
"ENSG00000100359"	"ENSG00000100359"	0.00567499359715623	0.000613401225240526	7	1	0.223864303460002	1	1
"ENSG00000146963"	"ENSG00000146963"	6.38026896482132e-15	0.000616270248143036	5	2	-0.326606113640123	1	1
"ENSG00000089280"	"ENSG00000089280"	0.00389651740306098	0.000624680578856692	3	2	0.198289950812371	1	1
"ENSG00000117054"	"ENSG00000117054"	5.7681473622971e-06	0.000634386408628093	3	1	-0.385375697436206	1	1
"ENSG00000134057"	"ENSG00000134057"	0.000346666111570433	0.000755520275798363	3	2	-0.382035863268932	1	1
"ENSG00000152240"	"ENSG00000152240"	0.000227513609603374	0.000761008471029608	3	1	0.240217359664367	1	1
"ENSG00000100364"	"ENSG00000100364"	2.93743066801605e-10	0.000761443640698862	4	1	0.555881086404103	1	1
"ENSG00000054282"	"ENSG00000054282"	2.55579208233403e-08	0.000826605486111539	5	1	0.474163893154011	1	1
"ENSG00000166181"	"ENSG00000166181"	5.85518121233453e-08	0.000853285204659838	5	1	-0.42742790732303	1	1
"ENSG00000139537"	"ENSG00000139537"	5.33226225696831e-07	0.000900816826640183	3	1	0.62085356586036	1	1
"ENSG00000196141"	"ENSG00000196141"	3.63662126347822e-16	0.000930926994534972	10	1	-0.216563420272322	1	1
"ENSG00000242247"	"ENSG00000242247"	0.00160912715798709	0.000971694186596563	3	1	0.238753797285085	1	1
"ENSG00000141905"	"ENSG00000141905"	0.0165032810762556	0.000973367722383592	6	1	0.18867785218766	1	1
"ENSG00000152439"	"ENSG00000152439"	7.54697439431891e-05	0.000991703768732542	3	1	0.745166949514154	1	0.833333333333333
"ENSG00000141101"	"ENSG00000141101"	0.0011742515822181	0.00101970049022596	3	1	0.17666040615482	1	1
"ENSG00000122861"	"ENSG00000122861"	0.000108592944133667	0.00103099440671438	3	1	-0.281812817646142	1	1
"ENSG00000123992"	"ENSG00000123992"	0.00995166348820993	0.00104872306492367	7	1	-0.193051829965274	1	1
"ENSG00000136425"	"ENSG00000136425"	0.000482960516824902	0.00105749066134351	4	1	-0.338955303170009	1	1
"ENSG00000119537"	"ENSG00000119537"	1.43472549318516e-17	0.00105770925473574	4	1	-0.815780433617195	1	1
"ENSG00000012211"	"ENSG00000012211"	0.000181890401637115	0.00107023856148451	3	1	-0.371901421692949	1	1
"ENSG00000185624"	"ENSG00000185624"	3.18309883366059e-07	0.00107652441472263	3	1	-0.122773560390934	1	1
"ENSG00000129128"	"ENSG00000129128"	8.1809339813995e-19	0.00108569262639163	3	1	-0.742650292258918	1	1
"ENSG00000105568"	"ENSG00000105568"	3.72328164201991e-08	0.00110417385419221	3	1	0.229683919255328	1	1
"ENSG00000005206"	"ENSG00000005206"	6.75381161900402e-08	0.00111761717494368	10	2	-0.349126826889376	1	1
"ENSG00000151500"	"ENSG00000151500"	0.00579191143774531	0.00115298234446769	4	2	-0.207595967240156	1	1
"ENSG00000166012"	"ENSG00000166012"	3.22901397756557e-12	0.00116189791077086	6	1	0.445025990756573	1	1
"ENSG00000153406"	"ENSG00000153406"	0.0095161990634449	0.00118593438956512	4	1	0.341092728678207	1	1
"ENSG00000185947"	"ENSG00000185947"	8.06774452617886e-05	0.00118605729139683	3	1	-0.589158516373066	1	0.833333333333333
"ENSG00000143499"	"ENSG00000143499"	0.00038848820000132	0.00121530635973936	3	1	0.216295698730034	1	1
"ENSG00000176945"	"ENSG00000176945"	9.41358610077203e-11	0.00122069771239982	8	1	-0.282622438082098	1	1
"ENSG00000164934"	"ENSG00000164934"	2.52276482337717e-41	0.00124964179247609	4	1	-0.699729330664707	1	1
"ENSG00000130396"	"ENSG00000130396"	2.67366118011654e-07	0.00125774811432319	3	1	0.88507263790291	1	0.833333333333333
"ENSG00000070526"	"ENSG00000070526"	1.11786443461523e-15	0.0012665966528101	5	1	0.22005068345953	1	1
"ENSG00000137720"	"ENSG00000137720"	0.00649347103970695	0.00129845609120651	3	2	-0.376544174154736	1	1
"ENSG00000172845"	"ENSG00000172845"	2.60144665530968e-15	0.00136306310854056	4	1	0.89209273134424	1	0.833333333333333
"ENSG00000163110"	"ENSG00000163110"	0.000456804914369574	0.00149293717669273	5	1	-0.210154913273585	1	1
"ENSG00000133606"	"ENSG00000133606"	1.19671885994901e-07	0.00149989767253305	6	1	0.276441391193448	1	1
"ENSG00000104960"	"ENSG00000104960"	0.00874970322473395	0.00152197395521714	4	2	-0.449593452715937	1	1
"ENSG00000172785"	"ENSG00000172785"	1.61324916415769e-19	0.00157647656504119	11	1	-0.507396235321242	1	1
"ENSG00000198498"	"ENSG00000198498"	0.00113052005576489	0.00159006404668249	5	1	-0.394689013246004	1	1
"ENSG00000213676"	"ENSG00000213676"	0.00757260218316779	0.00181121904690429	3	1	0.309738255324229	1	1
"ENSG00000103351"	"ENSG00000103351"	0.000161153561687611	0.00189030278298472	3	1	-0.288839251293309	1	1
"ENSG00000100949"	"ENSG00000100949"	1.10764137663922e-06	0.00191216828686486	5	1	-0.446670422626017	1	1
"ENSG00000146267"	"ENSG00000146267"	0.000790061363132135	0.00191881681168818	5	1	0.614293688488107	1	0.833333333333333
"ENSG00000079462"	"ENSG00000079462"	0.00272793956590015	0.00194555222085533	4	2	0.197923434141141	1	1
"ENSG00000148229"	"ENSG00000148229"	8.37863582321991e-06	0.00201333348486628	4	1	-0.450128913045494	1	1
"ENSG00000110328"	"ENSG00000110328"	0.000437225827107661	0.00208321287104694	3	1	-0.26500089806179	1	1
"ENSG00000172058"	"ENSG00000172058"	0.00835989997849942	0.00228310000011678	3	2	-0.35614663500812	1	1
"ENSG00000127452"	"ENSG00000127452"	4.25022097906873e-05	0.0022927152337448	5	1	-0.553901424996207	1	0.833333333333333
"ENSG00000141504"	"ENSG00000141504"	2.69908144527258e-09	0.002345253295011	5	1	-0.234866655690455	1	1
"ENSG00000107581"	"ENSG00000107581"	0.000645995811078808	0.00237694153586112	4	1	-0.391020768819413	1	1
"ENSG00000142599"	"ENSG00000142599"	0.000108029826340148	0.00253782700018342	4	1	-0.276081743783811	1	1
"ENSG00000172830"	"ENSG00000172830"	5.24395516694749e-07	0.00255230039931225	4	1	0.547618135387273	1	1
"ENSG00000130560"	"ENSG00000130560"	0.0136514613594703	0.00262320933675962	3	2	0.191839528718678	1	1
"ENSG00000114354"	"ENSG00000114354"	1.1696985723572e-19	0.00262756746192043	5	1	-0.218816711126638	1	1
"ENSG00000112972"	"ENSG00000112972"	0.000644680247469433	0.00268081039932224	5	1	0.441728767187769	1	1
"ENSG00000071539"	"ENSG00000071539"	0.000152459228749988	0.00277948796003527	6	1	-0.509175285316135	1	1
"ENSG00000145191"	"ENSG00000145191"	1.14556369712527e-08	0.00280983239917383	6	1	0.289009276643357	1	1
"ENSG00000153187"	"ENSG00000153187"	2.53994278421024e-07	0.00281161755896541	4	2	-0.499999806655431	1	1
"ENSG00000144659"	"ENSG00000144659"	1.14260408460947e-05	0.00282112010413591	3	1	-0.544224927150303	1	1
"ENSG00000197885"	"ENSG00000197885"	0.00234280057260865	0.00283888059578685	3	1	-0.556851343898991	1	1
"ENSG00000117228"	"ENSG00000117228"	6.97560961718334e-08	0.00295425040102706	5	1	-0.289778235398735	1	1
"ENSG00000068305"	"ENSG00000068305"	3.70692534008765e-05	0.00297154402397634	6	1	-0.390219930788152	1	1
"ENSG00000068745"	"ENSG00000068745"	1.00715489006801e-05	0.00297871807331008	4	1	-0.211153006495879	1	1
"ENSG00000066855"	"ENSG00000066855"	0.000174191952626729	0.00298753228812592	3	1	0.629636476258536	1	1
"ENSG00000142273"	"ENSG00000142273"	0.000627771615737976	0.00303415401806211	5	1	0.293790757760065	1	1
"ENSG00000198791"	"ENSG00000198791"	0.00130369531015118	0.00305741688750921	5	1	0.240821155393004	1	1
"ENSG00000071626"	"ENSG00000071626"	0.0159735593189881	0.00308068582777657	4	1	-0.288088446075147	1	1
"ENSG00000163597"	"ENSG00000163597"	3.91109857193038e-18	0.0030967242037027	7	1	-0.284304334609677	1	1
"ENSG00000067113"	"ENSG00000067113"	0.00408910466580681	0.00310561600399106	3	1	0.528307710570116	1	1
"ENSG00000167193"	"ENSG00000167193"	0.0119104182860191	0.00314360313221736	4	2	0.478491631130011	1	1
"ENSG00000114120"	"ENSG00000114120"	9.83696094726986e-06	0.00314937219922551	7	1	-0.225682241611037	1	1
"ENSG00000103978"	"ENSG00000103978"	0.000207869027485632	0.00317661315538054	5	1	0.268412019805288	1	1
"ENSG00000204351"	"ENSG00000204351"	0.00668105114674022	0.00330394756802384	3	1	-0.70635688550442	1	0.833333333333333
"ENSG00000039650"	"ENSG00000039650"	0.00053390078438541	0.00333846183736376	6	2	-0.265642957823989	1	1
"ENSG00000127314"	"ENSG00000127314"	3.83841734716695e-25	0.00344302883222724	4	1	0.250482948040803	1	1
"ENSG00000105088"	"ENSG00000105088"	0.00747552877325925	0.0034584701793636	3	1	0.218679707267401	1	1
"ENSG00000154102"	"ENSG00000154102"	0.0177355203214345	0.00351706978975194	3	1	0.177616019708623	1	1
"ENSG00000105479"	"ENSG00000105479"	0.0252282360910461	0.00364904541185904	5	1	0.364888077674719	1	0.833333333333333
"ENSG00000164062"	"ENSG00000164062"	0.00632424974762776	0.00371963955633506	3	2	-0.370692370620496	1	1
"ENSG00000156256"	"ENSG00000156256"	8.302941702179e-11	0.00374874133704283	5	2	-0.48573873089001	1	0.833333333333333
"ENSG00000169228"	"ENSG00000169228"	1.36873839676041e-05	0.00387174258146817	5	1	-0.222813928702524	1	1
"ENSG00000149179"	"ENSG00000149179"	0.0109653787981351	0.00387755297070649	7	1	-0.200546531097108	1	1
"ENSG00000136826"	"ENSG00000136826"	6.21757070736454e-09	0.00387973687265666	5	2	-0.267501813161134	1	1
"ENSG00000185722"	"ENSG00000185722"	0.000822087677390666	0.00390103414820214	4	1	-0.533330434909034	1	0.833333333333333
"ENSG00000163520"	"ENSG00000163520"	0.000307906899000392	0.00406631927718079	3	1	0.427828989562801	1	0.833333333333333
"ENSG00000026025"	"ENSG00000026025"	0.000414993974404135	0.00414974381008675	3	1	-0.438834969598388	1	1
"ENSG00000111481"	"ENSG00000111481"	0.0141213441667739	0.0042949500946637	3	1	0.164194393394118	1	1
"ENSG00000171566"	"ENSG00000171566"	0.00422476099557361	0.00433019004753708	3	1	0.206733701249201	1	1
"ENSG00000090006"	"ENSG00000090006"	2.42198420066666e-12	0.00438286307123464	11	1	0.174322413661052	1	1
"ENSG00000177731"	"ENSG00000177731"	0.018803002110369	0.00439523254955126	4	1	-0.212112957077189	1	1
"ENSG00000066322"	"ENSG00000066322"	5.40464908128191e-08	0.00457483556914144	4	1	-0.246791370460842	1	1
"ENSG00000148735"	"ENSG00000148735"	8.62969876450539e-10	0.00467287927509482	6	1	0.212188135095039	1	1
"ENSG00000074696"	"ENSG00000074696"	3.72524947881037e-06	0.00472943862444704	3	1	-0.34753179665137	1	1
"ENSG00000099260"	"ENSG00000099260"	0.0195788515601507	0.00476074407595091	3	1	-0.547765395613583	1	1
"ENSG00000103811"	"ENSG00000103811"	0.000264009541238903	0.00477449455408079	5	1	-0.565496128732236	1	1
"ENSG00000164120"	"ENSG00000164120"	1.33933356518077e-09	0.0047886210201342	7	1	-0.209944855096658	1	1
"ENSG00000116133"	"ENSG00000116133"	0.00106358521413721	0.00493017564002834	4	1	0.598724841563667	1	1
"ENSG00000112473"	"ENSG00000112473"	0.0248938245138885	0.00497475381969547	3	2	-0.24764941054397	1	1
"ENSG00000107164"	"ENSG00000107164"	7.50071680133621e-10	0.0050065772637873	4	1	-0.363032865963936	1	1
"ENSG00000112655"	"ENSG00000112655"	0.00133349575089603	0.00506898791922332	5	1	-0.484848485773472	1	1
"ENSG00000171425"	"ENSG00000171425"	0.0210667294051932	0.0051520050743301	3	2	-0.219805784478045	1	1
"ENSG00000151665"	"ENSG00000151665"	1.3602783545933e-41	0.00516090037703276	7	1	-0.716289296551497	1	1
"ENSG00000119636"	"ENSG00000119636"	0.000769300716754444	0.00533845320090177	7	1	-0.366366340318949	1	1
"ENSG00000115464"	"ENSG00000115464"	5.13263496233906e-06	0.00534148763770048	5	1	0.459246233268854	1	1
"ENSG00000104695"	"ENSG00000104695"	0.0218212584513761	0.00536539777246725	3	2	0.249095225038277	1	1
"ENSG00000238142"	"ENSG00000238142"	0.0173322349551945	0.00541193507430307	4	1	-0.362273017096003	1	1
"ENSG00000128923"	"ENSG00000128923"	0.0189563106391212	0.00542569258515597	3	1	-0.196753863809265	1	1
"ENSG00000182944"	"ENSG00000182944"	1.52041266223967e-18	0.00545484671623549	12	2	0.269230941441852	1	1
"ENSG00000198563"	"ENSG00000198563"	2.39797005334909e-17	0.00547459365257977	5	1	0.233305094408541	1	1
"ENSG00000108946"	"ENSG00000108946"	5.10282427110078e-15	0.00558928542901525	9	1	0.423307564544367	1	1
"ENSG00000197586"	"ENSG00000197586"	0.00125727735714374	0.00562666760580754	6	1	-0.513634816003688	1	0.833333333333333
"ENSG00000177994"	"ENSG00000177994"	4.02752757451475e-07	0.00572349383281008	5	1	-0.763578231800269	1	0.833333333333333
"ENSG00000159346"	"ENSG00000159346"	6.315999999109e-12	0.00585184691300865	4	1	-0.266619387407383	1	1
"ENSG00000008283"	"ENSG00000008283"	0.000289775686589117	0.00585196970663765	6	1	0.632124382250947	1	0.833333333333333
"ENSG00000088930"	"ENSG00000088930"	3.42868931645252e-23	0.00595704559148057	4	1	0.499617761382483	1	1
"ENSG00000176102"	"ENSG00000176102"	1.10764137663922e-06	0.00605374394213874	6	1	0.430618215473275	1	1
"ENSG00000175482"	"ENSG00000175482"	5.07302083522039e-07	0.00607201079098405	7	1	-0.194638824465304	1	1
"ENSG00000143418"	"ENSG00000143418"	0.0332480059909863	0.00622845282790595	3	1	-0.505087539451934	1	1
"ENSG00000088836"	"ENSG00000088836"	1.55754736448885e-19	0.00654581231256011	8	1	0.507477125744159	1	0.833333333333333
"ENSG00000156603"	"ENSG00000156603"	0.028165708127493	0.00662889353940905	3	2	0.225755182553768	1	1
"ENSG00000087903"	"ENSG00000087903"	3.87455535715945e-07	0.00666523214723283	5	1	-0.641034589188247	1	1
"ENSG00000152642"	"ENSG00000152642"	5.49395424522283e-11	0.00684859558193377	5	1	0.590074848022612	1	0.666666666666667
"ENSG00000129636"	"ENSG00000129636"	1.93017875181191e-08	0.00685111643914927	4	1	0.447034879530267	1	1
"ENSG00000154380"	"ENSG00000154380"	9.39395989137902e-06	0.00691198472849081	6	1	0.252251187001093	1	1
"ENSG00000173041"	"ENSG00000173041"	0.000656299440766324	0.00729658680352724	3	1	0.489498194705835	1	1
"ENSG00000173540"	"ENSG00000173540"	3.63036871387738e-05	0.00734433967748766	3	1	0.260045620760665	1	1
"ENSG00000128463"	"ENSG00000128463"	0.000210790005229991	0.00748864564312722	4	1	-0.190932315833775	1	1
"ENSG00000187054"	"ENSG00000187054"	0.00242531622919978	0.00788746888686673	3	1	-0.344348562975487	1	1
"ENSG00000132589"	"ENSG00000132589"	0.00307747862855879	0.00794431586161078	3	1	-0.38745348588244	1	1
"ENSG00000253716"	"ENSG00000253716"	0.016811904554821	0.00805092620007508	4	1	-0.459995704061222	1	1
"ENSG00000116729"	"ENSG00000116729"	0.000997774715447164	0.00812542375480891	5	1	-0.2295022432823	1	1
"ENSG00000105856"	"ENSG00000105856"	4.4702643227626e-10	0.00823293804602677	5	1	-0.276036635412504	1	1
"ENSG00000004866"	"ENSG00000004866"	0.000297805392473156	0.00824645349639832	3	1	0.906591793438165	1	0.666666666666667
"ENSG00000100100"	"ENSG00000100100"	0.0132082186401418	0.0083001896233521	3	1	-0.19480505733277	1	1
"ENSG00000167671"	"ENSG00000167671"	0.0197800371667127	0.00836589153059098	4	1	-0.22919513159257	1	1
"ENSG00000155636"	"ENSG00000155636"	0.0205005168600776	0.00853975531214128	3	1	-0.423324904924988	1	1
"ENSG00000104611"	"ENSG00000104611"	1.15029909534923e-06	0.00857632147962638	8	1	-0.235759743117657	1	1
"ENSG00000116560"	"ENSG00000116560"	5.98369435584569e-12	0.00872664091172627	5	1	-0.863181350610336	1	1
"ENSG00000069812"	"ENSG00000069812"	0.00103790747793384	0.00874204338050363	3	1	-0.663087291651782	1	1
"ENSG00000133318"	"ENSG00000133318"	3.04319793646871e-06	0.00888692699007404	4	1	-0.198536305678695	1	1
"ENSG00000121864"	"ENSG00000121864"	0.00517197573256036	0.00895972572873789	4	1	-0.636360434212836	0.833333333333333	0.666666666666667
"ENSG00000079999"	"ENSG00000079999"	0.00157082557182531	0.00906946518304699	5	1	0.269256068587438	1	1
"ENSG00000171298"	"ENSG00000171298"	0.0296744255222428	0.00908108400340777	3	1	-0.42033042822354	1	1
"ENSG00000175106"	"ENSG00000175106"	0.0305935878207067	0.00910791682091799	5	1	0.363245996383398	1	0.833333333333333
"ENSG00000100294"	"ENSG00000100294"	0.00102492873257866	0.00938831924315113	5	1	0.268944439092728	1	1
"ENSG00000171302"	"ENSG00000171302"	0.00136819738198148	0.00975460529354033	5	1	0.672964912377545	1	0.666666666666667
"ENSG00000128928"	"ENSG00000128928"	0.0397463893868867	0.0100281155584052	3	2	-0.331762698926909	1	1
"ENSG00000155463"	"ENSG00000155463"	0.00998804570751731	0.0100283938198372	3	1	-0.180112072842942	1	1
"ENSG00000197785"	"ENSG00000197785"	2.39528273737428e-05	0.0101457505142617	4	1	0.345693346423557	1	1
"ENSG00000197965"	"ENSG00000197965"	0.000742170573281752	0.0102729326713399	4	1	-0.40272842764868	1	1
"ENSG00000068079"	"ENSG00000068079"	1.54417734959338e-05	0.0103910670637387	3	1	-0.219007877865833	1	1
"ENSG00000151502"	"ENSG00000151502"	0.0105605979848859	0.0106148321151919	3	1	-0.410136300591995	1	1
"ENSG00000136840"	"ENSG00000136840"	1.17085215192555e-05	0.0108313193320079	5	1	0.492639005721412	1	1
"ENSG00000160058"	"ENSG00000160058"	1.36458513797861e-09	0.0110452253656993	4	1	-0.698945115648233	1	1
"ENSG00000103342"	"ENSG00000103342"	1.14443045864683e-07	0.0110743292359292	4	2	-0.770796219498203	1	1
"ENSG00000147677"	"ENSG00000147677"	0.0118628451057893	0.0110934975567896	5	1	0.210460106659082	1	1
"ENSG00000131558"	"ENSG00000131558"	0.00222140669914701	0.0112013838158193	5	1	0.244200910282674	1	1
"ENSG00000125743"	"ENSG00000125743"	0.00075031035947064	0.011315708001729	3	1	-0.321425481867221	1	1
"ENSG00000084072"	"ENSG00000084072"	0.0466226097200508	0.011363194181825	3	1	-0.207734848666256	1	1
"ENSG00000012061"	"ENSG00000012061"	7.33131874750277e-08	0.0117680237494797	7	1	0.276923064353338	1	1
"ENSG00000058799"	"ENSG00000058799"	0.0410890285246034	0.0119271111864833	4	1	0.51559731284118	1	0.833333333333333
"ENSG00000168010"	"ENSG00000168010"	0.0424679182940399	0.0120059928589764	3	1	0.287439375876886	1	1
"ENSG00000111142"	"ENSG00000111142"	4.95853393429982e-08	0.012008199331023	5	1	-0.276700111019583	1	1
"ENSG00000116990"	"ENSG00000116990"	0.0150944304831922	0.0122578761232408	3	1	-0.410206815474264	1	1
"ENSG00000132773"	"ENSG00000132773"	2.75205677534597e-05	0.0122642034609371	3	1	-0.692303260865709	1	1
"ENSG00000158092"	"ENSG00000158092"	3.3828744549512e-12	0.0129318310450554	6	1	0.224084715382096	1	1
"ENSG00000148672"	"ENSG00000148672"	0.00287165379667998	0.013047743101061	3	1	0.689937515755712	0.833333333333333	0.833333333333333
"ENSG00000104774"	"ENSG00000104774"	0.0452498138786656	0.0131755053880339	3	2	-0.263154820884372	1	1
"ENSG00000185420"	"ENSG00000185420"	0.00758306342687698	0.0138451956819743	5	1	0.257926801076813	1	1
"ENSG00000145916"	"ENSG00000145916"	0.0170492062311739	0.0138796650849529	4	1	0.311126127971418	1	1
"ENSG00000166167"	"ENSG00000166167"	1.88155684432592e-05	0.0141251575699615	4	1	0.721594883311786	1	1
"ENSG00000159884"	"ENSG00000159884"	1.62044716925594e-05	0.0143137156853664	6	2	-0.395089617095708	1	1
"ENSG00000135363"	"ENSG00000135363"	7.27178900380893e-23	0.0146348352199357	5	2	-0.451017201282621	1	1
"ENSG00000173442"	"ENSG00000173442"	1.55952143292415e-05	0.0148451803513794	8	1	-0.428849467473294	1	1
"ENSG00000198522"	"ENSG00000198522"	0.036300970376146	0.0149685124094906	3	2	-0.282142102948799	1	1
"ENSG00000213614"	"ENSG00000213614"	0.0134686793314285	0.0151515039234636	3	1	0.164104408201239	1	1
"ENSG00000183889"	"ENSG00000183889"	0.000149070141878376	0.01556845938077	4	1	-0.438461388301497	1	1
"ENSG00000198015"	"ENSG00000198015"	9.5107205412252e-06	0.0158643435915644	3	1	-0.238782758413008	1	1
"ENSG00000181090"	"ENSG00000181090"	0.000935278555494055	0.0159748730491164	3	1	-0.792143483146618	0.833333333333333	0.666666666666667
"ENSG00000171124"	"ENSG00000171124"	0.00338025228527768	0.0161520643503268	5	1	0.230158993163999	1	1
"ENSG00000141985"	"ENSG00000141985"	6.7306273718662e-05	0.016435868188954	4	1	0.19292948821488	1	1
"ENSG00000170545"	"ENSG00000170545"	8.82842677631923e-13	0.0164703459194871	4	1	-0.319758308915111	1	1
"ENSG00000073578"	"ENSG00000073578"	1.39981945046925e-34	0.0166831286198597	5	1	-0.454914811278887	1	1
"ENSG00000213593"	"ENSG00000213593"	2.75532505576056e-06	0.0167183858770198	4	1	0.193472786221417	1	1
"ENSG00000151148"	"ENSG00000151148"	0.00453097814780202	0.01673183843837	3	1	-0.576172607396071	1	1
"ENSG00000013441"	"ENSG00000013441"	0.00501225943442058	0.0170388626501949	6	1	-0.403846302321647	1	1
"ENSG00000010404"	"ENSG00000010404"	0.0322056182123561	0.0171732708739407	3	1	-0.204414325810745	1	1
"ENSG00000159714"	"ENSG00000159714"	1.33745326416305e-11	0.0172161502160487	8	1	0.444847542753402	1	1
"ENSG00000120708"	"ENSG00000120708"	0.000885970855204362	0.0175751389234774	3	1	-0.337428367325693	1	1
"ENSG00000176597"	"ENSG00000176597"	1.92482722806146e-07	0.0183705207628142	5	1	0.237173759164239	1	1
"ENSG00000068796"	"ENSG00000068796"	0.000151532661316444	0.0189201209846261	3	1	-0.366024575383558	1	1
"ENSG00000168936"	"ENSG00000168936"	5.8792004389769e-13	0.0190406920383105	7	1	-0.431818255056486	1	0.833333333333333
"ENSG00000163093"	"ENSG00000163093"	0.000349686022311968	0.019360511308139	3	1	-0.484114899373327	1	0.833333333333333
"ENSG00000065548"	"ENSG00000065548"	5.63106482917498e-43	0.0199277207163671	3	1	0.599081877731786	1	1
"ENSG00000049759"	"ENSG00000049759"	4.10268671532161e-07	0.0199775018984075	5	1	-0.265527915132516	1	1
"ENSG00000137193"	"ENSG00000137193"	0.00991616522273404	0.0202389312745164	4	1	0.292237741375693	1	1
"ENSG00000108604"	"ENSG00000108604"	6.64326086761396e-08	0.0202717775695843	4	1	-0.615736279308657	1	1
"ENSG00000172062"	"ENSG00000172062"	3.96453963801897e-06	0.0205367496919755	4	1	-0.364864451343853	1	1
"ENSG00000094755"	"ENSG00000094755"	1.37701161485074e-06	0.0212498391279408	5	1	0.248364395792147	1	1
"ENSG00000127914"	"ENSG00000127914"	0.000739170672044604	0.0216859398983998	4	1	0.259879166394673	1	1
"ENSG00000100029"	"ENSG00000100029"	0.0443487554492562	0.0220551158138559	4	1	-0.362296869725818	1	1
"ENSG00000211455"	"ENSG00000211455"	0.0165742266431494	0.0223833224791872	3	1	0.563725574439012	1	0.833333333333333
"ENSG00000276850"	"ENSG00000276850"	3.28938722868985e-06	0.0224781935177951	7	1	-0.401585090265187	1	1
"ENSG00000182518"	"ENSG00000182518"	0.0284351452005667	0.0227922847734541	4	1	0.174439515785422	1	1
"ENSG00000138668"	"ENSG00000138668"	2.01174665962171e-07	0.0228454711933344	7	1	0.1967946538209	1	1
"ENSG00000087053"	"ENSG00000087053"	0.0139148670494534	0.0228603047865849	3	1	0.529999747533122	1	1
"ENSG00000105855"	"ENSG00000105855"	0.0111083619862824	0.0229086065276786	3	1	0.331615712369712	1	1
"ENSG00000167550"	"ENSG00000167550"	0.0354776894984126	0.0230704701881569	3	1	-0.641014217062662	1	0.833333333333333
"ENSG00000089737"	"ENSG00000089737"	1.65091049929657e-09	0.0232141716675424	6	1	-0.295081957213061	1	1
"ENSG00000119943"	"ENSG00000119943"	0.00612548808869305	0.0232761894805381	3	1	-0.555741864186965	1	0.666666666666667
"ENSG00000244274"	"ENSG00000244274"	0.029595378259149	0.023325887037661	4	1	0.165916803302258	1	1
"ENSG00000139168"	"ENSG00000139168"	6.25385193701704e-05	0.0234835401498478	4	1	0.766665519095951	1	1
"ENSG00000007541"	"ENSG00000007541"	0.0400284807358745	0.0247826310120148	4	1	-0.29325415659756	1	1
"ENSG00000174738"	"ENSG00000174738"	0.0372329053456572	0.0249806218519461	3	1	-0.251973531185994	1	1
"ENSG00000146733"	"ENSG00000146733"	1.79831871299129e-17	0.0249975970672268	5	1	-0.724999998688603	1	1
"ENSG00000104886"	"ENSG00000104886"	1.70533591845573e-10	0.0251510602981713	8	1	-0.342739432403401	1	1
"ENSG00000134108"	"ENSG00000134108"	0.00192736838978195	0.0253095629986448	4	1	-0.342307549770062	1	1
"ENSG00000075539"	"ENSG00000075539"	0.000218117106463714	0.0254016128438657	4	1	0.449771432425831	1	0.833333333333333
"ENSG00000204256"	"ENSG00000204256"	2.92299702413156e-08	0.0255100785931036	6	1	0.338460809627128	1	1
"ENSG00000101940"	"ENSG00000101940"	2.02154159748881e-15	0.0255852875901395	5	1	0.3714284477853	1	1
"ENSG00000162069"	"ENSG00000162069"	0.00325287801782543	0.0255977890985455	4	1	0.166519440890465	1	1
"ENSG00000204054"	"ENSG00000204054"	1.4333501897037e-06	0.0261067928219204	10	1	0.215679034289893	1	1
"ENSG00000224259"	"ENSG00000224259"	0.0335718505431361	0.0261942283330792	3	1	0.174981482239941	1	1
"ENSG00000184887"	"ENSG00000184887"	1.37321498792265e-09	0.0264187003690981	4	1	-0.768272355455289	1	0.833333333333333
"ENSG00000204386"	"ENSG00000204386"	0.00859090170622926	0.0265297585580576	3	1	-0.909362153809317	0.833333333333333	0.5
"ENSG00000115648"	"ENSG00000115648"	0.0241152787461644	0.0268389263006228	7	1	0.230528108539079	1	1
"ENSG00000042317"	"ENSG00000042317"	1.15189176133911e-06	0.0269955156277724	8	1	0.366826119152479	1	1
"ENSG00000068912"	"ENSG00000068912"	0.00198091251668657	0.0272340681189241	4	1	-0.388004545464228	1	1
"ENSG00000136240"	"ENSG00000136240"	1.14307049300243e-18	0.0272564420319831	4	1	0.498936849366039	1	1
"ENSG00000163322"	"ENSG00000163322"	0.0039036896703294	0.0275993348916863	5	1	-0.591010099665506	1	0.833333333333333
"ENSG00000095002"	"ENSG00000095002"	2.75407550220018e-06	0.0277025576569062	3	1	-0.866645768724437	1	0.833333333333333
"ENSG00000148719"	"ENSG00000148719"	2.19943340070662e-11	0.0285365860089025	9	1	0.365761774474754	1	1
"ENSG00000121578"	"ENSG00000121578"	0.00346903796064907	0.029168730707222	5	1	0.147522424247412	1	1
"ENSG00000230513"	"ENSG00000230513"	0.0200836922054695	0.0291999031679826	3	1	-0.411003399729387	1	1
"ENSG00000125375"	"ENSG00000125375"	0.0221287942568904	0.0295140659107161	3	1	0.438506606533048	1	1
"ENSG00000196998"	"ENSG00000196998"	0.0126111650152618	0.0299426328004379	3	1	-0.127974661232043	1	1
"ENSG00000154080"	"ENSG00000154080"	0.00722902938692584	0.0309556953391131	4	1	0.221527690118615	1	1
"ENSG00000230124"	"ENSG00000230124"	2.76511211858829e-06	0.031004117101652	5	1	-0.179683515458186	1	1
"ENSG00000149201"	"ENSG00000149201"	8.44780711696243e-05	0.031062199557781	4	1	-0.474728526216666	1	1
"ENSG00000165533"	"ENSG00000165533"	0.000158268445460465	0.0311651351614217	5	1	0.592564064852131	1	1
"ENSG00000215256"	"ENSG00000215256"	0.0476432802936839	0.031229153056315	3	1	-0.321073781212129	1	1
"ENSG00000183255"	"ENSG00000183255"	0.00191368358004779	0.0319962524133969	5	1	0.145142506816671	1	1
"ENSG00000167693"	"ENSG00000167693"	0.00811491450889117	0.0322605453810932	3	1	-0.366221274205831	1	1
"ENSG00000149547"	"ENSG00000149547"	7.04706393811953e-09	0.0330778892253887	6	1	0.337485927015534	1	1
"ENSG00000070404"	"ENSG00000070404"	0.0370902774814565	0.0332439074223115	4	1	0.457345609161025	1	1
"ENSG00000140104"	"ENSG00000140104"	0.00777913914916494	0.0336535959004	3	1	0.490270039253607	1	1
"ENSG00000114331"	"ENSG00000114331"	0.000257317661042408	0.0338740537994603	6	1	0.292424683545347	1	1
"ENSG00000068028"	"ENSG00000068028"	0.013065009003505	0.0343571239012659	4	1	-0.333527871367798	1	1
"ENSG00000243667"	"ENSG00000243667"	0.00159998106709661	0.0347642280166584	3	1	-0.877203865200992	1	0.5
"ENSG00000122033"	"ENSG00000122033"	0.00111276879551663	0.0348806449727506	6	1	0.226582861189293	1	1
"ENSG00000124074"	"ENSG00000124074"	7.4315610711534e-19	0.0349520296512013	3	1	0.807644518650403	1	1
"ENSG00000100083"	"ENSG00000100083"	9.62827136850825e-11	0.0352139768266861	4	1	-0.372376556542264	1	1
"ENSG00000213246"	"ENSG00000213246"	7.65281034437428e-07	0.0365348817558113	5	1	0.18774133954014	1	1
"ENSG00000077254"	"ENSG00000077254"	1.42727781521691e-07	0.0366376620106049	3	1	0.912204800063018	1	0.666666666666667
"ENSG00000135108"	"ENSG00000135108"	0.0408452003722718	0.0372403960061105	3	1	0.315054733001457	1	1
"ENSG00000131187"	"ENSG00000131187"	0.0046300890307314	0.0382151749199564	5	1	0.432226113740198	1	1
"ENSG00000076928"	"ENSG00000076928"	0.0159578812765296	0.0391695450331001	3	1	0.367668709297816	1	1
"ENSG00000005801"	"ENSG00000005801"	0.0227231915319627	0.0407070979911069	7	1	0.500164044055048	1	1
"ENSG00000151150"	"ENSG00000151150"	0.00127012353818711	0.0411158881240809	3	1	-0.65795125907879	1	0.833333333333333
"ENSG00000087087"	"ENSG00000087087"	3.49561230824288e-07	0.041191716380519	8	1	-0.328820707306268	1	1
"ENSG00000186522"	"ENSG00000186522"	0.000348967592520863	0.041408766673653	6	1	-0.277128760409326	1	1
"ENSG00000237765"	"ENSG00000237765"	0.000309380349695849	0.0417209185309941	9	1	0.159718524064267	1	1
"ENSG00000184216"	"ENSG00000184216"	0.0409602472526566	0.0426952648670246	4	1	0.324694196519605	1	1
"ENSG00000141738"	"ENSG00000141738"	0.000192879227186657	0.0436119850929343	4	1	0.661434395809816	0.833333333333333	0.833333333333333
"ENSG00000119950"	"ENSG00000119950"	0.00055768677078462	0.0436385948961414	6	1	0.291665437503751	1	1
"ENSG00000109339"	"ENSG00000109339"	1.89460286433567e-18	0.0444959644518687	13	1	0.185648484598394	1	1
"ENSG00000169592"	"ENSG00000169592"	0.00109686613996832	0.0459267808585457	4	1	-0.385288604521838	1	1
"ENSG00000167900"	"ENSG00000167900"	0.00379271367355484	0.0460466010987493	4	2	-0.243535979570846	1	1
"ENSG00000178038"	"ENSG00000178038"	0.0195992070451495	0.0484679814091783	4	1	-0.24894924355303	1	1
"ENSG00000162613"	"ENSG00000162613"	1.22917782653989e-06	0.0499388214879998	5	1	0.319035402934715	1	1
